#
# A fatal error has been detected by the Java Runtime Environment:
#
#  SIGSEGV (0xb) at pc=0x00007196e4409018, pid=344, tid=367
#
# JRE version: OpenJDK Runtime Environment (21.0.2+13) (build 21.0.2+13-58)
# Java VM: OpenJDK 64-Bit Server VM (21.0.2+13-58, mixed mode, sharing, tiered, compressed oops, compressed class ptrs, g1 gc, linux-amd64)
# Problematic frame:
# C  [libdecora_sse.so+0x9018]  Java_com_sun_scenario_effect_impl_sw_sse_SSELinearConvolveShadowPeer_filterHV+0x238
#
# No core dump will be written. Core dumps have been disabled. To enable core dumping, try "ulimit -c unlimited" before starting Java again
#
# If you would like to submit a bug report, please visit:
#   https://bugreport.java.com/bugreport/crash.jsp
# The crash happened outside the Java Virtual Machine in native code.
# See problematic frame for where to report the bug.
#

---------------  S U M M A R Y ------------

Command Line: -javaagent:/app/IDEA-C/lib/idea_rt.jar=35125:/app/IDEA-C/bin -Dfile.encoding=UTF-8 -Dsun.stdout.encoding=UTF-8 -Dsun.stderr.encoding=UTF-8 --module-path=/home/tars/.m2/repository/io/github/palexdev/virtualizedfx/11.9.6/virtualizedfx-11.9.6.jar:/home/tars/IdeaProjects/Tars01/target/classes:/home/tars/.m2/repository/io/github/palexdev/mfxcore/11.8.0/mfxcore-11.8.0.jar:/home/tars/.m2/repository/io/github/palexdev/materialfx/11.17.0/materialfx-11.17.0.jar:/home/tars/.m2/repository/io/github/palexdev/mfxeffects/11.3.0/mfxeffects-11.3.0.jar:/home/tars/.m2/repository/org/mindrot/jbcrypt/0.4/jbcrypt-0.4.jar:/home/tars/.m2/repository/io/github/palexdev/mfxlocalization/11.1.0/mfxlocalization-11.1.0.jar:/home/tars/.m2/repository/io/github/palexdev/mfxresources/11.9.1/mfxresources-11.9.1.jar:/home/tars/.m2/repository/org/openjfx/javafx-base/17.0.6/javafx-base-17.0.6-linux.jar:/home/tars/.m2/repository/org/openjfx/javafx-fxml/17.0.6/javafx-fxml-17.0.6-linux.jar:/home/tars/.m2/repository/org/openjfx/javafx-graphics/17.0.6/javafx-graphics-17.0.6-linux.jar:/home/tars/.m2/repository/org/openjfx/javafx-controls/17.0.6/javafx-controls-17.0.6-linux.jar -Djdk.module.main=com.example.tars01 com.example.tars01/com.example.tars01.HelloApplication

Host: AMD Ryzen 3 3200U with Radeon Vega Mobile Gfx, 16 cores, 17G, Freedesktop SDK 23.08 (Flatpak runtime)
Time: Sat May 11 23:17:53 2024 -05 elapsed time: 63.893271 seconds (0d 0h 1m 3s)

---------------  T H R E A D  ---------------

Current thread (0x00007197d0279b60):  JavaThread "QuantumRenderer-0" daemon [_thread_in_native, id=367, stack(0x000071975dc2d000,0x000071975dd2d000) (1024K)]

Stack: [0x000071975dc2d000,0x000071975dd2d000],  sp=0x000071975dd29540,  free space=1009k
Native frames: (J=compiled Java code, j=interpreted, Vv=VM code, C=native code)
C  [libdecora_sse.so+0x9018]  Java_com_sun_scenario_effect_impl_sw_sse_SSELinearConvolveShadowPeer_filterHV+0x238
j  com.sun.scenario.effect.impl.sw.sse.SSELinearConvolveShadowPeer.filterHV([IIIII[IIIII[F[F)V+0 javafx.graphics
j  com.sun.scenario.effect.impl.sw.sse.SSELinearConvolveShadowPeer.filterHV([IIIII[IIIII[F)V+23 javafx.graphics
j  com.sun.scenario.effect.impl.sw.sse.SSELinearConvolvePeer.filter(Lcom/sun/scenario/effect/Effect;Lcom/sun/scenario/effect/impl/state/LinearConvolveRenderState;Lcom/sun/javafx/geom/transform/BaseTransform;Lcom/sun/javafx/geom/Rectangle;[Lcom/sun/scenario/effect/ImageData;)Lcom/sun/scenario/effect/ImageData;+395 javafx.graphics
j  com.sun.scenario.effect.impl.sw.sse.SSELinearConvolvePeer.filter(Lcom/sun/scenario/effect/Effect;Lcom/sun/scenario/effect/impl/state/RenderState;Lcom/sun/javafx/geom/transform/BaseTransform;Lcom/sun/javafx/geom/Rectangle;[Lcom/sun/scenario/effect/ImageData;)Lcom/sun/scenario/effect/ImageData;+11 javafx.graphics
j  com.sun.scenario.effect.LinearConvolveCoreEffect.filterImageDatas(Lcom/sun/scenario/effect/FilterContext;Lcom/sun/javafx/geom/transform/BaseTransform;Lcom/sun/javafx/geom/Rectangle;Lcom/sun/scenario/effect/impl/state/LinearConvolveRenderState;[Lcom/sun/scenario/effect/ImageData;)Lcom/sun/scenario/effect/ImageData;+119 javafx.graphics
j  com.sun.scenario.effect.LinearConvolveCoreEffect.filterImageDatas(Lcom/sun/scenario/effect/FilterContext;Lcom/sun/javafx/geom/transform/BaseTransform;Lcom/sun/javafx/geom/Rectangle;Lcom/sun/scenario/effect/impl/state/RenderState;[Lcom/sun/scenario/effect/ImageData;)Lcom/sun/scenario/effect/ImageData;+11 javafx.graphics
j  com.sun.scenario.effect.FilterEffect.filter(Lcom/sun/scenario/effect/FilterContext;Lcom/sun/javafx/geom/transform/BaseTransform;Lcom/sun/javafx/geom/Rectangle;Ljava/lang/Object;Lcom/sun/scenario/effect/Effect;)Lcom/sun/scenario/effect/ImageData;+178 javafx.graphics
j  com.sun.scenario.effect.Offset.filter(Lcom/sun/scenario/effect/FilterContext;Lcom/sun/javafx/geom/transform/BaseTransform;Lcom/sun/javafx/geom/Rectangle;Ljava/lang/Object;Lcom/sun/scenario/effect/Effect;)Lcom/sun/scenario/effect/ImageData;+35 javafx.graphics
j  com.sun.scenario.effect.Merge.filter(Lcom/sun/scenario/effect/FilterContext;Lcom/sun/javafx/geom/transform/BaseTransform;Lcom/sun/javafx/geom/Rectangle;Ljava/lang/Object;Lcom/sun/scenario/effect/Effect;)Lcom/sun/scenario/effect/ImageData;+27 javafx.graphics
j  com.sun.scenario.effect.DelegateEffect.filter(Lcom/sun/scenario/effect/FilterContext;Lcom/sun/javafx/geom/transform/BaseTransform;Lcom/sun/javafx/geom/Rectangle;Ljava/lang/Object;Lcom/sun/scenario/effect/Effect;)Lcom/sun/scenario/effect/ImageData;+11 javafx.graphics
j  com.sun.scenario.effect.impl.prism.PrEffectHelper.render(Lcom/sun/scenario/effect/Effect;Lcom/sun/prism/Graphics;FFLcom/sun/scenario/effect/Effect;)V+511 javafx.graphics
j  com.sun.javafx.sg.prism.EffectFilter.render(Lcom/sun/prism/Graphics;)V+13 javafx.graphics
j  com.sun.javafx.sg.prism.NGNode.renderEffect(Lcom/sun/prism/Graphics;)V+5 javafx.graphics
J 2110 c1 com.sun.javafx.sg.prism.NGNode.doRender(Lcom/sun/prism/Graphics;)V javafx.graphics (473 bytes) @ 0x00007197b8dae034 [0x00007197b8dac640+0x00000000000019f4]
J 2188 c1 com.sun.javafx.sg.prism.NGNode.render(Lcom/sun/prism/Graphics;)V javafx.graphics (39 bytes) @ 0x00007197b8dc8ee4 [0x00007197b8dc8c60+0x0000000000000284]
J 2994 c1 com.sun.javafx.sg.prism.NGGroup.renderContent(Lcom/sun/prism/Graphics;)V javafx.graphics (422 bytes) @ 0x00007197b8f7420c [0x00007197b8f72e20+0x00000000000013ec]
J 3059 c1 com.sun.javafx.sg.prism.NGRegion.renderContent(Lcom/sun/prism/Graphics;)V javafx.graphics (115 bytes) @ 0x00007197b8fa534c [0x00007197b8fa43c0+0x0000000000000f8c]
J 2110 c1 com.sun.javafx.sg.prism.NGNode.doRender(Lcom/sun/prism/Graphics;)V javafx.graphics (473 bytes) @ 0x00007197b8dae114 [0x00007197b8dac640+0x0000000000001ad4]
J 2188 c1 com.sun.javafx.sg.prism.NGNode.render(Lcom/sun/prism/Graphics;)V javafx.graphics (39 bytes) @ 0x00007197b8dc8ee4 [0x00007197b8dc8c60+0x0000000000000284]
J 2994 c1 com.sun.javafx.sg.prism.NGGroup.renderContent(Lcom/sun/prism/Graphics;)V javafx.graphics (422 bytes) @ 0x00007197b8f7420c [0x00007197b8f72e20+0x00000000000013ec]
J 3059 c1 com.sun.javafx.sg.prism.NGRegion.renderContent(Lcom/sun/prism/Graphics;)V javafx.graphics (115 bytes) @ 0x00007197b8fa534c [0x00007197b8fa43c0+0x0000000000000f8c]
J 2110 c1 com.sun.javafx.sg.prism.NGNode.doRender(Lcom/sun/prism/Graphics;)V javafx.graphics (473 bytes) @ 0x00007197b8dae114 [0x00007197b8dac640+0x0000000000001ad4]
J 2188 c1 com.sun.javafx.sg.prism.NGNode.render(Lcom/sun/prism/Graphics;)V javafx.graphics (39 bytes) @ 0x00007197b8dc8ee4 [0x00007197b8dc8c60+0x0000000000000284]
j  com.sun.javafx.tk.quantum.ViewPainter.doPaint(Lcom/sun/prism/Graphics;Lcom/sun/javafx/sg/prism/NodePath;)V+202 javafx.graphics
j  com.sun.javafx.tk.quantum.ViewPainter.paintImpl(Lcom/sun/prism/Graphics;)V+970 javafx.graphics
j  com.sun.javafx.tk.quantum.UploadingPainter.run()V+746 javafx.graphics
j  java.util.concurrent.Executors$RunnableAdapter.call()Ljava/lang/Object;+4 java.base@21.0.2
j  java.util.concurrent.FutureTask.runAndReset()Z+44 java.base@21.0.2
j  com.sun.javafx.tk.RenderJob.run()V+1 javafx.graphics
j  java.util.concurrent.ThreadPoolExecutor.runWorker(Ljava/util/concurrent/ThreadPoolExecutor$Worker;)V+92 java.base@21.0.2
j  java.util.concurrent.ThreadPoolExecutor$Worker.run()V+5 java.base@21.0.2
j  com.sun.javafx.tk.quantum.QuantumRenderer$PipelineRunnable.run()V+8 javafx.graphics
j  java.lang.Thread.runWith(Ljava/lang/Object;Ljava/lang/Runnable;)V+5 java.base@21.0.2
j  java.lang.Thread.run()V+19 java.base@21.0.2
v  ~StubRoutines::call_stub 0x00007197bff37cc6
V  [libjvm.so+0x8e28d5]  JavaCalls::call_helper(JavaValue*, methodHandle const&, JavaCallArguments*, JavaThread*)+0x2e5
V  [libjvm.so+0x8e4252]  JavaCalls::call_virtual(JavaValue*, Handle, Klass*, Symbol*, Symbol*, JavaThread*)+0x1d2
V  [libjvm.so+0x9b20de]  thread_entry(JavaThread*, JavaThread*)+0x8e
V  [libjvm.so+0x8f8a78]  JavaThread::thread_main_inner() [clone .part.0]+0xb8
V  [libjvm.so+0xe9e998]  Thread::call_run()+0xa8
V  [libjvm.so+0xcc444a]  thread_native_entry(Thread*)+0xda
C  [libc.so.6+0x8ee39]
Java frames: (J=compiled Java code, j=interpreted, Vv=VM code)
j  com.sun.scenario.effect.impl.sw.sse.SSELinearConvolveShadowPeer.filterHV([IIIII[IIIII[F[F)V+0 javafx.graphics
j  com.sun.scenario.effect.impl.sw.sse.SSELinearConvolveShadowPeer.filterHV([IIIII[IIIII[F)V+23 javafx.graphics
j  com.sun.scenario.effect.impl.sw.sse.SSELinearConvolvePeer.filter(Lcom/sun/scenario/effect/Effect;Lcom/sun/scenario/effect/impl/state/LinearConvolveRenderState;Lcom/sun/javafx/geom/transform/BaseTransform;Lcom/sun/javafx/geom/Rectangle;[Lcom/sun/scenario/effect/ImageData;)Lcom/sun/scenario/effect/ImageData;+395 javafx.graphics
j  com.sun.scenario.effect.impl.sw.sse.SSELinearConvolvePeer.filter(Lcom/sun/scenario/effect/Effect;Lcom/sun/scenario/effect/impl/state/RenderState;Lcom/sun/javafx/geom/transform/BaseTransform;Lcom/sun/javafx/geom/Rectangle;[Lcom/sun/scenario/effect/ImageData;)Lcom/sun/scenario/effect/ImageData;+11 javafx.graphics
j  com.sun.scenario.effect.LinearConvolveCoreEffect.filterImageDatas(Lcom/sun/scenario/effect/FilterContext;Lcom/sun/javafx/geom/transform/BaseTransform;Lcom/sun/javafx/geom/Rectangle;Lcom/sun/scenario/effect/impl/state/LinearConvolveRenderState;[Lcom/sun/scenario/effect/ImageData;)Lcom/sun/scenario/effect/ImageData;+119 javafx.graphics
j  com.sun.scenario.effect.LinearConvolveCoreEffect.filterImageDatas(Lcom/sun/scenario/effect/FilterContext;Lcom/sun/javafx/geom/transform/BaseTransform;Lcom/sun/javafx/geom/Rectangle;Lcom/sun/scenario/effect/impl/state/RenderState;[Lcom/sun/scenario/effect/ImageData;)Lcom/sun/scenario/effect/ImageData;+11 javafx.graphics
j  com.sun.scenario.effect.FilterEffect.filter(Lcom/sun/scenario/effect/FilterContext;Lcom/sun/javafx/geom/transform/BaseTransform;Lcom/sun/javafx/geom/Rectangle;Ljava/lang/Object;Lcom/sun/scenario/effect/Effect;)Lcom/sun/scenario/effect/ImageData;+178 javafx.graphics
j  com.sun.scenario.effect.Offset.filter(Lcom/sun/scenario/effect/FilterContext;Lcom/sun/javafx/geom/transform/BaseTransform;Lcom/sun/javafx/geom/Rectangle;Ljava/lang/Object;Lcom/sun/scenario/effect/Effect;)Lcom/sun/scenario/effect/ImageData;+35 javafx.graphics
j  com.sun.scenario.effect.Merge.filter(Lcom/sun/scenario/effect/FilterContext;Lcom/sun/javafx/geom/transform/BaseTransform;Lcom/sun/javafx/geom/Rectangle;Ljava/lang/Object;Lcom/sun/scenario/effect/Effect;)Lcom/sun/scenario/effect/ImageData;+27 javafx.graphics
j  com.sun.scenario.effect.DelegateEffect.filter(Lcom/sun/scenario/effect/FilterContext;Lcom/sun/javafx/geom/transform/BaseTransform;Lcom/sun/javafx/geom/Rectangle;Ljava/lang/Object;Lcom/sun/scenario/effect/Effect;)Lcom/sun/scenario/effect/ImageData;+11 javafx.graphics
j  com.sun.scenario.effect.impl.prism.PrEffectHelper.render(Lcom/sun/scenario/effect/Effect;Lcom/sun/prism/Graphics;FFLcom/sun/scenario/effect/Effect;)V+511 javafx.graphics
j  com.sun.javafx.sg.prism.EffectFilter.render(Lcom/sun/prism/Graphics;)V+13 javafx.graphics
j  com.sun.javafx.sg.prism.NGNode.renderEffect(Lcom/sun/prism/Graphics;)V+5 javafx.graphics
J 2110 c1 com.sun.javafx.sg.prism.NGNode.doRender(Lcom/sun/prism/Graphics;)V javafx.graphics (473 bytes) @ 0x00007197b8dae034 [0x00007197b8dac640+0x00000000000019f4]
J 2188 c1 com.sun.javafx.sg.prism.NGNode.render(Lcom/sun/prism/Graphics;)V javafx.graphics (39 bytes) @ 0x00007197b8dc8ee4 [0x00007197b8dc8c60+0x0000000000000284]
J 2994 c1 com.sun.javafx.sg.prism.NGGroup.renderContent(Lcom/sun/prism/Graphics;)V javafx.graphics (422 bytes) @ 0x00007197b8f7420c [0x00007197b8f72e20+0x00000000000013ec]
J 3059 c1 com.sun.javafx.sg.prism.NGRegion.renderContent(Lcom/sun/prism/Graphics;)V javafx.graphics (115 bytes) @ 0x00007197b8fa534c [0x00007197b8fa43c0+0x0000000000000f8c]
J 2110 c1 com.sun.javafx.sg.prism.NGNode.doRender(Lcom/sun/prism/Graphics;)V javafx.graphics (473 bytes) @ 0x00007197b8dae114 [0x00007197b8dac640+0x0000000000001ad4]
J 2188 c1 com.sun.javafx.sg.prism.NGNode.render(Lcom/sun/prism/Graphics;)V javafx.graphics (39 bytes) @ 0x00007197b8dc8ee4 [0x00007197b8dc8c60+0x0000000000000284]
J 2994 c1 com.sun.javafx.sg.prism.NGGroup.renderContent(Lcom/sun/prism/Graphics;)V javafx.graphics (422 bytes) @ 0x00007197b8f7420c [0x00007197b8f72e20+0x00000000000013ec]
J 3059 c1 com.sun.javafx.sg.prism.NGRegion.renderContent(Lcom/sun/prism/Graphics;)V javafx.graphics (115 bytes) @ 0x00007197b8fa534c [0x00007197b8fa43c0+0x0000000000000f8c]
J 2110 c1 com.sun.javafx.sg.prism.NGNode.doRender(Lcom/sun/prism/Graphics;)V javafx.graphics (473 bytes) @ 0x00007197b8dae114 [0x00007197b8dac640+0x0000000000001ad4]
J 2188 c1 com.sun.javafx.sg.prism.NGNode.render(Lcom/sun/prism/Graphics;)V javafx.graphics (39 bytes) @ 0x00007197b8dc8ee4 [0x00007197b8dc8c60+0x0000000000000284]
j  com.sun.javafx.tk.quantum.ViewPainter.doPaint(Lcom/sun/prism/Graphics;Lcom/sun/javafx/sg/prism/NodePath;)V+202 javafx.graphics
j  com.sun.javafx.tk.quantum.ViewPainter.paintImpl(Lcom/sun/prism/Graphics;)V+970 javafx.graphics
j  com.sun.javafx.tk.quantum.UploadingPainter.run()V+746 javafx.graphics
j  java.util.concurrent.Executors$RunnableAdapter.call()Ljava/lang/Object;+4 java.base@21.0.2
j  java.util.concurrent.FutureTask.runAndReset()Z+44 java.base@21.0.2
j  com.sun.javafx.tk.RenderJob.run()V+1 javafx.graphics
j  java.util.concurrent.ThreadPoolExecutor.runWorker(Ljava/util/concurrent/ThreadPoolExecutor$Worker;)V+92 java.base@21.0.2
j  java.util.concurrent.ThreadPoolExecutor$Worker.run()V+5 java.base@21.0.2
j  com.sun.javafx.tk.quantum.QuantumRenderer$PipelineRunnable.run()V+8 javafx.graphics
j  java.lang.Thread.runWith(Ljava/lang/Object;Ljava/lang/Runnable;)V+5 java.base@21.0.2
j  java.lang.Thread.run()V+19 java.base@21.0.2
v  ~StubRoutines::call_stub 0x00007197bff37cc6

siginfo: si_signo: 11 (SIGSEGV), si_code: 2 (SEGV_ACCERR), si_addr: 0x00000006f5c00000

Registers:
RAX=0x0000000002000000, RBX=0x000000000000001f, RCX=0x000071975dd297a8, RDX=0x000071975dd295a0
RSP=0x000071975dd29540, RBP=0x000071975dd29fd0, RSI=0x0000000000000002, RDI=0x000000000000001d
R8 =0x00000006f5448d48, R9 =0x00000006f5c00000, R10=0x0000000000000680, R11=0x0000000000000080
R12=0x000000000000003e, R13=0x000000000000001e, R14=0x0000000000000020, R15=0x000071975dd297a0
RIP=0x00007196e4409018, EFLAGS=0x0000000000010216, CSGSFS=0x002b000000000033, ERR=0x0000000000000004
  TRAPNO=0x000000000000000e


Register to memory mapping:

RAX=0x0000000002000000 is an unknown value
RBX=0x000000000000001f is an unknown value
RCX=0x000071975dd297a8 is pointing into the stack for thread: 0x00007197d0279b60
RDX=0x000071975dd295a0 is pointing into the stack for thread: 0x00007197d0279b60
RSP=0x000071975dd29540 is pointing into the stack for thread: 0x00007197d0279b60
RBP=0x000071975dd29fd0 is pointing into the stack for thread: 0x00007197d0279b60
RSI=0x0000000000000002 is an unknown value
RDI=0x000000000000001d is an unknown value
R8 =
[error occurred during error reporting (printing register info), id 0xb, SIGSEGV (0xb) at pc=0x00007197d8798ab3]
R9 =0x00000006f5c00000 is an unallocated location in the heap
R10=0x0000000000000680 is an unknown value
R11=0x0000000000000080 is an unknown value
R12=0x000000000000003e is an unknown value
R13=0x000000000000001e is an unknown value
R14=0x0000000000000020 is an unknown value
R15=0x000071975dd297a0 is pointing into the stack for thread: 0x00007197d0279b60

Top of Stack: (sp=0x000071975dd29540)
0x000071975dd29540:   00000006f543cae0 00000006f5bfeb98
0x000071975dd29550:   000071975dd2a100 0000000000000004
0x000071975dd29560:   0000000000000004 0000018e00000007
0x000071975dd29570:   00007197d0279f18 00000006f5bff180
0x000071975dd29580:   00000006f543d0c8 330000000000017a
0x000071975dd29590:   0000000000000000 3e4ccccd00000000
0x000071975dd295a0:   0000000000000000 0000000000000000
0x000071975dd295b0:   0000000000000000 0000000000000000
0x000071975dd295c0:   0000000000000000 0000000000000000
0x000071975dd295d0:   0000000000000000 0000000000000000
0x000071975dd295e0:   0000000000000000 0000000000000000
0x000071975dd295f0:   0000000000000000 435e0000435d0000
0x000071975dd29600:   00000000435e0000 00000000435e0000
0x000071975dd29610:   0000000000000000 0000719700000000
0x000071975dd29620:   0000000000000000 000071975dd27190
0x000071975dd29630:   000071975dd271d0 00007197182fc4c0
0x000071975dd29640:   0000719700000004 0000000000d2a11c
0x000071975dd29650:   000071975dd2a350 00007197bff3f2d8
0x000071975dd29660:   00007197bff3ea90 0000000000000000
0x000071975dd29670:   0000710000000000 000071975dd2a3c0
0x000071975dd29680:   000071975dd2a350 00007197d0279b60
0x000071975dd29690:   000071975f41f738 00007197d0279b60
0x000071975dd296a0:   000071975dd29780 00007197bff8b645
0x000071975dd296b0:   00007197bff8b210 00007197d00fe518
0x000071975dd296c0:   0000710000000001 0000000000000000
0x000071975dd296d0:   000071975dd29780 000071975dd2a0d4
0x000071975dd296e0:   000071975dd2a2a0 00007197b8d95ffb
0x000071975dd296f0:   00007197b8d95890 0000000000000000
0x000071975dd29700:   0000710000000001 000071975dd2a3c0
0x000071975dd29710:   000071975dd2a2a0 000071975dd2a0b4
0x000071975dd29720:   0000000000000003 000071975dd27400
0x000071975dd29730:   0000000000001000 0000000000000000 

Instructions: (pc=0x00007196e4409018)
0x00007196e4408f18:   85 78 f5 ff ff 48 85 c0 0f 84 09 02 00 00 48 8b
0x00007196e4408f28:   bd a0 f5 ff ff 48 8b b5 80 f5 ff ff 31 d2 48 8b
0x00007196e4408f38:   07 ff 90 f0 06 00 00 48 8b bd a0 f5 ff ff 48 89
0x00007196e4408f48:   85 70 f5 ff ff 48 85 c0 0f 84 c0 01 00 00 8b 85
0x00007196e4408f58:   9c f5 ff ff 85 c0 0f 8e 8c 01 00 00 8b 45 cc 4c
0x00007196e4408f68:   63 95 b8 f5 ff ff 66 0f ef d2 c7 85 b8 f5 ff ff
0x00007196e4408f78:   00 00 00 00 4c 63 5d 30 0f 28 da 89 85 bc f5 ff
0x00007196e4408f88:   ff 48 63 45 10 49 c1 e2 02 49 c1 e3 02 48 c1 e0
0x00007196e4408f98:   02 48 89 85 90 f5 ff ff 48 8b 85 70 f5 ff ff 48
0x00007196e4408fa8:   89 85 b0 f5 ff ff 48 63 45 38 48 c1 e0 02 48 89
0x00007196e4408fb8:   85 88 f5 ff ff 48 8b 85 78 f5 ff ff 48 89 85 a8
0x00007196e4408fc8:   f5 ff ff 0f 1f 44 00 00 31 c0 48 8d 95 d0 f5 ff
0x00007196e4408fd8:   ff 41 83 fc 01 7e 10 90 c7 04 82 00 00 00 00 48
0x00007196e4408fe8:   83 c0 01 39 c3 7f f1 45 85 ed 0f 8e c3 00 00 00
0x00007196e4408ff8:   4c 8b 8d a8 f5 ff ff 4c 8b 85 b0 f5 ff ff 89 de
0x00007196e4409008:   31 ff 66 0f 1f 44 00 00 0f 28 c2 41 39 fe 7e 0e
0x00007196e4409018:   41 8b 01 66 0f ef c0 c1 e8 18 f3 0f 2a c0 89 d8
0x00007196e4409028:   29 f0 83 ee 01 48 98 85 f6 f3 0f 11 84 85 d0 f5
0x00007196e4409038:   ff ff 8d 04 1e 0f 4e f0 41 83 fc 01 0f 8e fe 00
0x00007196e4409048:   00 00 48 63 c6 f3 0f 10 0d bf 51 00 00 48 8d 95
0x00007196e4409058:   d0 f5 ff ff 49 8d 0c 87 31 c0 66 0f 1f 44 00 00
0x00007196e4409068:   f3 0f 10 04 82 f3 0f 59 04 81 48 83 c0 01 f3 0f
0x00007196e4409078:   58 c8 39 c3 7f ea 0f 2f cb 0f 82 c1 00 00 00 0f
0x00007196e4409088:   2f 0d 8e 51 00 00 8b 85 bc f5 ff ff 73 10 f3 0f
0x00007196e4409098:   2c c1 83 c0 01 48 98 8b 84 85 d0 fb ff ff 83 c7
0x00007196e44090a8:   01 41 89 00 4d 01 d9 4d 01 d0 41 39 fd 0f 85 55
0x00007196e44090b8:   ff ff ff 48 8b 8d 90 f5 ff ff 83 85 b8 f5 ff ff
0x00007196e44090c8:   01 48 01 8d b0 f5 ff ff 8b 85 b8 f5 ff ff 48 8b
0x00007196e44090d8:   8d 88 f5 ff ff 48 01 8d a8 f5 ff ff 39 85 9c f5
0x00007196e44090e8:   ff ff 0f 85 e0 fe ff ff 48 8b 9d a0 f5 ff ff 48
0x00007196e44090f8:   8b 95 70 f5 ff ff 31 c9 48 8b b5 80 f5 ff ff 48
0x00007196e4409108:   8b 03 48 89 df ff 90 f8 06 00 00 48 89 df 48 8b 


Stack slot to memory mapping:

stack at sp + 0 slots: 0x00000006f543cae0 is pointing into object: [I 
{0x00000006f543cad0} - klass: {type array int}
 - length: 13312
stack at sp + 1 slots: 
[error occurred during error reporting (inspecting top of stack), id 0xb, SIGSEGV (0xb) at pc=0x00007197d8798ab3]
stack at sp + 2 slots: 0x000071975dd2a100 is pointing into the stack for thread: 0x00007197d0279b60
stack at sp + 3 slots: 0x0000000000000004 is an unknown value
stack at sp + 4 slots: 0x0000000000000004 is an unknown value
stack at sp + 5 slots: 0x0000018e00000007 is an unknown value
stack at sp + 6 slots: 0x00007197d0279f18 points into unknown readable memory: 0x00007197d93e6fc0 | c0 6f 3e d9 97 71 00 00
stack at sp + 7 slots: 
[error occurred during error reporting (inspecting top of stack, attempt 2), id 0xb, SIGSEGV (0xb) at pc=0x00007197d8798ab3]


Compiled method (c1)   63920 2110       3       com.sun.javafx.sg.prism.NGNode::doRender (473 bytes)
 total in heap  [0x00007197b8dac210,0x00007197b8daf460] = 12880
 relocation     [0x00007197b8dac368,0x00007197b8dac610] = 680
 constants      [0x00007197b8dac620,0x00007197b8dac640] = 32
 main code      [0x00007197b8dac640,0x00007197b8dae6c8] = 8328
 stub code      [0x00007197b8dae6c8,0x00007197b8dae848] = 384
 oops           [0x00007197b8dae848,0x00007197b8dae850] = 8
 metadata       [0x00007197b8dae850,0x00007197b8dae910] = 192
 scopes data    [0x00007197b8dae910,0x00007197b8daf0e0] = 2000
 scopes pcs     [0x00007197b8daf0e0,0x00007197b8daf400] = 800
 dependencies   [0x00007197b8daf400,0x00007197b8daf440] = 64
 nul chk table  [0x00007197b8daf440,0x00007197b8daf460] = 32


[Constant Pool]
             Address          hex4                    hex8      
  0x00007197b8dac620:   0x3f800000      0xf4f4f4f43f800000      
  0x00007197b8dac624:   0xf4f4f4f4                              
  0x00007197b8dac628:   0xf4f4f4f4      0xf4f4f4f4f4f4f4f4      
  0x00007197b8dac62c:   0xf4f4f4f4                              
  0x00007197b8dac630:   0xf4f4f4f4      0xf4f4f4f4f4f4f4f4      
  0x00007197b8dac634:   0xf4f4f4f4                              
  0x00007197b8dac638:   0xf4f4f4f4      0xf4f4f4f4f4f4f4f4      
  0x00007197b8dac63c:   0xf4f4f4f4                              

[MachCode]
[Entry Point]
  # {method} {0x000071975469fec8} 'doRender' '(Lcom/sun/prism/Graphics;)V' in 'com/sun/javafx/sg/prism/NGNode'
  # this:     rsi:rsi   = 'com/sun/javafx/sg/prism/NGNode'
  # parm0:    rdx:rdx   = 'com/sun/prism/Graphics'
  #           [sp+0x190]  (sp of caller)
  0x00007197b8dac640: ;   {no_reloc}
  0x00007197b8dac640: 448b 5608 | 49bb 0000 | 005f 9771 | 0000 4d03 | d34c 3bd0 

  0x00007197b8dac654: ;   {runtime_call ic_miss_stub}
  0x00007197b8dac654: 0f85 268a | 1d07 660f | 1f44 0000 
[Verified Entry Point]
  0x00007197b8dac660: 8984 2400 | c0fe ff55 | 4881 ec80 | 0100 0090 | 4181 7f20 | 0300 0000 

  0x00007197b8dac678: ;   {runtime_call StubRoutines (final stubs)}
  0x00007197b8dac678: 7405 e821 | ee1b 0748 | 89b4 24f8 | 0000 0048 | 8994 2400 

  0x00007197b8dac68c: ;   {metadata(method data for {method} {0x000071975469fec8} 'doRender' '(Lcom/sun/prism/Graphics;)V' in 'com/sun/javafx/sg/prism/NGNode')}
  0x00007197b8dac68c: 0100 0048 | b9e8 85cb | 5497 7100 | 008b b9f4 | 0000 0083 | c702 89b9 | f400 0000 | 81e7 fe07 
  0x00007197b8dac6ac: 0000 85ff | 0f84 c31d | 0000 488b 

  0x00007197b8dac6b8: ;   {metadata(method data for {method} {0x000071975469fec8} 'doRender' '(Lcom/sun/prism/Graphics;)V' in 'com/sun/javafx/sg/prism/NGNode')}
  0x00007197b8dac6b8: ce48 bfe8 | 85cb 5497 | 7100 008b | 4908 49ba | 0000 005f | 9771 0000 | 4903 ca48 | 3b8f 4801 
  0x00007197b8dac6d8: 0000 750d | 4883 8750 | 0100 0001 | e960 0000 | 0048 3b8f | 5801 0000 | 750d 4883 | 8760 0100 
  0x00007197b8dac6f8: 0001 e94a | 0000 0048 | 83bf 4801 | 0000 0075 | 1748 898f | 4801 0000 | 48c7 8750 | 0100 0001 
  0x00007197b8dac718: 0000 00e9 | 2900 0000 | 4883 bf58 | 0100 0000 | 7517 4889 | 8f58 0100 | 0048 c787 | 6001 0000 
  0x00007197b8dac738: 0100 0000 | e908 0000 | 0048 8387 | 3801 0000 

  0x00007197b8dac748: ;   {metadata(method data for {method} {0x000071975469fc20} 'isShape3D' '()Z' in 'com/sun/javafx/sg/prism/NGNode')}
  0x00007197b8dac748: 0148 b9a8 | 95cb 5497 | 7100 008b | b9f4 0000 | 0083 c702 | 89b9 f400 | 0000 81e7 | feff 1f00 
  0x00007197b8dac768: 85ff 0f84 | 2a1d 0000 | 4885 d20f | 8428 0000 

  0x00007197b8dac778: ;   {metadata('com/sun/prism/sw/SWGraphics')}
  0x00007197b8dac778: 0048 b818 | b822 6097 | 7100 008b | 7a08 49ba | 0000 005f | 9771 0000 | 4903 fa48 | 3bc7 0f85 
  0x00007197b8dac798: 1f1d 0000 | e900 0000 | 0048 8bca 

  0x00007197b8dac7a4: ; implicit exception: dispatches to 0x00007197b8dae4c0
  0x00007197b8dac7a4: 483b 0248 

  0x00007197b8dac7a8: ;   {metadata(method data for {method} {0x000071975469fec8} 'doRender' '(Lcom/sun/prism/Graphics;)V' in 'com/sun/javafx/sg/prism/NGNode')}
  0x00007197b8dac7a8: 8bca 48bf | e885 cb54 | 9771 0000 

  0x00007197b8dac7b4: ;   {metadata('com/sun/prism/sw/SWGraphics')}
  0x00007197b8dac7b4: 49ba 18b8 | 2260 9771 | 0000 4c89 | 9780 0100 | 0048 8387 | 8801 0000 

  0x00007197b8dac7cc: ;   {metadata(method data for {method} {0x0000719754c070d8} 'setState3D' '(Z)V' in 'com/sun/prism/sw/SWGraphics')}
  0x00007197b8dac7cc: 0148 b9f8 | 96cb 5497 | 7100 008b | b9f4 0000 | 0083 c702 | 89b9 f400 | 0000 81e7 | feff 1f00 
  0x00007197b8dac7ec: 85ff 0f84 | d11c 0000 

  0x00007197b8dac7f4: ;   {metadata(method data for {method} {0x000071975469fec8} 'doRender' '(Lcom/sun/prism/Graphics;)V' in 'com/sun/javafx/sg/prism/NGNode')}
  0x00007197b8dac7f4: 48b9 e885 | cb54 9771 | 0000 ff81 | b801 0000 | 4885 d20f | 8428 0000 

  0x00007197b8dac80c: ;   {metadata('com/sun/prism/sw/SWGraphics')}
  0x00007197b8dac80c: 0048 b818 | b822 6097 | 7100 008b | 7a08 49ba | 0000 005f | 9771 0000 | 4903 fa48 | 3bc7 0f85 
  0x00007197b8dac82c: b61c 0000 | e900 0000 | 0048 8bca 

  0x00007197b8dac838: ;   {metadata(method data for {method} {0x000071975469fec8} 'doRender' '(Lcom/sun/prism/Graphics;)V' in 'com/sun/javafx/sg/prism/NGNode')}
  0x00007197b8dac838: 488b ca48 | bfe8 85cb | 5497 7100 

  0x00007197b8dac844: ;   {metadata('com/sun/prism/sw/SWGraphics')}
  0x00007197b8dac844: 0049 ba18 | b822 6097 | 7100 004c | 8997 d801 | 0000 4883 | 87e0 0100 | 0001 0fbe | 4a19 83e1 
  0x00007197b8dac864: ;   {metadata(method data for {method} {0x000071975469fec8} 'doRender' '(Lcom/sun/prism/Graphics;)V' in 'com/sun/javafx/sg/prism/NGNode')}
  0x00007197b8dac864: 0185 c948 | b9e8 85cb | 5497 7100 | 0048 bf10 | 0200 0000 | 0000 0075 | 0a48 bf00 | 0200 0000 
  0x00007197b8dac884: 0000 0048 | 8b1c 3948 | 8d5b 0148 | 891c 390f | 850a 0000 | 00bf 0000 | 0000 e942 | 0100 008b 
  0x00007197b8dac8a4: 7e1c 4885 | d20f 8428 

  0x00007197b8dac8ac: ;   {metadata('com/sun/prism/sw/SWGraphics')}
  0x00007197b8dac8ac: 0000 0049 | b818 b822 | 6097 7100 | 008b 5a08 | 49ba 0000 | 005f 9771 | 0000 4903 | da4c 3bc3 
  0x00007197b8dac8cc: 0f85 191c | 0000 e900 | 0000 0048 | 8bca 488b 

  0x00007197b8dac8dc: ;   {metadata(method data for {method} {0x000071975469fec8} 'doRender' '(Lcom/sun/prism/Graphics;)V' in 'com/sun/javafx/sg/prism/NGNode')}
  0x00007197b8dac8dc: ca48 bbe8 | 85cb 5497 

  0x00007197b8dac8e4: ;   {metadata('com/sun/prism/sw/SWGraphics')}
  0x00007197b8dac8e4: 7100 0049 | ba18 b822 | 6097 7100 | 004c 8993 | 3002 0000 | 4883 8338 | 0200 0001 | 8b4a 0cd1 
  0x00007197b8dac904: e1d3 ff48 | 8bdf 83e3 

  0x00007197b8dac90c: ;   {metadata(method data for {method} {0x000071975469fec8} 'doRender' '(Lcom/sun/prism/Graphics;)V' in 'com/sun/javafx/sg/prism/NGNode')}
  0x00007197b8dac90c: 0385 db48 | bbe8 85cb | 5497 7100 | 0048 b868 | 0200 0000 | 0000 0074 | 0a48 b858 | 0200 0000 
  0x00007197b8dac92c: 0000 0048 | 8b0c 0348 | 8d49 0148 | 890c 030f | 8422 1b00 | 0083 e702 

  0x00007197b8dac944: ;   {metadata(method data for {method} {0x000071975469fec8} 'doRender' '(Lcom/sun/prism/Graphics;)V' in 'com/sun/javafx/sg/prism/NGNode')}
  0x00007197b8dac944: 85ff 48bf | e885 cb54 | 9771 0000 | 48bb 8802 | 0000 0000 | 0000 750a | 48bb 7802 | 0000 0000 
  0x00007197b8dac964: 0000 488b | 041f 488d | 4001 4889 | 041f 0f85 | 0a00 0000 | bf00 0000 | 00e9 6300 | 0000 4885 
  0x00007197b8dac984: d20f 8428 

  0x00007197b8dac988: ;   {metadata('com/sun/prism/sw/SWGraphics')}
  0x00007197b8dac988: 0000 0048 | b918 b822 | 6097 7100 | 008b 5a08 | 49ba 0000 | 005f 9771 | 0000 4903 | da48 3bcb 
  0x00007197b8dac9a8: 0f85 421b | 0000 e900 | 0000 0048 | 8bfa 488b 

  0x00007197b8dac9b8: ;   {metadata(method data for {method} {0x000071975469fec8} 'doRender' '(Lcom/sun/prism/Graphics;)V' in 'com/sun/javafx/sg/prism/NGNode')}
  0x00007197b8dac9b8: fa48 bbe8 | 85cb 5497 

  0x00007197b8dac9c0: ;   {metadata('com/sun/prism/sw/SWGraphics')}
  0x00007197b8dac9c0: 7100 0049 | ba18 b822 | 6097 7100 | 004c 8993 | a802 0000 | 4883 83b0 | 0200 0001 | c642 1900 
  0x00007197b8dac9e0: bf01 0000 | 0048 85d2 | 0f84 2800 

  0x00007197b8dac9ec: ;   {metadata('com/sun/prism/sw/SWGraphics')}
  0x00007197b8dac9ec: 0000 49b8 | 18b8 2260 | 9771 0000 | 8b42 0849 | ba00 0000 | 5f97 7100 | 0049 03c2 | 4c3b c00f 
  0x00007197b8daca0c: 85e4 1a00 | 00e9 0000 | 0000 488b | da48 8bda 

  0x00007197b8daca1c: ;   {metadata(method data for {method} {0x000071975469fec8} 'doRender' '(Lcom/sun/prism/Graphics;)V' in 'com/sun/javafx/sg/prism/NGNode')}
  0x00007197b8daca1c: 48b8 e885 | cb54 9771 

  0x00007197b8daca24: ;   {metadata('com/sun/prism/sw/SWGraphics')}
  0x00007197b8daca24: 0000 49ba | 18b8 2260 | 9771 0000 | 4c89 90e0 | 0200 0048 | 8380 e802 

  0x00007197b8daca3c: ;   {metadata(method data for {method} {0x0000719754c03998} 'isDepthTest' '()Z' in 'com/sun/prism/sw/SWGraphics')}
  0x00007197b8daca3c: 0000 0148 | bb50 98cb | 5497 7100 | 008b 83f4 | 0000 0083 | c002 8983 | f400 0000 | 25fe ff1f 
  0x00007197b8daca5c: 0085 c00f | 8495 1a00 | 0048 8bde 

  0x00007197b8daca68: ;   {metadata(method data for {method} {0x000071975469fec8} 'doRender' '(Lcom/sun/prism/Graphics;)V' in 'com/sun/javafx/sg/prism/NGNode')}
  0x00007197b8daca68: 48b8 e885 | cb54 9771 | 0000 4883 | 8008 0300 | 0001 0fbe | 5e26 4885 | d20f 8428 

  0x00007197b8daca84: ;   {metadata('com/sun/prism/sw/SWGraphics')}
  0x00007197b8daca84: 0000 0049 | b818 b822 | 6097 7100 | 008b 4208 | 49ba 0000 | 005f 9771 | 0000 4903 | c24c 3bc0 
  0x00007197b8dacaa4: 0f85 711a | 0000 e900 | 0000 0048 | 8bda 488b 

  0x00007197b8dacab4: ;   {metadata(method data for {method} {0x000071975469fec8} 'doRender' '(Lcom/sun/prism/Graphics;)V' in 'com/sun/javafx/sg/prism/NGNode')}
  0x00007197b8dacab4: da48 b8e8 | 85cb 5497 

  0x00007197b8dacabc: ;   {metadata('com/sun/prism/sw/SWGraphics')}
  0x00007197b8dacabc: 7100 0049 | ba18 b822 | 6097 7100 | 004c 8990 | 5003 0000 | 4883 8058 | 0300 0001 

  0x00007197b8dacad8: ;   {metadata(method data for {method} {0x0000719754c03900} 'setDepthTest' '(Z)V' in 'com/sun/prism/sw/SWGraphics')}
  0x00007197b8dacad8: 48bb a099 | cb54 9771 | 0000 8b83 | f400 0000 | 83c0 0289 | 83f4 0000 | 0025 feff | 1f00 85c0 
  0x00007197b8dacaf8: 0f84 221a | 0000 4885 | d20f 8428 

  0x00007197b8dacb04: ;   {metadata('com/sun/prism/sw/SWGraphics')}
  0x00007197b8dacb04: 0000 0049 | b818 b822 | 6097 7100 | 008b 4208 | 49ba 0000 | 005f 9771 | 0000 4903 | c24c 3bc0 
  0x00007197b8dacb24: 0f85 171a | 0000 e900 | 0000 0048 | 8bda 488b 

  0x00007197b8dacb34: ;   {metadata(method data for {method} {0x000071975469fec8} 'doRender' '(Lcom/sun/prism/Graphics;)V' in 'com/sun/javafx/sg/prism/NGNode')}
  0x00007197b8dacb34: da48 b8e8 | 85cb 5497 

  0x00007197b8dacb3c: ;   {metadata('com/sun/prism/sw/SWGraphics')}
  0x00007197b8dacb3c: 7100 0049 | ba18 b822 | 6097 7100 | 004c 8990 | 8803 0000 | 4883 8090 | 0300 0001 

  0x00007197b8dacb58: ;   {metadata(method data for {method} {0x0000719754c03050} 'getTransformNoClone' '()Lcom/sun/javafx/geom/transform/BaseTransform;' in 'com/sun/prism/sw/SWGraphics')}
  0x00007197b8dacb58: 48bb 6827 | ca54 9771 | 0000 8b83 | f400 0000 | 83c0 0289 | 83f4 0000 | 0025 feff | 1f00 85c0 
  0x00007197b8dacb78: 0f84 c819 

  0x00007197b8dacb7c: ;   {metadata(method data for {method} {0x0000719754c03050} 'getTransformNoClone' '()Lcom/sun/javafx/geom/transform/BaseTransform;' in 'com/sun/prism/sw/SWGraphics')}
  0x00007197b8dacb7c: 0000 48bb | 6827 ca54 | 9771 0000 | ff83 3801 | 0000 8b5a | 2c48 c1e3 | 0389 bc24 | 0801 0000 
  0x00007197b8dacb9c: ; implicit exception: dispatches to 0x00007197b8dae567
  0x00007197b8dacb9c: 483b 0348 

  0x00007197b8dacba0: ;   {metadata(method data for {method} {0x000071975469fec8} 'doRender' '(Lcom/sun/prism/Graphics;)V' in 'com/sun/javafx/sg/prism/NGNode')}
  0x00007197b8dacba0: 8bc3 48b9 | e885 cb54 | 9771 0000 | 8b40 0849 | ba00 0000 | 5f97 7100 | 0049 03c2 | 483b 81c0 
  0x00007197b8dacbc0: 0300 0075 | 0d48 8381 | c803 0000 | 01e9 6000 | 0000 483b | 81d0 0300 | 0075 0d48 | 8381 d803 
  0x00007197b8dacbe0: 0000 01e9 | 4a00 0000 | 4883 b9c0 | 0300 0000 | 7517 4889 | 81c0 0300 | 0048 c781 | c803 0000 
  0x00007197b8dacc00: 0100 0000 | e929 0000 | 0048 83b9 | d003 0000 | 0075 1748 | 8981 d003 | 0000 48c7 | 81d8 0300 
  0x00007197b8dacc20: 0001 0000 | 00e9 0800 | 0000 4883 | 81b0 0300 | 0001 488b | f348 899c | 24f0 0000 | 0048 b890 
  0x00007197b8dacc40: e011 6097 

  0x00007197b8dacc44: ;   {virtual_call}
  0x00007197b8dacc44: 7100 00e8 

  0x00007197b8dacc48: ; ImmutableOopMap {[240]=Oop [248]=Oop [256]=Oop }
                      ;*invokevirtual getMxx {reexecute=0 rethrow=0 return_oop=0}
                      ; - com.sun.javafx.sg.prism.NGNode::doRender@90 (line 2026)
  0x00007197b8dacc48: d407 7c07 

  0x00007197b8dacc4c: ;   {other}
  0x00007197b8dacc4c: 0f1f 8400 | 3c0a 0000 | 488b 9c24 | f000 0000 

  0x00007197b8dacc5c: ;   {metadata(method data for {method} {0x000071975469fec8} 'doRender' '(Lcom/sun/prism/Graphics;)V' in 'com/sun/javafx/sg/prism/NGNode')}
  0x00007197b8dacc5c: 48be e885 | cb54 9771 | 0000 8b5b | 0849 ba00 | 0000 5f97 | 7100 0049 | 03da 483b | 9ef8 0300 
  0x00007197b8dacc7c: 0075 0d48 | 8386 0004 | 0000 01e9 | 6000 0000 | 483b 9e08 | 0400 0075 | 0d48 8386 | 1004 0000 
  0x00007197b8dacc9c: 01e9 4a00 | 0000 4883 | bef8 0300 | 0000 7517 | 4889 9ef8 | 0300 0048 | c786 0004 | 0000 0100 
  0x00007197b8daccbc: 0000 e929 | 0000 0048 | 83be 0804 | 0000 0075 | 1748 899e | 0804 0000 | 48c7 8610 | 0400 0001 
  0x00007197b8daccdc: 0000 00e9 | 0800 0000 | 4883 86e8 | 0300 0001 | 488b b424 | f000 0000 | c5fb 1184 | 2410 0100 
  0x00007197b8daccfc: 0048 b890 | e011 6097 

  0x00007197b8dacd04: ;   {virtual_call}
  0x00007197b8dacd04: 7100 00e8 

  0x00007197b8dacd08: ; ImmutableOopMap {[240]=Oop [248]=Oop [256]=Oop }
                      ;*invokevirtual getMxy {reexecute=0 rethrow=0 return_oop=0}
                      ; - com.sun.javafx.sg.prism.NGNode::doRender@97 (line 2027)
  0x00007197b8dacd08: 1401 7c07 

  0x00007197b8dacd0c: ;   {other}
  0x00007197b8dacd0c: 0f1f 8400 | fc0a 0001 | 488b 9c24 | f000 0000 

  0x00007197b8dacd1c: ;   {metadata(method data for {method} {0x000071975469fec8} 'doRender' '(Lcom/sun/prism/Graphics;)V' in 'com/sun/javafx/sg/prism/NGNode')}
  0x00007197b8dacd1c: 48be e885 | cb54 9771 | 0000 8b5b | 0849 ba00 | 0000 5f97 | 7100 0049 | 03da 483b | 9e30 0400 
  0x00007197b8dacd3c: 0075 0d48 | 8386 3804 | 0000 01e9 | 6000 0000 | 483b 9e40 | 0400 0075 | 0d48 8386 | 4804 0000 
  0x00007197b8dacd5c: 01e9 4a00 | 0000 4883 | be30 0400 | 0000 7517 | 4889 9e30 | 0400 0048 | c786 3804 | 0000 0100 
  0x00007197b8dacd7c: 0000 e929 | 0000 0048 | 83be 4004 | 0000 0075 | 1748 899e | 4004 0000 | 48c7 8648 | 0400 0001 
  0x00007197b8dacd9c: 0000 00e9 | 0800 0000 | 4883 8620 | 0400 0001 | 488b b424 | f000 0000 | c5fb 1184 | 2418 0100 
  0x00007197b8dacdbc: 0048 b890 | e011 6097 

  0x00007197b8dacdc4: ;   {virtual_call}
  0x00007197b8dacdc4: 7100 00e8 

  0x00007197b8dacdc8: ; ImmutableOopMap {[240]=Oop [248]=Oop [256]=Oop }
                      ;*invokevirtual getMxz {reexecute=0 rethrow=0 return_oop=0}
                      ; - com.sun.javafx.sg.prism.NGNode::doRender@104 (line 2028)
  0x00007197b8dacdc8: 5439 7d07 

  0x00007197b8dacdcc: ;   {other}
  0x00007197b8dacdcc: 0f1f 8400 | bc0b 0002 | 488b 9c24 | f000 0000 

  0x00007197b8dacddc: ;   {metadata(method data for {method} {0x000071975469fec8} 'doRender' '(Lcom/sun/prism/Graphics;)V' in 'com/sun/javafx/sg/prism/NGNode')}
  0x00007197b8dacddc: 48be e885 | cb54 9771 | 0000 8b5b | 0849 ba00 | 0000 5f97 | 7100 0049 | 03da 483b | 9e68 0400 
  0x00007197b8dacdfc: 0075 0d48 | 8386 7004 | 0000 01e9 | 6000 0000 | 483b 9e78 | 0400 0075 | 0d48 8386 | 8004 0000 
  0x00007197b8dace1c: 01e9 4a00 | 0000 4883 | be68 0400 | 0000 7517 | 4889 9e68 | 0400 0048 | c786 7004 | 0000 0100 
  0x00007197b8dace3c: 0000 e929 | 0000 0048 | 83be 7804 | 0000 0075 | 1748 899e | 7804 0000 | 48c7 8680 | 0400 0001 
  0x00007197b8dace5c: 0000 00e9 | 0800 0000 | 4883 8658 | 0400 0001 | 488b b424 | f000 0000 | c5fb 1184 | 2420 0100 
  0x00007197b8dace7c: 0048 b890 | e011 6097 

  0x00007197b8dace84: ;   {virtual_call}
  0x00007197b8dace84: 7100 00e8 

  0x00007197b8dace88: ; ImmutableOopMap {[240]=Oop [248]=Oop [256]=Oop }
                      ;*invokevirtual getMxt {reexecute=0 rethrow=0 return_oop=0}
                      ; - com.sun.javafx.sg.prism.NGNode::doRender@111 (line 2029)
  0x00007197b8dace88: 94f9 7b07 

  0x00007197b8dace8c: ;   {other}
  0x00007197b8dace8c: 0f1f 8400 | 7c0c 0003 | 488b 9c24 | f000 0000 

  0x00007197b8dace9c: ;   {metadata(method data for {method} {0x000071975469fec8} 'doRender' '(Lcom/sun/prism/Graphics;)V' in 'com/sun/javafx/sg/prism/NGNode')}
  0x00007197b8dace9c: 48be e885 | cb54 9771 | 0000 8b5b | 0849 ba00 | 0000 5f97 | 7100 0049 | 03da 483b | 9ea0 0400 
  0x00007197b8dacebc: 0075 0d48 | 8386 a804 | 0000 01e9 | 6000 0000 | 483b 9eb0 | 0400 0075 | 0d48 8386 | b804 0000 
  0x00007197b8dacedc: 01e9 4a00 | 0000 4883 | bea0 0400 | 0000 7517 | 4889 9ea0 | 0400 0048 | c786 a804 | 0000 0100 
  0x00007197b8dacefc: 0000 e929 | 0000 0048 | 83be b004 | 0000 0075 | 1748 899e | b004 0000 | 48c7 86b8 | 0400 0001 
  0x00007197b8dacf1c: 0000 00e9 | 0800 0000 | 4883 8690 | 0400 0001 | 488b b424 | f000 0000 | c5fb 1184 | 2428 0100 
  0x00007197b8dacf3c: 0048 b890 | e011 6097 

  0x00007197b8dacf44: ;   {virtual_call}
  0x00007197b8dacf44: 7100 00e8 

  0x00007197b8dacf48: ; ImmutableOopMap {[240]=Oop [248]=Oop [256]=Oop }
                      ;*invokevirtual getMyx {reexecute=0 rethrow=0 return_oop=0}
                      ; - com.sun.javafx.sg.prism.NGNode::doRender@118 (line 2031)
  0x00007197b8dacf48: d401 7c07 

  0x00007197b8dacf4c: ;   {other}
  0x00007197b8dacf4c: 0f1f 8400 | 3c0d 0004 | 488b 9c24 | f000 0000 

  0x00007197b8dacf5c: ;   {metadata(method data for {method} {0x000071975469fec8} 'doRender' '(Lcom/sun/prism/Graphics;)V' in 'com/sun/javafx/sg/prism/NGNode')}
  0x00007197b8dacf5c: 48be e885 | cb54 9771 | 0000 8b5b | 0849 ba00 | 0000 5f97 | 7100 0049 | 03da 483b | 9ed8 0400 
  0x00007197b8dacf7c: 0075 0d48 | 8386 e004 | 0000 01e9 | 6000 0000 | 483b 9ee8 | 0400 0075 | 0d48 8386 | f004 0000 
  0x00007197b8dacf9c: 01e9 4a00 | 0000 4883 | bed8 0400 | 0000 7517 | 4889 9ed8 | 0400 0048 | c786 e004 | 0000 0100 
  0x00007197b8dacfbc: 0000 e929 | 0000 0048 | 83be e804 | 0000 0075 | 1748 899e | e804 0000 | 48c7 86f0 | 0400 0001 
  0x00007197b8dacfdc: 0000 00e9 | 0800 0000 | 4883 86c8 | 0400 0001 | 488b b424 | f000 0000 | c5fb 1184 | 2430 0100 
  0x00007197b8dacffc: 0048 b890 | e011 6097 

  0x00007197b8dad004: ;   {virtual_call}
  0x00007197b8dad004: 7100 00e8 

  0x00007197b8dad008: ; ImmutableOopMap {[240]=Oop [248]=Oop [256]=Oop }
                      ;*invokevirtual getMyy {reexecute=0 rethrow=0 return_oop=0}
                      ; - com.sun.javafx.sg.prism.NGNode::doRender@125 (line 2032)
  0x00007197b8dad008: 1407 7c07 

  0x00007197b8dad00c: ;   {other}
  0x00007197b8dad00c: 0f1f 8400 | fc0d 0005 | 488b 9c24 | f000 0000 

  0x00007197b8dad01c: ;   {metadata(method data for {method} {0x000071975469fec8} 'doRender' '(Lcom/sun/prism/Graphics;)V' in 'com/sun/javafx/sg/prism/NGNode')}
  0x00007197b8dad01c: 48be e885 | cb54 9771 | 0000 8b5b | 0849 ba00 | 0000 5f97 | 7100 0049 | 03da 483b | 9e10 0500 
  0x00007197b8dad03c: 0075 0d48 | 8386 1805 | 0000 01e9 | 6000 0000 | 483b 9e20 | 0500 0075 | 0d48 8386 | 2805 0000 
  0x00007197b8dad05c: 01e9 4a00 | 0000 4883 | be10 0500 | 0000 7517 | 4889 9e10 | 0500 0048 | c786 1805 | 0000 0100 
  0x00007197b8dad07c: 0000 e929 | 0000 0048 | 83be 2005 | 0000 0075 | 1748 899e | 2005 0000 | 48c7 8628 | 0500 0001 
  0x00007197b8dad09c: 0000 00e9 | 0800 0000 | 4883 8600 | 0500 0001 | 488b b424 | f000 0000 | c5fb 1184 | 2438 0100 
  0x00007197b8dad0bc: 0048 b890 | e011 6097 

  0x00007197b8dad0c4: ;   {virtual_call}
  0x00007197b8dad0c4: 7100 00e8 

  0x00007197b8dad0c8: ; ImmutableOopMap {[240]=Oop [248]=Oop [256]=Oop }
                      ;*invokevirtual getMyz {reexecute=0 rethrow=0 return_oop=0}
                      ; - com.sun.javafx.sg.prism.NGNode::doRender@132 (line 2033)
  0x00007197b8dad0c8: 5439 7d07 

  0x00007197b8dad0cc: ;   {other}
  0x00007197b8dad0cc: 0f1f 8400 | bc0e 0006 | 488b 9c24 | f000 0000 

  0x00007197b8dad0dc: ;   {metadata(method data for {method} {0x000071975469fec8} 'doRender' '(Lcom/sun/prism/Graphics;)V' in 'com/sun/javafx/sg/prism/NGNode')}
  0x00007197b8dad0dc: 48be e885 | cb54 9771 | 0000 8b5b | 0849 ba00 | 0000 5f97 | 7100 0049 | 03da 483b | 9e48 0500 
  0x00007197b8dad0fc: 0075 0d48 | 8386 5005 | 0000 01e9 | 6000 0000 | 483b 9e58 | 0500 0075 | 0d48 8386 | 6005 0000 
  0x00007197b8dad11c: 01e9 4a00 | 0000 4883 | be48 0500 | 0000 7517 | 4889 9e48 | 0500 0048 | c786 5005 | 0000 0100 
  0x00007197b8dad13c: 0000 e929 | 0000 0048 | 83be 5805 | 0000 0075 | 1748 899e | 5805 0000 | 48c7 8660 | 0500 0001 
  0x00007197b8dad15c: 0000 00e9 | 0800 0000 | 4883 8638 | 0500 0001 | 488b b424 | f000 0000 | c5fb 1184 | 2440 0100 
  0x00007197b8dad17c: 0048 b890 | e011 6097 

  0x00007197b8dad184: ;   {virtual_call}
  0x00007197b8dad184: 7100 00e8 

  0x00007197b8dad188: ; ImmutableOopMap {[240]=Oop [248]=Oop [256]=Oop }
                      ;*invokevirtual getMyt {reexecute=0 rethrow=0 return_oop=0}
                      ; - com.sun.javafx.sg.prism.NGNode::doRender@139 (line 2034)
  0x00007197b8dad188: 94f9 7b07 

  0x00007197b8dad18c: ;   {other}
  0x00007197b8dad18c: 0f1f 8400 | 7c0f 0007 | 488b 9c24 | f000 0000 

  0x00007197b8dad19c: ;   {metadata(method data for {method} {0x000071975469fec8} 'doRender' '(Lcom/sun/prism/Graphics;)V' in 'com/sun/javafx/sg/prism/NGNode')}
  0x00007197b8dad19c: 48be e885 | cb54 9771 | 0000 8b5b | 0849 ba00 | 0000 5f97 | 7100 0049 | 03da 483b | 9e80 0500 
  0x00007197b8dad1bc: 0075 0d48 | 8386 8805 | 0000 01e9 | 6000 0000 | 483b 9e90 | 0500 0075 | 0d48 8386 | 9805 0000 
  0x00007197b8dad1dc: 01e9 4a00 | 0000 4883 | be80 0500 | 0000 7517 | 4889 9e80 | 0500 0048 | c786 8805 | 0000 0100 
  0x00007197b8dad1fc: 0000 e929 | 0000 0048 | 83be 9005 | 0000 0075 | 1748 899e | 9005 0000 | 48c7 8698 | 0500 0001 
  0x00007197b8dad21c: 0000 00e9 | 0800 0000 | 4883 8670 | 0500 0001 | 488b b424 | f000 0000 | c5fb 1184 | 2448 0100 
  0x00007197b8dad23c: 0048 b890 | e011 6097 

  0x00007197b8dad244: ;   {virtual_call}
  0x00007197b8dad244: 7100 00e8 

  0x00007197b8dad248: ; ImmutableOopMap {[240]=Oop [248]=Oop [256]=Oop }
                      ;*invokevirtual getMzx {reexecute=0 rethrow=0 return_oop=0}
                      ; - com.sun.javafx.sg.prism.NGNode::doRender@146 (line 2036)
  0x00007197b8dad248: d43a 7d07 

  0x00007197b8dad24c: ;   {other}
  0x00007197b8dad24c: 0f1f 8400 | 3c10 0008 | 488b 9c24 | f000 0000 

  0x00007197b8dad25c: ;   {metadata(method data for {method} {0x000071975469fec8} 'doRender' '(Lcom/sun/prism/Graphics;)V' in 'com/sun/javafx/sg/prism/NGNode')}
  0x00007197b8dad25c: 48be e885 | cb54 9771 | 0000 8b5b | 0849 ba00 | 0000 5f97 | 7100 0049 | 03da 483b | 9eb8 0500 
  0x00007197b8dad27c: 0075 0d48 | 8386 c005 | 0000 01e9 | 6000 0000 | 483b 9ec8 | 0500 0075 | 0d48 8386 | d005 0000 
  0x00007197b8dad29c: 01e9 4a00 | 0000 4883 | beb8 0500 | 0000 7517 | 4889 9eb8 | 0500 0048 | c786 c005 | 0000 0100 
  0x00007197b8dad2bc: 0000 e929 | 0000 0048 | 83be c805 | 0000 0075 | 1748 899e | c805 0000 | 48c7 86d0 | 0500 0001 
  0x00007197b8dad2dc: 0000 00e9 | 0800 0000 | 4883 86a8 | 0500 0001 | 488b b424 | f000 0000 | c5fb 1184 | 2450 0100 
  0x00007197b8dad2fc: 0048 b890 | e011 6097 

  0x00007197b8dad304: ;   {virtual_call}
  0x00007197b8dad304: 7100 00e8 

  0x00007197b8dad308: ; ImmutableOopMap {[240]=Oop [248]=Oop [256]=Oop }
                      ;*invokevirtual getMzy {reexecute=0 rethrow=0 return_oop=0}
                      ; - com.sun.javafx.sg.prism.NGNode::doRender@153 (line 2037)
  0x00007197b8dad308: 143d 7d07 

  0x00007197b8dad30c: ;   {other}
  0x00007197b8dad30c: 0f1f 8400 | fc10 0009 | 488b 9c24 | f000 0000 

  0x00007197b8dad31c: ;   {metadata(method data for {method} {0x000071975469fec8} 'doRender' '(Lcom/sun/prism/Graphics;)V' in 'com/sun/javafx/sg/prism/NGNode')}
  0x00007197b8dad31c: 48be e885 | cb54 9771 | 0000 8b5b | 0849 ba00 | 0000 5f97 | 7100 0049 | 03da 483b | 9ef0 0500 
  0x00007197b8dad33c: 0075 0d48 | 8386 f805 | 0000 01e9 | 6000 0000 | 483b 9e00 | 0600 0075 | 0d48 8386 | 0806 0000 
  0x00007197b8dad35c: 01e9 4a00 | 0000 4883 | bef0 0500 | 0000 7517 | 4889 9ef0 | 0500 0048 | c786 f805 | 0000 0100 
  0x00007197b8dad37c: 0000 e929 | 0000 0048 | 83be 0006 | 0000 0075 | 1748 899e | 0006 0000 | 48c7 8608 | 0600 0001 
  0x00007197b8dad39c: 0000 00e9 | 0800 0000 | 4883 86e0 | 0500 0001 | 488b b424 | f000 0000 | c5fb 1184 | 2458 0100 
  0x00007197b8dad3bc: 0048 b890 | e011 6097 

  0x00007197b8dad3c4: ;   {virtual_call}
  0x00007197b8dad3c4: 7100 00e8 

  0x00007197b8dad3c8: ; ImmutableOopMap {[240]=Oop [248]=Oop [256]=Oop }
                      ;*invokevirtual getMzz {reexecute=0 rethrow=0 return_oop=0}
                      ; - com.sun.javafx.sg.prism.NGNode::doRender@160 (line 2038)
  0x00007197b8dad3c8: 743f 7d07 

  0x00007197b8dad3cc: ;   {other}
  0x00007197b8dad3cc: 0f1f 8400 | bc11 000a | 488b 9c24 | f000 0000 

  0x00007197b8dad3dc: ;   {metadata(method data for {method} {0x000071975469fec8} 'doRender' '(Lcom/sun/prism/Graphics;)V' in 'com/sun/javafx/sg/prism/NGNode')}
  0x00007197b8dad3dc: 48be e885 | cb54 9771 | 0000 8b5b | 0849 ba00 | 0000 5f97 | 7100 0049 | 03da 483b | 9e28 0600 
  0x00007197b8dad3fc: 0075 0d48 | 8386 3006 | 0000 01e9 | 6000 0000 | 483b 9e38 | 0600 0075 | 0d48 8386 | 4006 0000 
  0x00007197b8dad41c: 01e9 4a00 | 0000 4883 | be28 0600 | 0000 7517 | 4889 9e28 | 0600 0048 | c786 3006 | 0000 0100 
  0x00007197b8dad43c: 0000 e929 | 0000 0048 | 83be 3806 | 0000 0075 | 1748 899e | 3806 0000 | 48c7 8640 | 0600 0001 
  0x00007197b8dad45c: 0000 00e9 | 0800 0000 | 4883 8618 | 0600 0001 | 488b b424 | f000 0000 | c5fb 1184 | 2460 0100 
  0x00007197b8dad47c: 0048 b890 | e011 6097 

  0x00007197b8dad484: ;   {virtual_call}
  0x00007197b8dad484: 7100 00e8 

  0x00007197b8dad488: ; ImmutableOopMap {[248]=Oop [256]=Oop }
                      ;*invokevirtual getMzt {reexecute=0 rethrow=0 return_oop=0}
                      ; - com.sun.javafx.sg.prism.NGNode::doRender@167 (line 2039)
  0x00007197b8dad488: 94e7 7c07 

  0x00007197b8dad48c: ;   {other}
  0x00007197b8dad48c: 0f1f 8400 | 7c12 000b | 488b b424 | f800 0000 

  0x00007197b8dad49c: ;   {metadata(method data for {method} {0x000071975469fec8} 'doRender' '(Lcom/sun/prism/Graphics;)V' in 'com/sun/javafx/sg/prism/NGNode')}
  0x00007197b8dad49c: 48ba e885 | cb54 9771 | 0000 4883 | 8250 0600 | 0001 488b | b424 f800 | 0000 8b56 | 3048 c1e2 
  0x00007197b8dad4bc: 0348 8bbc | 2400 0100 | 0048 85ff | 0f84 2800 

  0x00007197b8dad4cc: ;   {metadata('com/sun/prism/sw/SWGraphics')}
  0x00007197b8dad4cc: 0000 49b8 | 18b8 2260 | 9771 0000 | 8b47 0849 | ba00 0000 | 5f97 7100 | 0049 03c2 | 4c3b c00f 
  0x00007197b8dad4ec: 857b 1000 | 00e9 0000 | 0000 488b | df48 8bdf 

  0x00007197b8dad4fc: ;   {metadata(method data for {method} {0x000071975469fec8} 'doRender' '(Lcom/sun/prism/Graphics;)V' in 'com/sun/javafx/sg/prism/NGNode')}
  0x00007197b8dad4fc: 48b8 e885 | cb54 9771 

  0x00007197b8dad504: ;   {metadata('com/sun/prism/sw/SWGraphics')}
  0x00007197b8dad504: 0000 49ba | 18b8 2260 | 9771 0000 | 4c89 9098 | 0600 0048 | 8380 a006 

  0x00007197b8dad51c: ;   {metadata(method data for {method} {0x0000719754c033a8} 'transform' '(Lcom/sun/javafx/geom/transform/BaseTransform;)V' in 'com/sun/prism/sw/SWGraphics')}
  0x00007197b8dad51c: 0000 0148 | bbf8 9acb | 5497 7100 | 008b 83f4 | 0000 0083 | c002 8983 | f400 0000 | 25fe ff1f 
  0x00007197b8dad53c: 0085 c00f | 842c 1000 

  0x00007197b8dad544: ;   {metadata(method data for {method} {0x0000719754c033a8} 'transform' '(Lcom/sun/javafx/geom/transform/BaseTransform;)V' in 'com/sun/prism/sw/SWGraphics')}
  0x00007197b8dad544: 0048 bbf8 | 9acb 5497 | 7100 00ff | 8338 0100 | 00c5 fb11 | 8424 6801 | 0000 8b5f | 2c48 c1e3 
  0x00007197b8dad564: 0348 3b03 

  0x00007197b8dad568: ;   {metadata(method data for {method} {0x0000719754c033a8} 'transform' '(Lcom/sun/javafx/geom/transform/BaseTransform;)V' in 'com/sun/prism/sw/SWGraphics')}
  0x00007197b8dad568: 488b c348 | b9f8 9acb | 5497 7100 | 008b 4008 | 49ba 0000 | 005f 9771 | 0000 4903 | c248 3b81 
  0x00007197b8dad588: e001 0000 | 750d 4883 | 81e8 0100 | 0001 e960 | 0000 0048 | 3b81 f001 | 0000 750d | 4883 81f8 
  0x00007197b8dad5a8: 0100 0001 | e94a 0000 | 0048 83b9 | e001 0000 | 0075 1748 | 8981 e001 | 0000 48c7 | 81e8 0100 
  0x00007197b8dad5c8: 0001 0000 | 00e9 2900 | 0000 4883 | b9f0 0100 | 0000 7517 | 4889 81f0 | 0100 0048 | c781 f801 
  0x00007197b8dad5e8: 0000 0100 | 0000 e908 | 0000 0048 | 8381 d001 | 0000 0148 | 8bf3 0f1f | 8000 0000 | 0048 b890 
  0x00007197b8dad608: e011 6097 

  0x00007197b8dad60c: ;   {virtual_call}
  0x00007197b8dad60c: 7100 00e8 

  0x00007197b8dad610: ; ImmutableOopMap {[248]=Oop [256]=Oop }
                      ;*invokevirtual deriveWithConcatenation {reexecute=0 rethrow=0 return_oop=0}
                      ; - com.sun.prism.sw.SWGraphics::transform@24 (line 176)
                      ; - com.sun.javafx.sg.prism.NGNode::doRender@177 (line 2050)
  0x00007197b8dad610: 0ca7 1c00 

  0x00007197b8dad614: ;   {other}
  0x00007197b8dad614: 0f1f 8400 | 0414 000c | 488b b424 | f800 0000 

  0x00007197b8dad624: ;   {metadata(method data for {method} {0x000071975469fec8} 'doRender' '(Lcom/sun/prism/Graphics;)V' in 'com/sun/javafx/sg/prism/NGNode')}
  0x00007197b8dad624: 48bf e885 | cb54 9771 | 0000 8b76 | 0849 ba00 | 0000 5f97 | 7100 0049 | 03f2 483b | b7d0 0600 
  0x00007197b8dad644: 0075 0d48 | 8387 d806 | 0000 01e9 | 6000 0000 | 483b b7e0 | 0600 0075 | 0d48 8387 | e806 0000 
  0x00007197b8dad664: 01e9 4a00 | 0000 4883 | bfd0 0600 | 0000 7517 | 4889 b7d0 | 0600 0048 | c787 d806 | 0000 0100 
  0x00007197b8dad684: 0000 e929 | 0000 0048 | 83bf e006 | 0000 0075 | 1748 89b7 | e006 0000 | 48c7 87e8 | 0600 0001 
  0x00007197b8dad6a4: 0000 00e9 | 0800 0000 | 4883 87c0 | 0600 0001 

  0x00007197b8dad6b4: ;   {metadata(method data for {method} {0x000071975469fc20} 'isShape3D' '()Z' in 'com/sun/javafx/sg/prism/NGNode')}
  0x00007197b8dad6b4: 48be a895 | cb54 9771 | 0000 8bbe | f400 0000 | 83c7 0289 | bef4 0000 | 0081 e7fe | ff1f 0085 
  0x00007197b8dad6d4: ff0f 84bc 

  0x00007197b8dad6d8: ;   {metadata(method data for {method} {0x000071975469fec8} 'doRender' '(Lcom/sun/prism/Graphics;)V' in 'com/sun/javafx/sg/prism/NGNode')}
  0x00007197b8dad6d8: 0e00 0048 | bee8 85cb | 5497 7100 | 00ff 8608 | 0700 0048 | 8b94 2400 | 0100 0048 | 85d2 7516 
  0x00007197b8dad6f8: ;   {metadata(method data for {method} {0x000071975469fec8} 'doRender' '(Lcom/sun/prism/Graphics;)V' in 'com/sun/javafx/sg/prism/NGNode')}
  0x00007197b8dad6f8: 48bb e885 | cb54 9771 | 0000 808b | 1107 0000 | 01e9 e700 

  0x00007197b8dad70c: ;   {metadata('com/sun/prism/ReadbackGraphics')}
  0x00007197b8dad70c: 0000 48b8 | 20b6 2260 | 9771 0000 | 8b5a 0849 | ba00 0000 | 5f97 7100 | 0049 03da | 483b 4320 
  0x00007197b8dad72c: 0f84 1a00 | 0000 483b | d80f 8411 | 0000 0053 

  0x00007197b8dad73c: ;   {runtime_call slow_subtype_check Runtime1 stub}
  0x00007197b8dad73c: 50e8 beed | 2907 5b5b | 85db 0f84 | 8d00 0000 

  0x00007197b8dad74c: ;   {metadata(method data for {method} {0x000071975469fec8} 'doRender' '(Lcom/sun/prism/Graphics;)V' in 'com/sun/javafx/sg/prism/NGNode')}
  0x00007197b8dad74c: 48bb e885 | cb54 9771 | 0000 8b42 | 0849 ba00 | 0000 5f97 | 7100 0049 | 03c2 483b | 8328 0700 
  0x00007197b8dad76c: 0075 0d48 | 8383 3007 | 0000 01e9 | 7e00 0000 | 483b 8338 | 0700 0075 | 0d48 8383 | 4007 0000 
  0x00007197b8dad78c: 01e9 6800 | 0000 4883 | bb28 0700 | 0000 7517 | 4889 8328 | 0700 0048 | c783 3007 | 0000 0100 
  0x00007197b8dad7ac: 0000 e947 | 0000 0048 | 83bb 3807 | 0000 0075 | 1748 8983 | 3807 0000 | 48c7 8340 | 0700 0001 
  0x00007197b8dad7cc: 0000 00e9 | 2600 0000 | e921 0000 

  0x00007197b8dad7d8: ;   {metadata(method data for {method} {0x000071975469fec8} 'doRender' '(Lcom/sun/prism/Graphics;)V' in 'com/sun/javafx/sg/prism/NGNode')}
  0x00007197b8dad7d8: 0048 bbe8 | 85cb 5497 | 7100 0048 | 83ab 1807 | 0000 01e9 | 0500 0000 | e905 0000 | 0048 33f6 
  0x00007197b8dad7f8: eb0a 48be | 0100 0000 | 0000 0000 

  0x00007197b8dad804: ;   {metadata(method data for {method} {0x000071975469fec8} 'doRender' '(Lcom/sun/prism/Graphics;)V' in 'com/sun/javafx/sg/prism/NGNode')}
  0x00007197b8dad804: 85f6 48be | e885 cb54 | 9771 0000 | 48bf 5007 | 0000 0000 | 0000 740a | 48bf 6007 | 0000 0000 
  0x00007197b8dad824: 0000 488b | 1c3e 488d | 5b01 4889 | 1c3e 0f84 | f000 0000 | 488b b424 | f800 0000 

  0x00007197b8dad840: ;   {metadata(method data for {method} {0x000071975469fec8} 'doRender' '(Lcom/sun/prism/Graphics;)V' in 'com/sun/javafx/sg/prism/NGNode')}
  0x00007197b8dad840: 48bf e885 | cb54 9771 | 0000 8b76 | 0849 ba00 | 0000 5f97 | 7100 0049 | 03f2 483b | b780 0700 
  0x00007197b8dad860: 0075 0d48 | 8387 8807 | 0000 01e9 | 6000 0000 | 483b b790 | 0700 0075 | 0d48 8387 | 9807 0000 
  0x00007197b8dad880: 01e9 4a00 | 0000 4883 | bf80 0700 | 0000 7517 | 4889 b780 | 0700 0048 | c787 8807 | 0000 0100 
  0x00007197b8dad8a0: 0000 e929 | 0000 0048 | 83bf 9007 | 0000 0075 | 1748 89b7 | 9007 0000 | 48c7 8798 | 0700 0001 
  0x00007197b8dad8c0: 0000 00e9 | 0800 0000 | 4883 8770 | 0700 0001 | 488b b424 | f800 0000 | 0f1f 4400 | 0048 b8ff 
  0x00007197b8dad8e0: ffff ffff 

  0x00007197b8dad8e4: ;   {virtual_call}
  0x00007197b8dad8e4: ffff ffe8 

  0x00007197b8dad8e8: ; ImmutableOopMap {[248]=Oop [256]=Oop }
                      ;*invokevirtual needsBlending {reexecute=0 rethrow=0 return_oop=0}
                      ; - com.sun.javafx.sg.prism.NGNode::doRender@200 (line 2056)
  0x00007197b8dad8e8: 7403 3007 

  0x00007197b8dad8ec: ;   {other}
  0x00007197b8dad8ec: 0f1f 8400 | dc16 000d 

  0x00007197b8dad8f4: ;   {metadata(method data for {method} {0x000071975469fec8} 'doRender' '(Lcom/sun/prism/Graphics;)V' in 'com/sun/javafx/sg/prism/NGNode')}
  0x00007197b8dad8f4: 85c0 48ba | e885 cb54 | 9771 0000 | 48be b807 | 0000 0000 | 0000 750a | 48be a807 | 0000 0000 
  0x00007197b8dad914: 0000 488b | 3c32 488d | 7f01 4889 | 3c32 0f85 | 0e08 0000 | 488b b424 | f800 0000 

  0x00007197b8dad930: ;   {metadata(method data for {method} {0x000071975469fec8} 'doRender' '(Lcom/sun/prism/Graphics;)V' in 'com/sun/javafx/sg/prism/NGNode')}
  0x00007197b8dad930: 48ba e885 | cb54 9771 | 0000 8b76 | 0849 ba00 | 0000 5f97 | 7100 0049 | 03f2 483b | b228 0800 
  0x00007197b8dad950: 0075 0d48 | 8382 3008 | 0000 01e9 | 6000 0000 | 483b b238 | 0800 0075 | 0d48 8382 | 4008 0000 
  0x00007197b8dad970: 01e9 4a00 | 0000 4883 | ba28 0800 | 0000 7517 | 4889 b228 | 0800 0048 | c782 3008 | 0000 0100 
  0x00007197b8dad990: 0000 e929 | 0000 0048 | 83ba 3808 | 0000 0075 | 1748 89b2 | 3808 0000 | 48c7 8240 | 0800 0001 
  0x00007197b8dad9b0: 0000 00e9 | 0800 0000 | 4883 8218 | 0800 0001 

  0x00007197b8dad9c0: ;   {metadata(method data for {method} {0x000071975469fc20} 'isShape3D' '()Z' in 'com/sun/javafx/sg/prism/NGNode')}
  0x00007197b8dad9c0: 48ba a895 | cb54 9771 | 0000 8bb2 | f400 0000 | 83c6 0289 | b2f4 0000 | 0081 e6fe | ff1f 0085 
  0x00007197b8dad9e0: f60f 84d1 

  0x00007197b8dad9e4: ;   {metadata(method data for {method} {0x000071975469fec8} 'doRender' '(Lcom/sun/prism/Graphics;)V' in 'com/sun/javafx/sg/prism/NGNode')}
  0x00007197b8dad9e4: 0b00 0048 | bae8 85cb | 5497 7100 | 00ff 8260 | 0800 0048 | 8bb4 24f8 | 0000 0048 

  0x00007197b8dada00: ;   {metadata(method data for {method} {0x000071975469fec8} 'doRender' '(Lcom/sun/prism/Graphics;)V' in 'com/sun/javafx/sg/prism/NGNode')}
  0x00007197b8dada00: 8bd6 48bf | e885 cb54 | 9771 0000 | 4883 8770 | 0800 0001 | c5fa 1046 

  0x00007197b8dada18: ;   {section_word}
  0x00007197b8dada18: 0cc5 fa10 | 0dff ebff | ffc5 f82e | c1ba 0100 | 0000 0f8a | 1300 0000 | 0f87 0d00 | 0000 ba00 
  0x00007197b8dada38: 0000 000f | 8402 0000 | 00ff ca85 

  0x00007197b8dada44: ;   {metadata(method data for {method} {0x000071975469fec8} 'doRender' '(Lcom/sun/prism/Graphics;)V' in 'com/sun/javafx/sg/prism/NGNode')}
  0x00007197b8dada44: d248 bae8 | 85cb 5497 | 7100 0048 | bfa8 0800 | 0000 0000 | 007d 0a48 | bfb8 0800 | 0000 0000 
  0x00007197b8dada64: 0048 8b1c | 3a48 8d5b | 0148 891c | 3a0f 8d4f | 0000 0048 

  0x00007197b8dada78: ;   {metadata(method data for {method} {0x000071975469fec8} 'doRender' '(Lcom/sun/prism/Graphics;)V' in 'com/sun/javafx/sg/prism/NGNode')}
  0x00007197b8dada78: 8bd6 48bf | e885 cb54 | 9771 0000 | 4883 87c8 | 0800 0001 | 488b 9424 | 0001 0000 | 488b fe48 
  0x00007197b8dada98: 8bf7 0f1f 

  0x00007197b8dada9c: ;   {optimized virtual_call}
  0x00007197b8dada9c: 4400 00e8 

  0x00007197b8dadaa0: ; ImmutableOopMap {[248]=Oop [256]=Oop }
                      ;*invokevirtual renderOpacity {reexecute=0 rethrow=0 return_oop=0}
                      ; - com.sun.javafx.sg.prism.NGNode::doRender@235 (line 2060)
  0x00007197b8dadaa0: 570d 0000 

  0x00007197b8dadaa4: ;   {other}
  0x00007197b8dadaa4: 0f1f 8400 | 9418 000e 

  0x00007197b8dadaac: ;   {metadata(method data for {method} {0x000071975469fec8} 'doRender' '(Lcom/sun/prism/Graphics;)V' in 'com/sun/javafx/sg/prism/NGNode')}
  0x00007197b8dadaac: 48ba e885 | cb54 9771 | 0000 ff82 | 0009 0000 | bf01 0000 | 00e9 c306 | 0000 488b | b424 f800 
  0x00007197b8dadacc: ;   {metadata(method data for {method} {0x000071975469fec8} 'doRender' '(Lcom/sun/prism/Graphics;)V' in 'com/sun/javafx/sg/prism/NGNode')}
  0x00007197b8dadacc: 0000 48ba | e885 cb54 | 9771 0000 | 8b76 0849 | ba00 0000 | 5f97 7100 | 0049 03f2 | 483b b228 
  0x00007197b8dadaec: 0900 0075 | 0d48 8382 | 3009 0000 | 01e9 6000 | 0000 483b | b238 0900 | 0075 0d48 | 8382 4009 
  0x00007197b8dadb0c: 0000 01e9 | 4a00 0000 | 4883 ba28 | 0900 0000 | 7517 4889 | b228 0900 | 0048 c782 | 3009 0000 
  0x00007197b8dadb2c: 0100 0000 | e929 0000 | 0048 83ba | 3809 0000 | 0075 1748 | 89b2 3809 | 0000 48c7 | 8240 0900 
  0x00007197b8dadb4c: 0001 0000 | 00e9 0800 | 0000 4883 | 8218 0900 

  0x00007197b8dadb5c: ;   {metadata(method data for {method} {0x000071975469fc20} 'isShape3D' '()Z' in 'com/sun/javafx/sg/prism/NGNode')}
  0x00007197b8dadb5c: 0001 48ba | a895 cb54 | 9771 0000 | 8bb2 f400 | 0000 83c6 | 0289 b2f4 | 0000 0081 | e6fe ff1f 
  0x00007197b8dadb7c: 0085 f60f | 8454 0a00 

  0x00007197b8dadb84: ;   {metadata(method data for {method} {0x000071975469fec8} 'doRender' '(Lcom/sun/prism/Graphics;)V' in 'com/sun/javafx/sg/prism/NGNode')}
  0x00007197b8dadb84: 0048 bae8 | 85cb 5497 | 7100 00ff | 8260 0900 | 0048 8bb4 | 24f8 0000 | 0048 8bd6 

  0x00007197b8dadba0: ;   {metadata(method data for {method} {0x000071975469fec8} 'doRender' '(Lcom/sun/prism/Graphics;)V' in 'com/sun/javafx/sg/prism/NGNode')}
  0x00007197b8dadba0: 48bf e885 | cb54 9771 | 0000 4883 | 8770 0900 | 0001 8b56 | 5048 c1e2 | 0348 85d2 

  0x00007197b8dadbbc: ;   {metadata(method data for {method} {0x000071975469fec8} 'doRender' '(Lcom/sun/prism/Graphics;)V' in 'com/sun/javafx/sg/prism/NGNode')}
  0x00007197b8dadbbc: 48ba e885 | cb54 9771 | 0000 48bf | a809 0000 | 0000 0000 | 740a 48bf | b809 0000 | 0000 0000 
  0x00007197b8dadbdc: 488b 1c3a | 488d 5b01 | 4889 1c3a | 0f84 5000 | 0000 488b 

  0x00007197b8dadbf0: ;   {metadata(method data for {method} {0x000071975469fec8} 'doRender' '(Lcom/sun/prism/Graphics;)V' in 'com/sun/javafx/sg/prism/NGNode')}
  0x00007197b8dadbf0: d648 bfe8 | 85cb 5497 | 7100 0048 | 8387 c809 | 0000 0148 | 8b94 2400 | 0100 0048 | 8bfe 488b 
  0x00007197b8dadc10: f766 0f1f 

  0x00007197b8dadc14: ;   {optimized virtual_call}
  0x00007197b8dadc14: 4400 00e8 

  0x00007197b8dadc18: ; ImmutableOopMap {[248]=Oop [256]=Oop }
                      ;*invokevirtual renderCached {reexecute=0 rethrow=0 return_oop=0}
                      ; - com.sun.javafx.sg.prism.NGNode::doRender@260 (line 2063)
  0x00007197b8dadc18: 6477 1d07 

  0x00007197b8dadc1c: ;   {other}
  0x00007197b8dadc1c: 0f1f 8400 | 0c1a 000f 

  0x00007197b8dadc24: ;   {metadata(method data for {method} {0x000071975469fec8} 'doRender' '(Lcom/sun/prism/Graphics;)V' in 'com/sun/javafx/sg/prism/NGNode')}
  0x00007197b8dadc24: 48ba e885 | cb54 9771 | 0000 ff82 | 000a 0000 | bf01 0000 | 00e9 4b05 | 0000 488b | b424 f800 
  0x00007197b8dadc44: ;   {metadata(method data for {method} {0x000071975469fec8} 'doRender' '(Lcom/sun/prism/Graphics;)V' in 'com/sun/javafx/sg/prism/NGNode')}
  0x00007197b8dadc44: 0000 48ba | e885 cb54 | 9771 0000 | 8b76 0849 | ba00 0000 | 5f97 7100 | 0049 03f2 | 483b b228 
  0x00007197b8dadc64: 0a00 0075 | 0d48 8382 | 300a 0000 | 01e9 6000 | 0000 483b | b238 0a00 | 0075 0d48 | 8382 400a 
  0x00007197b8dadc84: 0000 01e9 | 4a00 0000 | 4883 ba28 | 0a00 0000 | 7517 4889 | b228 0a00 | 0048 c782 | 300a 0000 
  0x00007197b8dadca4: 0100 0000 | e929 0000 | 0048 83ba | 380a 0000 | 0075 1748 | 89b2 380a | 0000 48c7 | 8240 0a00 
  0x00007197b8dadcc4: 0001 0000 | 00e9 0800 | 0000 4883 | 8218 0a00 

  0x00007197b8dadcd4: ;   {metadata(method data for {method} {0x000071975469fc20} 'isShape3D' '()Z' in 'com/sun/javafx/sg/prism/NGNode')}
  0x00007197b8dadcd4: 0001 48ba | a895 cb54 | 9771 0000 | 8bb2 f400 | 0000 83c6 | 0289 b2f4 | 0000 0081 | e6fe ff1f 
  0x00007197b8dadcf4: 0085 f60f | 84fd 0800 

  0x00007197b8dadcfc: ;   {metadata(method data for {method} {0x000071975469fec8} 'doRender' '(Lcom/sun/prism/Graphics;)V' in 'com/sun/javafx/sg/prism/NGNode')}
  0x00007197b8dadcfc: 0048 bae8 | 85cb 5497 | 7100 00ff | 8260 0a00 | 0048 8bb4 | 24f8 0000 | 0048 8bd6 

  0x00007197b8dadd18: ;   {metadata(method data for {method} {0x000071975469fec8} 'doRender' '(Lcom/sun/prism/Graphics;)V' in 'com/sun/javafx/sg/prism/NGNode')}
  0x00007197b8dadd18: 48bf e885 | cb54 9771 | 0000 4883 | 8770 0a00 | 0001 8b56 | 4848 c1e2 | 0348 85d2 

  0x00007197b8dadd34: ;   {metadata(method data for {method} {0x000071975469fec8} 'doRender' '(Lcom/sun/prism/Graphics;)V' in 'com/sun/javafx/sg/prism/NGNode')}
  0x00007197b8dadd34: 48ba e885 | cb54 9771 | 0000 48bf | a80a 0000 | 0000 0000 | 740a 48bf | b80a 0000 | 0000 0000 
  0x00007197b8dadd54: 488b 1c3a | 488d 5b01 | 4889 1c3a | 0f84 c800 | 0000 488b 

  0x00007197b8dadd68: ;   {metadata(method data for {method} {0x000071975469fec8} 'doRender' '(Lcom/sun/prism/Graphics;)V' in 'com/sun/javafx/sg/prism/NGNode')}
  0x00007197b8dadd68: d648 bfe8 | 85cb 5497 | 7100 008b | 5208 49ba | 0000 005f | 9771 0000 | 4903 d248 | 3b97 d80a 
  0x00007197b8dadd88: 0000 750d | 4883 87e0 | 0a00 0001 | e960 0000 | 0048 3b97 | e80a 0000 | 750d 4883 | 87f0 0a00 
  0x00007197b8dadda8: 0001 e94a | 0000 0048 | 83bf d80a | 0000 0075 | 1748 8997 | d80a 0000 | 48c7 87e0 | 0a00 0001 
  0x00007197b8daddc8: 0000 00e9 | 2900 0000 | 4883 bfe8 | 0a00 0000 | 7517 4889 | 97e8 0a00 | 0048 c787 | f00a 0000 
  0x00007197b8dadde8: 0100 0000 | e908 0000 | 0048 8387 | c80a 0000 | 0148 8b94 | 2400 0100 | 0048 8bfe 

  0x00007197b8dade04: ;   {optimized virtual_call}
  0x00007197b8dade04: 488b f7e8 

  0x00007197b8dade08: ; ImmutableOopMap {[248]=Oop [256]=Oop }
                      ;*invokevirtual renderClip {reexecute=0 rethrow=0 return_oop=0}
                      ; - com.sun.javafx.sg.prism.NGNode::doRender@285 (line 2066)
  0x00007197b8dade08: a109 0000 

  0x00007197b8dade0c: ;   {other}
  0x00007197b8dade0c: 0f1f 8400 | fc1b 0010 

  0x00007197b8dade14: ;   {metadata(method data for {method} {0x000071975469fec8} 'doRender' '(Lcom/sun/prism/Graphics;)V' in 'com/sun/javafx/sg/prism/NGNode')}
  0x00007197b8dade14: 48ba e885 | cb54 9771 | 0000 ff82 | 000b 0000 | bf01 0000 | 00e9 5b03 | 0000 488b | b424 f800 
  0x00007197b8dade34: ;   {metadata(method data for {method} {0x000071975469fec8} 'doRender' '(Lcom/sun/prism/Graphics;)V' in 'com/sun/javafx/sg/prism/NGNode')}
  0x00007197b8dade34: 0000 48ba | e885 cb54 | 9771 0000 | 8b76 0849 | ba00 0000 | 5f97 7100 | 0049 03f2 | 483b b228 
  0x00007197b8dade54: 0b00 0075 | 0d48 8382 | 300b 0000 | 01e9 6000 | 0000 483b | b238 0b00 | 0075 0d48 | 8382 400b 
  0x00007197b8dade74: 0000 01e9 | 4a00 0000 | 4883 ba28 | 0b00 0000 | 7517 4889 | b228 0b00 | 0048 c782 | 300b 0000 
  0x00007197b8dade94: 0100 0000 | e929 0000 | 0048 83ba | 380b 0000 | 0075 1748 | 89b2 380b | 0000 48c7 | 8240 0b00 
  0x00007197b8dadeb4: 0001 0000 | 00e9 0800 | 0000 4883 | 8218 0b00 

  0x00007197b8dadec4: ;   {metadata(method data for {method} {0x000071975469fc20} 'isShape3D' '()Z' in 'com/sun/javafx/sg/prism/NGNode')}
  0x00007197b8dadec4: 0001 48ba | a895 cb54 | 9771 0000 | 8bb2 f400 | 0000 83c6 | 0289 b2f4 | 0000 0081 | e6fe ff1f 
  0x00007197b8dadee4: 0085 f60f | 842e 0700 

  0x00007197b8dadeec: ;   {metadata(method data for {method} {0x000071975469fec8} 'doRender' '(Lcom/sun/prism/Graphics;)V' in 'com/sun/javafx/sg/prism/NGNode')}
  0x00007197b8dadeec: 0048 bae8 | 85cb 5497 | 7100 00ff | 8260 0b00 | 0048 8bb4 | 24f8 0000 | 0048 8bd6 

  0x00007197b8dadf08: ;   {metadata(method data for {method} {0x000071975469fec8} 'doRender' '(Lcom/sun/prism/Graphics;)V' in 'com/sun/javafx/sg/prism/NGNode')}
  0x00007197b8dadf08: 48bf e885 | cb54 9771 | 0000 4883 | 8770 0b00 | 0001 8b56 | 5448 c1e2 | 0348 85d2 

  0x00007197b8dadf24: ;   {metadata(method data for {method} {0x000071975469fec8} 'doRender' '(Lcom/sun/prism/Graphics;)V' in 'com/sun/javafx/sg/prism/NGNode')}
  0x00007197b8dadf24: 48ba e885 | cb54 9771 | 0000 48bf | a80b 0000 | 0000 0000 | 740a 48bf | b80b 0000 | 0000 0000 
  0x00007197b8dadf44: 488b 1c3a | 488d 5b01 | 4889 1c3a | 0f84 0001 

  0x00007197b8dadf54: ;   {oop(a 'java/lang/Boolean'{0x00000006e906da80} = true)}
  0x00007197b8dadf54: 0000 48ba | 80da 06e9 | 0600 0000 

  0x00007197b8dadf60: ;   {metadata(method data for {method} {0x000071975469fec8} 'doRender' '(Lcom/sun/prism/Graphics;)V' in 'com/sun/javafx/sg/prism/NGNode')}
  0x00007197b8dadf60: 48bf e885 | cb54 9771 | 0000 4883 | 87c8 0b00 

  0x00007197b8dadf70: ;   {metadata(method data for {method} {0x000071975469fec8} 'doRender' '(Lcom/sun/prism/Graphics;)V' in 'com/sun/javafx/sg/prism/NGNode')}
  0x00007197b8dadf70: 0001 48ba | e885 cb54 | 9771 0000 | ff82 100c | 0000 488b 

  0x00007197b8dadf84: ;   {metadata(method data for {method} {0x000071975469fec8} 'doRender' '(Lcom/sun/prism/Graphics;)V' in 'com/sun/javafx/sg/prism/NGNode')}
  0x00007197b8dadf84: d648 bfe8 | 85cb 5497 | 7100 008b | 5208 49ba | 0000 005f | 9771 0000 | 4903 d248 | 3b97 300c 
  0x00007197b8dadfa4: 0000 750d | 4883 8738 | 0c00 0001 | e960 0000 | 0048 3b97 | 400c 0000 | 750d 4883 | 8748 0c00 
  0x00007197b8dadfc4: 0001 e94a | 0000 0048 | 83bf 300c | 0000 0075 | 1748 8997 | 300c 0000 | 48c7 8738 | 0c00 0001 
  0x00007197b8dadfe4: 0000 00e9 | 2900 0000 | 4883 bf40 | 0c00 0000 | 7517 4889 | 9740 0c00 | 0048 c787 | 480c 0000 
  0x00007197b8dae004: 0100 0000 | e908 0000 | 0048 8387 | 200c 0000 | 0148 8b94 | 2400 0100 | 0048 8bfe | 488b f766 
  0x00007197b8dae024: 9048 b8f0 | db26 1897 

  0x00007197b8dae02c: ;   {virtual_call}
  0x00007197b8dae02c: 7100 00e8 

  0x00007197b8dae030: ; ImmutableOopMap {[248]=Oop [256]=Oop }
                      ;*invokevirtual renderEffect {reexecute=0 rethrow=0 return_oop=0}
                      ; - com.sun.javafx.sg.prism.NGNode::doRender@319 (line 2069)
  0x00007197b8dae030: 81ca 1d07 

  0x00007197b8dae034: ;   {other}
  0x00007197b8dae034: 0f1f 8400 | 241e 0011 

  0x00007197b8dae03c: ;   {metadata(method data for {method} {0x000071975469fec8} 'doRender' '(Lcom/sun/prism/Graphics;)V' in 'com/sun/javafx/sg/prism/NGNode')}
  0x00007197b8dae03c: 48ba e885 | cb54 9771 | 0000 ff82 | 580c 0000 | bf01 0000 | 00e9 3301 | 0000 488b | b424 f800 
  0x00007197b8dae05c: ;   {metadata(method data for {method} {0x000071975469fec8} 'doRender' '(Lcom/sun/prism/Graphics;)V' in 'com/sun/javafx/sg/prism/NGNode')}
  0x00007197b8dae05c: 0000 48ba | e885 cb54 | 9771 0000 | 8b76 0849 | ba00 0000 | 5f97 7100 | 0049 03f2 | 483b b280 
  0x00007197b8dae07c: 0c00 0075 | 0d48 8382 | 880c 0000 | 01e9 6000 | 0000 483b | b290 0c00 | 0075 0d48 | 8382 980c 
  0x00007197b8dae09c: 0000 01e9 | 4a00 0000 | 4883 ba80 | 0c00 0000 | 7517 4889 | b280 0c00 | 0048 c782 | 880c 0000 
  0x00007197b8dae0bc: 0100 0000 | e929 0000 | 0048 83ba | 900c 0000 | 0075 1748 | 89b2 900c | 0000 48c7 | 8298 0c00 
  0x00007197b8dae0dc: 0001 0000 | 00e9 0800 | 0000 4883 | 8270 0c00 | 0001 488b | 9424 0001 | 0000 488b | b424 f800 
  0x00007197b8dae0fc: 0000 0f1f | 8000 0000 | 0048 b8ff | ffff ffff 

  0x00007197b8dae10c: ;   {virtual_call}
  0x00007197b8dae10c: ffff ffe8 

  0x00007197b8dae110: ; ImmutableOopMap {[248]=Oop [256]=Oop }
                      ;*invokevirtual renderContent {reexecute=0 rethrow=0 return_oop=0}
                      ; - com.sun.javafx.sg.prism.NGNode::doRender@330 (line 2072)
  0x00007197b8dae110: 7cfb 2f07 

  0x00007197b8dae114: ;   {other}
  0x00007197b8dae114: 0f1f 8400 | 041f 0012 

  0x00007197b8dae11c: ;   {metadata(method data for {method} {0x000071975469fec8} 'doRender' '(Lcom/sun/prism/Graphics;)V' in 'com/sun/javafx/sg/prism/NGNode')}
  0x00007197b8dae11c: 48ba e885 | cb54 9771 | 0000 ff82 | a80c 0000 | bf00 0000 | 00e9 5300 | 0000 488b | b424 f800 
  0x00007197b8dae13c: ;   {metadata(method data for {method} {0x000071975469fec8} 'doRender' '(Lcom/sun/prism/Graphics;)V' in 'com/sun/javafx/sg/prism/NGNode')}
  0x00007197b8dae13c: 0000 48ba | e885 cb54 | 9771 0000 | 4883 82c8 | 0700 0001 | 488b 9424 | 0001 0000 | 488b b424 
  0x00007197b8dae15c: f800 0000 | 0f1f 8000 

  0x00007197b8dae164: ;   {optimized virtual_call}
  0x00007197b8dae164: 0000 00e8 

  0x00007197b8dae168: ; ImmutableOopMap {[248]=Oop [256]=Oop }
                      ;*invokevirtual renderNodeBlendMode {reexecute=0 rethrow=0 return_oop=0}
                      ; - com.sun.javafx.sg.prism.NGNode::doRender@208 (line 2057)
  0x00007197b8dae168: 1472 1d07 

  0x00007197b8dae16c: ;   {other}
  0x00007197b8dae16c: 0f1f 8400 | 5c1f 0013 

  0x00007197b8dae174: ;   {metadata(method data for {method} {0x000071975469fec8} 'doRender' '(Lcom/sun/prism/Graphics;)V' in 'com/sun/javafx/sg/prism/NGNode')}
  0x00007197b8dae174: 48be e885 | cb54 9771 | 0000 ff86 | 0008 0000 | bf01 0000 | 008b b424 | 0801 0000 

  0x00007197b8dae190: ;   {metadata(method data for {method} {0x000071975469fec8} 'doRender' '(Lcom/sun/prism/Graphics;)V' in 'com/sun/javafx/sg/prism/NGNode')}
  0x00007197b8dae190: 85f6 48be | e885 cb54 | 9771 0000 | 48bb a00d | 0000 0000 | 0000 750a | 48bb 900d | 0000 0000 
  0x00007197b8dae1b0: 0000 488b | 041e 488d | 4001 4889 | 041e 0f85 | 8000 0000 | 89bc 240c | 0100 00c5 | 7b10 9c24 
  0x00007197b8dae1d0: 6801 0000 | c57b 1094 | 2460 0100 | 00c5 7b10 | 8c24 5801 | 0000 c57b | 1084 2450 | 0100 00c5 
  0x00007197b8dae1f0: fb10 bc24 | 4801 0000 | c5fb 10b4 | 2440 0100 | 00c5 fb10 | ac24 3801 | 0000 c5fb | 10a4 2430 
  0x00007197b8dae210: 0100 00c5 | fb10 9c24 | 2801 0000 | c5fb 1094 | 2420 0100 | 00c5 fb10 | 8c24 1801 | 0000 c5fb 
  0x00007197b8dae230: 1084 2410 | 0100 0048 | 8b94 2400 | 0100 00e9 | d900 0000 | 488b 9424 | 0001 0000 | 4885 d20f 
  0x00007197b8dae250: 8428 0000 

  0x00007197b8dae254: ;   {metadata('com/sun/prism/sw/SWGraphics')}
  0x00007197b8dae254: 0048 b918 | b822 6097 | 7100 008b | 5a08 49ba | 0000 005f | 9771 0000 | 4903 da48 | 3bcb 0f85 
  0x00007197b8dae274: c403 0000 | e900 0000 | 0048 8bf2 

  0x00007197b8dae280: ;   {metadata(method data for {method} {0x000071975469fec8} 'doRender' '(Lcom/sun/prism/Graphics;)V' in 'com/sun/javafx/sg/prism/NGNode')}
  0x00007197b8dae280: 488b f248 | bbe8 85cb | 5497 7100 

  0x00007197b8dae28c: ;   {metadata('com/sun/prism/sw/SWGraphics')}
  0x00007197b8dae28c: 0049 ba18 | b822 6097 | 7100 004c | 8993 c00d | 0000 4883 | 83c8 0d00 | 0001 c642 | 1901 89bc 
  0x00007197b8dae2ac: 240c 0100 | 00c5 7b10 | 9c24 6801 | 0000 c57b | 1094 2460 | 0100 00c5 | 7b10 8c24 | 5801 0000 
  0x00007197b8dae2cc: c57b 1084 | 2450 0100 | 00c5 fb10 | bc24 4801 | 0000 c5fb | 10b4 2440 | 0100 00c5 | fb10 ac24 
  0x00007197b8dae2ec: 3801 0000 | c5fb 10a4 | 2430 0100 | 00c5 fb10 | 9c24 2801 | 0000 c5fb | 1094 2420 | 0100 00c5 
  0x00007197b8dae30c: fb10 8c24 | 1801 0000 | c5fb 1084 | 2410 0100 | 0048 85d2 | 0f84 2800 

  0x00007197b8dae324: ;   {metadata('com/sun/prism/sw/SWGraphics')}
  0x00007197b8dae324: 0000 49b8 | 18b8 2260 | 9771 0000 | 8b42 0849 | ba00 0000 | 5f97 7100 | 0049 03c2 | 4c3b c00f 
  0x00007197b8dae344: 85f8 0200 | 00e9 0000 | 0000 488b | da48 8bda 

  0x00007197b8dae354: ;   {metadata(method data for {method} {0x000071975469fec8} 'doRender' '(Lcom/sun/prism/Graphics;)V' in 'com/sun/javafx/sg/prism/NGNode')}
  0x00007197b8dae354: 48b8 e885 | cb54 9771 

  0x00007197b8dae35c: ;   {metadata('com/sun/prism/sw/SWGraphics')}
  0x00007197b8dae35c: 0000 49ba | 18b8 2260 | 9771 0000 | 4c89 90f8 | 0d00 0048 | 8380 000e | 0000 01c5 | 7b11 0424 
  0x00007197b8dae37c: c57b 114c | 2408 c57b | 1154 2410 | c57b 115c | 2418 488b | f266 0f1f 

  0x00007197b8dae394: ;   {optimized virtual_call}
  0x00007197b8dae394: 4400 00e8 

  0x00007197b8dae398: ; ImmutableOopMap {[248]=Oop [256]=Oop }
                      ;*invokeinterface setTransform3D {reexecute=0 rethrow=0 return_oop=0}
                      ; - com.sun.javafx.sg.prism.NGNode::doRender@396 (line 2083)
  0x00007197b8dae398: 8468 1b00 

  0x00007197b8dae39c: ;   {other}
  0x00007197b8dae39c: 0f1f 8400 | 8c21 0014 | 488b 9424 | 0001 0000 | 4885 d20f | 8428 0000 

  0x00007197b8dae3b4: ;   {metadata('com/sun/prism/sw/SWGraphics')}
  0x00007197b8dae3b4: 0048 b818 | b822 6097 | 7100 008b | 7a08 49ba | 0000 005f | 9771 0000 | 4903 fa48 | 3bc7 0f85 
  0x00007197b8dae3d4: 6e02 0000 | e900 0000 | 0048 8bf2 

  0x00007197b8dae3e0: ;   {metadata(method data for {method} {0x000071975469fec8} 'doRender' '(Lcom/sun/prism/Graphics;)V' in 'com/sun/javafx/sg/prism/NGNode')}
  0x00007197b8dae3e0: 488b f248 | bfe8 85cb | 5497 7100 

  0x00007197b8dae3ec: ;   {metadata('com/sun/prism/sw/SWGraphics')}
  0x00007197b8dae3ec: 0049 ba18 | b822 6097 | 7100 004c | 8997 300e | 0000 4883 | 8738 0e00 

  0x00007197b8dae404: ;   {metadata(method data for {method} {0x0000719754c03900} 'setDepthTest' '(Z)V' in 'com/sun/prism/sw/SWGraphics')}
  0x00007197b8dae404: 0001 48be | a099 cb54 | 9771 0000 | 8bbe f400 | 0000 83c7 | 0289 bef4 | 0000 0081 | e7fe ff1f 
  0x00007197b8dae424: 0085 ff0f | 841e 0200 

  0x00007197b8dae42c: ;   {metadata(method data for {method} {0x000071975469fec8} 'doRender' '(Lcom/sun/prism/Graphics;)V' in 'com/sun/javafx/sg/prism/NGNode')}
  0x00007197b8dae42c: 0048 bee8 | 85cb 5497 | 7100 00ff | 8658 0e00 

  0x00007197b8dae43c: ;   {metadata(method data for {method} {0x000071975469fec8} 'doRender' '(Lcom/sun/prism/Graphics;)V' in 'com/sun/javafx/sg/prism/NGNode')}
  0x00007197b8dae43c: 0048 bee8 | 85cb 5497 | 7100 00ff | 8688 0e00 | 0048 81c4 | 8001 0000 

  0x00007197b8dae454: ;   {poll_return}
  0x00007197b8dae454: 5d49 3ba7 | 5004 0000 | 0f87 0a02 | 0000 c348 | 81c4 8001 

  0x00007197b8dae468: ;   {poll_return}
  0x00007197b8dae468: 0000 5d49 | 3ba7 5004 | 0000 0f87 | 0a02 0000 

  0x00007197b8dae478: ;   {metadata({method} {0x000071975469fec8} 'doRender' '(Lcom/sun/prism/Graphics;)V' in 'com/sun/javafx/sg/prism/NGNode')}
  0x00007197b8dae478: c349 bac8 | fe69 5497 | 7100 004c | 8954 2408 | 48c7 0424 | ffff ffff 

  0x00007197b8dae490: ;   {runtime_call counter_overflow Runtime1 stub}
  0x00007197b8dae490: e86b 052a 

  0x00007197b8dae494: ; ImmutableOopMap {rsi=Oop rdx=Oop [248]=Oop [256]=Oop }
                      ;*synchronization entry
                      ; - com.sun.javafx.sg.prism.NGNode::doRender@-1 (line 1994)
  0x00007197b8dae494: 07e9 1ce2 

  0x00007197b8dae498: ;   {metadata({method} {0x000071975469fc20} 'isShape3D' '()Z' in 'com/sun/javafx/sg/prism/NGNode')}
  0x00007197b8dae498: ffff 49ba | 20fc 6954 | 9771 0000 | 4c89 5424 | 0848 c704 | 24ff ffff 

  0x00007197b8dae4b0: ;   {runtime_call counter_overflow Runtime1 stub}
  0x00007197b8dae4b0: ffe8 4a05 

  0x00007197b8dae4b4: ; ImmutableOopMap {rsi=Oop rdx=Oop [248]=Oop [256]=Oop }
                      ;*synchronization entry
                      ; - com.sun.javafx.sg.prism.NGNode::isShape3D@-1 (line 1985)
                      ; - com.sun.javafx.sg.prism.NGNode::doRender@2 (line 1994)
  0x00007197b8dae4b4: 2a07 e9b5 

  0x00007197b8dae4b8: ;   {runtime_call throw_incompatible_class_change_error Runtime1 stub}
  0x00007197b8dae4b8: e2ff ffe8 

  0x00007197b8dae4bc: ; ImmutableOopMap {rsi=Oop rdx=Oop [248]=Oop [256]=Oop }
                      ;*invokeinterface setState3D {reexecute=0 rethrow=0 return_oop=0}
                      ; - com.sun.javafx.sg.prism.NGNode::doRender@5 (line 1994)
  0x00007197b8dae4bc: 40dd 2907 

  0x00007197b8dae4c0: ;   {runtime_call throw_null_pointer_exception Runtime1 stub}
  0x00007197b8dae4c0: e83b b629 

  0x00007197b8dae4c4: ; ImmutableOopMap {rsi=Oop rdx=Oop [248]=Oop [256]=Oop }
                      ;*invokeinterface setState3D {reexecute=0 rethrow=0 return_oop=0}
                      ; - com.sun.javafx.sg.prism.NGNode::doRender@5 (line 1994)
                      ;   {metadata({method} {0x0000719754c070d8} 'setState3D' '(Z)V' in 'com/sun/prism/sw/SWGraphics')}
  0x00007197b8dae4c4: 0749 bad8 | 70c0 5497 | 7100 004c | 8954 2408 | 48c7 0424 | ffff ffff 

  0x00007197b8dae4dc: ;   {runtime_call counter_overflow Runtime1 stub}
  0x00007197b8dae4dc: e81f 052a 

  0x00007197b8dae4e0: ; ImmutableOopMap {rsi=Oop rdx=Oop [248]=Oop [256]=Oop }
                      ;*synchronization entry
                      ; - com.sun.prism.sw.SWGraphics::setState3D@-1 (line 929)
                      ; - com.sun.javafx.sg.prism.NGNode::doRender@5 (line 1994)
  0x00007197b8dae4e0: 07e9 0ee3 

  0x00007197b8dae4e4: ;   {runtime_call throw_incompatible_class_change_error Runtime1 stub}
  0x00007197b8dae4e4: ffff e815 

  0x00007197b8dae4e8: ; ImmutableOopMap {rsi=Oop rdx=Oop [248]=Oop [256]=Oop }
                      ;*invokeinterface hasPreCullingBits {reexecute=0 rethrow=0 return_oop=0}
                      ; - com.sun.javafx.sg.prism.NGNode::doRender@19 (line 1998)
                      ;   {runtime_call throw_incompatible_class_change_error Runtime1 stub}
  0x00007197b8dae4e8: dd29 07e8 

  0x00007197b8dae4ec: ; ImmutableOopMap {rsi=Oop rdx=Oop [248]=Oop [256]=Oop }
                      ;*invokeinterface getClipRectIndex {reexecute=0 rethrow=0 return_oop=0}
                      ; - com.sun.javafx.sg.prism.NGNode::doRender@32 (line 2000)
  0x00007197b8dae4ec: 10dd 2907 

  0x00007197b8dae4f0: ;   {runtime_call throw_incompatible_class_change_error Runtime1 stub}
  0x00007197b8dae4f0: e80b dd29 

  0x00007197b8dae4f4: ; ImmutableOopMap {rsi=Oop rdx=Oop [248]=Oop [256]=Oop }
                      ;*invokeinterface setHasPreCullingBits {reexecute=0 rethrow=0 return_oop=0}
                      ; - com.sun.javafx.sg.prism.NGNode::doRender@56 (line 2009)
                      ;   {runtime_call throw_incompatible_class_change_error Runtime1 stub}
  0x00007197b8dae4f4: 07e8 06dd 

  0x00007197b8dae4f8: ; ImmutableOopMap {rsi=Oop rdx=Oop [248]=Oop [256]=Oop }
                      ;*invokeinterface isDepthTest {reexecute=0 rethrow=0 return_oop=0}
                      ; - com.sun.javafx.sg.prism.NGNode::doRender@64 (line 2016)
                      ;   {metadata({method} {0x0000719754c03998} 'isDepthTest' '()Z' in 'com/sun/prism/sw/SWGraphics')}
  0x00007197b8dae4f8: 2907 49ba | 9839 c054 | 9771 0000 | 4c89 5424 | 0848 c704 | 24ff ffff 

  0x00007197b8dae510: ;   {runtime_call counter_overflow Runtime1 stub}
  0x00007197b8dae510: ffe8 ea04 

  0x00007197b8dae514: ; ImmutableOopMap {rsi=Oop rdx=Oop [248]=Oop [256]=Oop }
                      ;*synchronization entry
                      ; - com.sun.prism.sw.SWGraphics::isDepthTest@-1 (line 214)
                      ; - com.sun.javafx.sg.prism.NGNode::doRender@64 (line 2016)
  0x00007197b8dae514: 2a07 e94a 

  0x00007197b8dae518: ;   {runtime_call throw_incompatible_class_change_error Runtime1 stub}
  0x00007197b8dae518: e5ff ffe8 

  0x00007197b8dae51c: ; ImmutableOopMap {rsi=Oop rdx=Oop [248]=Oop [256]=Oop }
                      ;*invokeinterface setDepthTest {reexecute=0 rethrow=0 return_oop=0}
                      ; - com.sun.javafx.sg.prism.NGNode::doRender@75 (line 2021)
  0x00007197b8dae51c: e0dc 2907 

  0x00007197b8dae520: ;   {metadata({method} {0x0000719754c03900} 'setDepthTest' '(Z)V' in 'com/sun/prism/sw/SWGraphics')}
  0x00007197b8dae520: 49ba 0039 | c054 9771 | 0000 4c89 | 5424 0848 | c704 24ff 

  0x00007197b8dae534: ;   {runtime_call counter_overflow Runtime1 stub}
  0x00007197b8dae534: ffff ffe8 

  0x00007197b8dae538: ; ImmutableOopMap {rsi=Oop rdx=Oop [248]=Oop [256]=Oop }
                      ;*synchronization entry
                      ; - com.sun.prism.sw.SWGraphics::setDepthTest@-1 (line 211)
                      ; - com.sun.javafx.sg.prism.NGNode::doRender@75 (line 2021)
  0x00007197b8dae538: c404 2a07 | e9bd e5ff 

  0x00007197b8dae540: ;   {runtime_call throw_incompatible_class_change_error Runtime1 stub}
  0x00007197b8dae540: ffe8 badc 

  0x00007197b8dae544: ; ImmutableOopMap {rsi=Oop rdx=Oop [248]=Oop [256]=Oop }
                      ;*invokeinterface getTransformNoClone {reexecute=0 rethrow=0 return_oop=0}
                      ; - com.sun.javafx.sg.prism.NGNode::doRender@81 (line 2024)
                      ;   {metadata({method} {0x0000719754c03050} 'getTransformNoClone' '()Lcom/sun/javafx/geom/transform/BaseTransform;' in 'com/sun/prism/sw/SWGraphics')}
  0x00007197b8dae544: 2907 49ba | 5030 c054 | 9771 0000 | 4c89 5424 | 0848 c704 | 24ff ffff 

  0x00007197b8dae55c: ;   {runtime_call counter_overflow Runtime1 stub}
  0x00007197b8dae55c: ffe8 9e04 

  0x00007197b8dae560: ; ImmutableOopMap {rsi=Oop rdx=Oop [248]=Oop [256]=Oop }
                      ;*synchronization entry
                      ; - com.sun.prism.sw.SWGraphics::getTransformNoClone@-1 (line 136)
                      ; - com.sun.javafx.sg.prism.NGNode::doRender@81 (line 2024)
  0x00007197b8dae560: 2a07 e917 

  0x00007197b8dae564: ;   {runtime_call throw_null_pointer_exception Runtime1 stub}
  0x00007197b8dae564: e6ff ffe8 

  0x00007197b8dae568: ; ImmutableOopMap {rbx=Oop [248]=Oop [256]=Oop }
                      ;*invokevirtual getMxx {reexecute=0 rethrow=0 return_oop=0}
                      ; - com.sun.javafx.sg.prism.NGNode::doRender@90 (line 2026)
  0x00007197b8dae568: 94b5 2907 

  0x00007197b8dae56c: ;   {runtime_call throw_incompatible_class_change_error Runtime1 stub}
  0x00007197b8dae56c: e88f dc29 

  0x00007197b8dae570: ; ImmutableOopMap {rsi=Oop rdx=Oop rdi=Oop [248]=Oop [256]=Oop }
                      ;*invokeinterface transform {reexecute=0 rethrow=0 return_oop=0}
                      ; - com.sun.javafx.sg.prism.NGNode::doRender@177 (line 2050)
                      ;   {metadata({method} {0x0000719754c033a8} 'transform' '(Lcom/sun/javafx/geom/transform/BaseTransform;)V' in 'com/sun/prism/sw/SWGraphics')}
  0x00007197b8dae570: 0749 baa8 | 33c0 5497 | 7100 004c | 8954 2408 | 48c7 0424 | ffff ffff 

  0x00007197b8dae588: ;   {runtime_call counter_overflow Runtime1 stub}
  0x00007197b8dae588: e873 042a 

  0x00007197b8dae58c: ; ImmutableOopMap {rsi=Oop rdx=Oop rdi=Oop [248]=Oop [256]=Oop }
                      ;*synchronization entry
                      ; - com.sun.prism.sw.SWGraphics::transform@-1 (line 173)
                      ; - com.sun.javafx.sg.prism.NGNode::doRender@177 (line 2050)
  0x00007197b8dae58c: 07e9 b3ef 

  0x00007197b8dae590: ;   {runtime_call throw_null_pointer_exception Runtime1 stub}
  0x00007197b8dae590: ffff e869 

  0x00007197b8dae594: ; ImmutableOopMap {rdx=Oop rdi=Oop rbx=Oop [248]=Oop [256]=Oop }
                      ;*invokevirtual deriveWithConcatenation {reexecute=0 rethrow=0 return_oop=0}
                      ; - com.sun.prism.sw.SWGraphics::transform@24 (line 176)
                      ; - com.sun.javafx.sg.prism.NGNode::doRender@177 (line 2050)
                      ;   {metadata({method} {0x000071975469fc20} 'isShape3D' '()Z' in 'com/sun/javafx/sg/prism/NGNode')}
  0x00007197b8dae594: b529 0749 | ba20 fc69 | 5497 7100 | 004c 8954 | 2408 48c7 | 0424 ffff 

  0x00007197b8dae5ac: ;   {runtime_call counter_overflow Runtime1 stub}
  0x00007197b8dae5ac: ffff e84d 

  0x00007197b8dae5b0: ; ImmutableOopMap {[248]=Oop [256]=Oop }
                      ;*synchronization entry
                      ; - com.sun.javafx.sg.prism.NGNode::isShape3D@-1 (line 1985)
                      ; - com.sun.javafx.sg.prism.NGNode::doRender@186 (line 2056)
  0x00007197b8dae5b0: 042a 07e9 | 23f1 ffff 

  0x00007197b8dae5b8: ;   {metadata({method} {0x000071975469fc20} 'isShape3D' '()Z' in 'com/sun/javafx/sg/prism/NGNode')}
  0x00007197b8dae5b8: 49ba 20fc | 6954 9771 | 0000 4c89 | 5424 0848 | c704 24ff 

  0x00007197b8dae5cc: ;   {runtime_call counter_overflow Runtime1 stub}
  0x00007197b8dae5cc: ffff ffe8 

  0x00007197b8dae5d0: ; ImmutableOopMap {[248]=Oop [256]=Oop }
                      ;*synchronization entry
                      ; - com.sun.javafx.sg.prism.NGNode::isShape3D@-1 (line 1985)
                      ; - com.sun.javafx.sg.prism.NGNode::doRender@218 (line 2059)
  0x00007197b8dae5d0: 2c04 2a07 | e90e f4ff 

  0x00007197b8dae5d8: ;   {metadata({method} {0x000071975469fc20} 'isShape3D' '()Z' in 'com/sun/javafx/sg/prism/NGNode')}
  0x00007197b8dae5d8: ff49 ba20 | fc69 5497 | 7100 004c | 8954 2408 | 48c7 0424 | ffff ffff 

  0x00007197b8dae5f0: ;   {runtime_call counter_overflow Runtime1 stub}
  0x00007197b8dae5f0: e80b 042a 

  0x00007197b8dae5f4: ; ImmutableOopMap {[248]=Oop [256]=Oop }
                      ;*synchronization entry
                      ; - com.sun.javafx.sg.prism.NGNode::isShape3D@-1 (line 1985)
                      ; - com.sun.javafx.sg.prism.NGNode::doRender@245 (line 2062)
  0x00007197b8dae5f4: 07e9 8bf5 

  0x00007197b8dae5f8: ;   {metadata({method} {0x000071975469fc20} 'isShape3D' '()Z' in 'com/sun/javafx/sg/prism/NGNode')}
  0x00007197b8dae5f8: ffff 49ba | 20fc 6954 | 9771 0000 | 4c89 5424 | 0848 c704 | 24ff ffff 

  0x00007197b8dae610: ;   {runtime_call counter_overflow Runtime1 stub}
  0x00007197b8dae610: ffe8 ea03 

  0x00007197b8dae614: ; ImmutableOopMap {[248]=Oop [256]=Oop }
                      ;*synchronization entry
                      ; - com.sun.javafx.sg.prism.NGNode::isShape3D@-1 (line 1985)
                      ; - com.sun.javafx.sg.prism.NGNode::doRender@270 (line 2065)
  0x00007197b8dae614: 2a07 e9e2 

  0x00007197b8dae618: ;   {metadata({method} {0x000071975469fc20} 'isShape3D' '()Z' in 'com/sun/javafx/sg/prism/NGNode')}
  0x00007197b8dae618: f6ff ff49 | ba20 fc69 | 5497 7100 | 004c 8954 | 2408 48c7 | 0424 ffff 

  0x00007197b8dae630: ;   {runtime_call counter_overflow Runtime1 stub}
  0x00007197b8dae630: ffff e8c9 

  0x00007197b8dae634: ; ImmutableOopMap {[248]=Oop [256]=Oop }
                      ;*synchronization entry
                      ; - com.sun.javafx.sg.prism.NGNode::isShape3D@-1 (line 1985)
                      ; - com.sun.javafx.sg.prism.NGNode::doRender@295 (line 2068)
  0x00007197b8dae634: 032a 07e9 | b1f8 ffff 

  0x00007197b8dae63c: ;   {runtime_call throw_incompatible_class_change_error Runtime1 stub}
  0x00007197b8dae63c: e8bf db29 

  0x00007197b8dae640: ; ImmutableOopMap {rdx=Oop [248]=Oop [256]=Oop }
                      ;*invokeinterface setHasPreCullingBits {reexecute=0 rethrow=0 return_oop=0}
                      ; - com.sun.javafx.sg.prism.NGNode::doRender@366 (line 2079)
                      ;   {runtime_call throw_incompatible_class_change_error Runtime1 stub}
  0x00007197b8dae640: 07e8 badb 

  0x00007197b8dae644: ; ImmutableOopMap {rdx=Oop [248]=Oop [256]=Oop }
                      ;*invokeinterface setTransform3D {reexecute=0 rethrow=0 return_oop=0}
                      ; - com.sun.javafx.sg.prism.NGNode::doRender@396 (line 2083)
                      ;   {runtime_call throw_incompatible_class_change_error Runtime1 stub}
  0x00007197b8dae644: 2907 e8b5 

  0x00007197b8dae648: ; ImmutableOopMap {rdx=Oop [248]=Oop [256]=Oop }
                      ;*invokeinterface setDepthTest {reexecute=0 rethrow=0 return_oop=0}
                      ; - com.sun.javafx.sg.prism.NGNode::doRender@403 (line 2088)
                      ;   {metadata({method} {0x0000719754c03900} 'setDepthTest' '(Z)V' in 'com/sun/prism/sw/SWGraphics')}
  0x00007197b8dae648: db29 0749 | ba00 39c0 | 5497 7100 | 004c 8954 | 2408 48c7 | 0424 ffff 

  0x00007197b8dae660: ;   {runtime_call counter_overflow Runtime1 stub}
  0x00007197b8dae660: ffff e899 

  0x00007197b8dae664: ; ImmutableOopMap {rdx=Oop [248]=Oop [256]=Oop }
                      ;*synchronization entry
                      ; - com.sun.prism.sw.SWGraphics::setDepthTest@-1 (line 211)
                      ; - com.sun.javafx.sg.prism.NGNode::doRender@403 (line 2088)
  0x00007197b8dae664: 032a 07e9 | c1fd ffff 

  0x00007197b8dae66c: ;   {internal_word}
  0x00007197b8dae66c: 49ba 55e4 | dab8 9771 | 0000 4d89 | 9768 0400 

  0x00007197b8dae67c: ;   {runtime_call SafepointBlob}
  0x00007197b8dae67c: 00e9 7ed9 

  0x00007197b8dae680: ;   {internal_word}
  0x00007197b8dae680: 1d07 49ba | 6be4 dab8 | 9771 0000 | 4d89 9768 

  0x00007197b8dae690: ;   {runtime_call SafepointBlob}
  0x00007197b8dae690: 0400 00e9 | 68d9 1d07 | 498b 8700 | 0500 0049 | c787 0005 | 0000 0000 | 0000 49c7 | 8708 0500 
  0x00007197b8dae6b0: 0000 0000 | 0048 81c4 | 8001 0000 

  0x00007197b8dae6bc: ;   {runtime_call unwind_exception Runtime1 stub}
  0x00007197b8dae6bc: 5de9 3ea5 | 2907 f4f4 | f4f4 f4f4 
[Stub Code]
  0x00007197b8dae6c8: ;   {no_reloc}
  0x00007197b8dae6c8: 0f1f 4400 

  0x00007197b8dae6cc: ;   {static_stub}
  0x00007197b8dae6cc: 0048 bb00 | 0000 0000 

  0x00007197b8dae6d4: ;   {runtime_call}
  0x00007197b8dae6d4: 0000 00e9 | fbff ffff 

  0x00007197b8dae6dc: ;   {static_stub}
  0x00007197b8dae6dc: 9048 bb00 | 0000 0000 

  0x00007197b8dae6e4: ;   {runtime_call}
  0x00007197b8dae6e4: 0000 00e9 | fbff ffff 

  0x00007197b8dae6ec: ;   {static_stub}
  0x00007197b8dae6ec: 9048 bb00 | 0000 0000 

  0x00007197b8dae6f4: ;   {runtime_call}
  0x00007197b8dae6f4: 0000 00e9 | fbff ffff 

  0x00007197b8dae6fc: ;   {static_stub}
  0x00007197b8dae6fc: 9048 bb00 | 0000 0000 

  0x00007197b8dae704: ;   {runtime_call}
  0x00007197b8dae704: 0000 00e9 | fbff ffff 

  0x00007197b8dae70c: ;   {static_stub}
  0x00007197b8dae70c: 9048 bb00 | 0000 0000 

  0x00007197b8dae714: ;   {runtime_call}
  0x00007197b8dae714: 0000 00e9 | fbff ffff 

  0x00007197b8dae71c: ;   {static_stub}
  0x00007197b8dae71c: 9048 bb00 | 0000 0000 

  0x00007197b8dae724: ;   {runtime_call}
  0x00007197b8dae724: 0000 00e9 | fbff ffff 

  0x00007197b8dae72c: ;   {static_stub}
  0x00007197b8dae72c: 9048 bb00 | 0000 0000 

  0x00007197b8dae734: ;   {runtime_call}
  0x00007197b8dae734: 0000 00e9 | fbff ffff 

  0x00007197b8dae73c: ;   {static_stub}
  0x00007197b8dae73c: 9048 bb00 | 0000 0000 

  0x00007197b8dae744: ;   {runtime_call}
  0x00007197b8dae744: 0000 00e9 | fbff ffff 

  0x00007197b8dae74c: ;   {static_stub}
  0x00007197b8dae74c: 9048 bb00 | 0000 0000 

  0x00007197b8dae754: ;   {runtime_call}
  0x00007197b8dae754: 0000 00e9 | fbff ffff 

  0x00007197b8dae75c: ;   {static_stub}
  0x00007197b8dae75c: 9048 bb00 | 0000 0000 

  0x00007197b8dae764: ;   {runtime_call}
  0x00007197b8dae764: 0000 00e9 | fbff ffff 

  0x00007197b8dae76c: ;   {static_stub}
  0x00007197b8dae76c: 9048 bb00 | 0000 0000 

  0x00007197b8dae774: ;   {runtime_call}
  0x00007197b8dae774: 0000 00e9 | fbff ffff 

  0x00007197b8dae77c: ;   {static_stub}
  0x00007197b8dae77c: 9048 bb00 | 0000 0000 

  0x00007197b8dae784: ;   {runtime_call}
  0x00007197b8dae784: 0000 00e9 | fbff ffff 

  0x00007197b8dae78c: ;   {static_stub}
  0x00007197b8dae78c: 9048 bb00 | 0000 0000 

  0x00007197b8dae794: ;   {runtime_call}
  0x00007197b8dae794: 0000 00e9 | fbff ffff 

  0x00007197b8dae79c: ;   {static_stub}
  0x00007197b8dae79c: 9048 bb00 | 0000 0000 

  0x00007197b8dae7a4: ;   {runtime_call}
  0x00007197b8dae7a4: 0000 00e9 | fbff ffff 

  0x00007197b8dae7ac: ;   {static_stub}
  0x00007197b8dae7ac: 9048 bb30 | 866a 5497 

  0x00007197b8dae7b4: ;   {runtime_call I2C/C2I adapters}
  0x00007197b8dae7b4: 7100 00e9 | 2bc3 1d07 

  0x00007197b8dae7bc: ;   {static_stub}
  0x00007197b8dae7bc: 9048 bb00 | 0000 0000 

  0x00007197b8dae7c4: ;   {runtime_call}
  0x00007197b8dae7c4: 0000 00e9 | fbff ffff 

  0x00007197b8dae7cc: ;   {static_stub}
  0x00007197b8dae7cc: 9048 bb00 | 0000 0000 

  0x00007197b8dae7d4: ;   {runtime_call}
  0x00007197b8dae7d4: 0000 00e9 | fbff ffff 

  0x00007197b8dae7dc: ;   {static_stub}
  0x00007197b8dae7dc: 9048 bbe0 | 32c0 5497 

  0x00007197b8dae7e4: ;   {runtime_call I2C/C2I adapters}
  0x00007197b8dae7e4: 7100 00e9 | 566b 2f07 

  0x00007197b8dae7ec: ;   {static_stub}
  0x00007197b8dae7ec: 48bb 0000 | 0000 0000 

  0x00007197b8dae7f4: ;   {runtime_call}
  0x00007197b8dae7f4: 0000 e9fb 

  0x00007197b8dae7f8: ;   {static_stub}
  0x00007197b8dae7f8: ffff ff48 | bb20 896a | 5497 7100 

  0x00007197b8dae804: ;   {runtime_call I2C/C2I adapters}
  0x00007197b8dae804: 00e9 ddc2 

  0x00007197b8dae808: ;   {static_stub}
  0x00007197b8dae808: 1d07 48bb | 0000 0000 | 0000 0000 

  0x00007197b8dae814: ;   {runtime_call}
  0x00007197b8dae814: e9fb ffff 

  0x00007197b8dae818: ;   {runtime_call handle_exception_from_callee Runtime1 stub}
  0x00007197b8dae818: ffe8 e2d0 

  0x00007197b8dae81c: ;   {external_word}
  0x00007197b8dae81c: 2907 48bf | dbff 03d9 | 9771 0000 | 4883 e4f0 

  0x00007197b8dae82c: ;   {runtime_call MacroAssembler::debug64(char*, long, long*)}
  0x00007197b8dae82c: e8af 26e1 

  0x00007197b8dae830: ;   {section_word}
  0x00007197b8dae830: 1ff4 49ba | 32e8 dab8 | 9771 0000 

  0x00007197b8dae83c: ;   {runtime_call DeoptimizationBlob}
  0x00007197b8dae83c: 4152 e95d | ca1d 07f4 | f4f4 f4f4 
[/MachCode]


Compiled method (c1)   64010 2188       3       com.sun.javafx.sg.prism.NGNode::render (39 bytes)
 total in heap  [0x00007197b8dc8a90,0x00007197b8dc9058] = 1480
 relocation     [0x00007197b8dc8be8,0x00007197b8dc8c48] = 96
 main code      [0x00007197b8dc8c60,0x00007197b8dc8f78] = 792
 stub code      [0x00007197b8dc8f78,0x00007197b8dc8fc8] = 80
 oops           [0x00007197b8dc8fc8,0x00007197b8dc8fd0] = 8
 metadata       [0x00007197b8dc8fd0,0x00007197b8dc8fd8] = 8
 scopes data    [0x00007197b8dc8fd8,0x00007197b8dc9000] = 40
 scopes pcs     [0x00007197b8dc9000,0x00007197b8dc9050] = 80
 dependencies   [0x00007197b8dc9050,0x00007197b8dc9058] = 8

[Constant Pool (empty)]

[MachCode]
[Entry Point]
  # {method} {0x000071975469fae0} 'render' '(Lcom/sun/prism/Graphics;)V' in 'com/sun/javafx/sg/prism/NGNode'
  # this:     rsi:rsi   = 'com/sun/javafx/sg/prism/NGNode'
  # parm0:    rdx:rdx   = 'com/sun/prism/Graphics'
  #           [sp+0x40]  (sp of caller)
  0x00007197b8dc8c60: 448b 5608 | 49bb 0000 | 005f 9771 | 0000 4d03 | d34c 3bd0 

  0x00007197b8dc8c74: ;   {runtime_call ic_miss_stub}
  0x00007197b8dc8c74: 0f85 06c4 | 1b07 660f | 1f44 0000 
[Verified Entry Point]
  0x00007197b8dc8c80: 8984 2400 | c0fe ff55 | 4883 ec30 | 4181 7f20 | 0300 0000 

  0x00007197b8dc8c94: ;   {runtime_call StubRoutines (final stubs)}
  0x00007197b8dc8c94: 7405 e805 

  0x00007197b8dc8c98: ;   {metadata(method data for {method} {0x000071975469fae0} 'render' '(Lcom/sun/prism/Graphics;)V' in 'com/sun/javafx/sg/prism/NGNode')}
  0x00007197b8dc8c98: 281a 0748 | bf60 eecc | 5497 7100 | 008b 9ff4 | 0000 0083 | c302 899f | f400 0000 | 81e3 fe07 
  0x00007197b8dc8cb8: 0000 85db | 0f84 3d02 

  0x00007197b8dc8cc0: ;   {metadata(method data for {method} {0x000071975469fae0} 'render' '(Lcom/sun/prism/Graphics;)V' in 'com/sun/javafx/sg/prism/NGNode')}
  0x00007197b8dc8cc0: 0000 48bf | 60ee cc54 | 9771 0000 | ff87 3801 | 0000 4889 | 5424 2048 

  0x00007197b8dc8cd8: ;   {metadata(method data for {method} {0x000071975469fae0} 'render' '(Lcom/sun/prism/Graphics;)V' in 'com/sun/javafx/sg/prism/NGNode')}
  0x00007197b8dc8cd8: 8bfe 48bb | 60ee cc54 | 9771 0000 | 8b7f 0849 | ba00 0000 | 5f97 7100 | 0049 03fa | 483b bb78 
  0x00007197b8dc8cf8: 0100 0075 | 0d48 8383 | 8001 0000 | 01e9 6000 | 0000 483b | bb88 0100 | 0075 0d48 | 8383 9001 
  0x00007197b8dc8d18: 0000 01e9 | 4a00 0000 | 4883 bb78 | 0100 0000 | 7517 4889 | bb78 0100 | 0048 c783 | 8001 0000 
  0x00007197b8dc8d38: 0100 0000 | e929 0000 | 0048 83bb | 8801 0000 | 0075 1748 | 89bb 8801 | 0000 48c7 | 8390 0100 
  0x00007197b8dc8d58: 0001 0000 | 00e9 0800 | 0000 4883 | 8368 0100 | 0001 488b | fe48 8bf7 | 4889 7c24 | 1848 b8ff 
  0x00007197b8dc8d78: ffff ffff 

  0x00007197b8dc8d7c: ;   {virtual_call}
  0x00007197b8dc8d7c: ffff ffe8 

  0x00007197b8dc8d80: ; ImmutableOopMap {[24]=Oop [32]=Oop }
                      ;*invokevirtual clearDirty {reexecute=0 rethrow=0 return_oop=0}
                      ; - com.sun.javafx.sg.prism.NGNode::render@13 (line 1957)
  0x00007197b8dc8d80: 441f 2907 

  0x00007197b8dc8d84: ;   {other}
  0x00007197b8dc8d84: 0f1f 8400 | f402 0000 | 488b 7424 | 180f be56 

  0x00007197b8dc8d94: ;   {metadata(method data for {method} {0x000071975469fae0} 'render' '(Lcom/sun/prism/Graphics;)V' in 'com/sun/javafx/sg/prism/NGNode')}
  0x00007197b8dc8d94: 2485 d248 | ba60 eecc | 5497 7100 | 0048 bfa0 | 0100 0000 | 0000 0074 | 0a48 bfb0 | 0100 0000 
  0x00007197b8dc8db4: 0000 0048 | 8b1c 3a48 | 8d5b 0148 | 891c 3a0f | 8460 0000 | 00c5 fa10 | 460c c5f0 | 57c9 c5f8 
  0x00007197b8dc8dd4: 2ec1 baff | ffff ff0f | 8a14 0000 | 000f 820e | 0000 00ba | 0000 0000 | 0f84 0300 | 0000 48ff 
  0x00007197b8dc8df4: ;   {metadata(method data for {method} {0x000071975469fae0} 'render' '(Lcom/sun/prism/Graphics;)V' in 'com/sun/javafx/sg/prism/NGNode')}
  0x00007197b8dc8df4: c285 d248 | ba60 eecc | 5497 7100 | 0048 bfc0 | 0100 0000 | 0000 0075 | 0a48 bfd0 | 0100 0000 
  0x00007197b8dc8e14: 0000 0048 | 8b1c 3a48 | 8d5b 0148 | 891c 3a0f | 8513 0000 | 0048 83c4 

  0x00007197b8dc8e2c: ;   {poll_return}
  0x00007197b8dc8e2c: 305d 493b | a750 0400 | 000f 87e5 | 0000 00c3 | 488b 5424 | 2048 8bfe 

  0x00007197b8dc8e44: ;   {metadata(method data for {method} {0x000071975469fae0} 'render' '(Lcom/sun/prism/Graphics;)V' in 'com/sun/javafx/sg/prism/NGNode')}
  0x00007197b8dc8e44: 48bb 60ee | cc54 9771 | 0000 8b7f | 0849 ba00 | 0000 5f97 | 7100 0049 | 03fa 483b | bbf0 0100 
  0x00007197b8dc8e64: 0075 0d48 | 8383 f801 | 0000 01e9 | 6000 0000 | 483b bb00 | 0200 0075 | 0d48 8383 | 0802 0000 
  0x00007197b8dc8e84: 01e9 4a00 | 0000 4883 | bbf0 0100 | 0000 7517 | 4889 bbf0 | 0100 0048 | c783 f801 | 0000 0100 
  0x00007197b8dc8ea4: 0000 e929 | 0000 0048 | 83bb 0002 | 0000 0075 | 1748 89bb | 0002 0000 | 48c7 8308 | 0200 0001 
  0x00007197b8dc8ec4: 0000 00e9 | 0800 0000 | 4883 83e0 | 0100 0001 | 9048 b8ff | ffff ffff 

  0x00007197b8dc8edc: ;   {virtual_call}
  0x00007197b8dc8edc: ffff ffe8 

  0x00007197b8dc8ee0: ; ImmutableOopMap {}
                      ;*invokevirtual doRender {reexecute=0 rethrow=0 return_oop=0}
                      ; - com.sun.javafx.sg.prism.NGNode::render@35 (line 1964)
  0x00007197b8dc8ee0: ec4c 2e07 

  0x00007197b8dc8ee4: ;   {other}
  0x00007197b8dc8ee4: 0f1f 8400 | 5404 0001 | 4883 c430 

  0x00007197b8dc8ef0: ;   {poll_return}
  0x00007197b8dc8ef0: 5d49 3ba7 | 5004 0000 | 0f87 3800 

  0x00007197b8dc8efc: ;   {metadata({method} {0x000071975469fae0} 'render' '(Lcom/sun/prism/Graphics;)V' in 'com/sun/javafx/sg/prism/NGNode')}
  0x00007197b8dc8efc: 0000 c349 | bae0 fa69 | 5497 7100 | 004c 8954 | 2408 48c7 | 0424 ffff 

  0x00007197b8dc8f14: ;   {runtime_call counter_overflow Runtime1 stub}
  0x00007197b8dc8f14: ffff e8e5 

  0x00007197b8dc8f18: ; ImmutableOopMap {rsi=Oop rdx=Oop }
                      ;*synchronization entry
                      ; - com.sun.javafx.sg.prism.NGNode::render@-1 (line 1953)
  0x00007197b8dc8f18: 5a28 07e9 | a2fd ffff 

  0x00007197b8dc8f20: ;   {internal_word}
  0x00007197b8dc8f20: 49ba 2e8e | dcb8 9771 | 0000 4d89 | 9768 0400 

  0x00007197b8dc8f30: ;   {runtime_call SafepointBlob}
  0x00007197b8dc8f30: 00e9 ca30 

  0x00007197b8dc8f34: ;   {internal_word}
  0x00007197b8dc8f34: 1c07 49ba | f18e dcb8 | 9771 0000 | 4d89 9768 

  0x00007197b8dc8f44: ;   {runtime_call SafepointBlob}
  0x00007197b8dc8f44: 0400 00e9 | b430 1c07 | 498b 8700 | 0500 0049 | c787 0005 | 0000 0000 | 0000 49c7 | 8708 0500 
  0x00007197b8dc8f64: 0000 0000 | 0048 83c4 

  0x00007197b8dc8f6c: ;   {runtime_call unwind_exception Runtime1 stub}
  0x00007197b8dc8f6c: 305d e98d | fc27 07f4 | f4f4 f4f4 
[Stub Code]
  0x00007197b8dc8f78: ;   {no_reloc}
  0x00007197b8dc8f78: 0f1f 4400 

  0x00007197b8dc8f7c: ;   {static_stub}
  0x00007197b8dc8f7c: 0048 bb00 | 0000 0000 

  0x00007197b8dc8f84: ;   {runtime_call}
  0x00007197b8dc8f84: 0000 00e9 | fbff ffff 

  0x00007197b8dc8f8c: ;   {static_stub}
  0x00007197b8dc8f8c: 9048 bb00 | 0000 0000 

  0x00007197b8dc8f94: ;   {runtime_call}
  0x00007197b8dc8f94: 0000 00e9 | fbff ffff 
[Exception Handler]
  0x00007197b8dc8f9c: ;   {runtime_call handle_exception_from_callee Runtime1 stub}
  0x00007197b8dc8f9c: e85f 2928 

  0x00007197b8dc8fa0: ;   {external_word}
  0x00007197b8dc8fa0: 0748 bfdb | ff03 d997 | 7100 0048 

  0x00007197b8dc8fac: ;   {runtime_call MacroAssembler::debug64(char*, long, long*)}
  0x00007197b8dc8fac: 83e4 f0e8 | 2c7f df1f 

  0x00007197b8dc8fb4: ;   {section_word}
  0x00007197b8dc8fb4: f449 bab5 | 8fdc b897 | 7100 0041 

  0x00007197b8dc8fc0: ;   {runtime_call DeoptimizationBlob}
  0x00007197b8dc8fc0: 52e9 da22 | 1c07 f4f4 
[/MachCode]


Compiled method (c1)   64019 2994   !   3       com.sun.javafx.sg.prism.NGGroup::renderContent (422 bytes)
 total in heap  [0x00007197b8f72810,0x00007197b8f77ad8] = 21192
 relocation     [0x00007197b8f72968,0x00007197b8f72e10] = 1192
 main code      [0x00007197b8f72e20,0x00007197b8f764f8] = 14040
 stub code      [0x00007197b8f764f8,0x00007197b8f76710] = 536
 oops           [0x00007197b8f76710,0x00007197b8f76718] = 8
 metadata       [0x00007197b8f76718,0x00007197b8f76890] = 376
 scopes data    [0x00007197b8f76890,0x00007197b8f77238] = 2472
 scopes pcs     [0x00007197b8f77238,0x00007197b8f77968] = 1840
 dependencies   [0x00007197b8f77968,0x00007197b8f779c0] = 88
 handler table  [0x00007197b8f779c0,0x00007197b8f779f0] = 48
 nul chk table  [0x00007197b8f779f0,0x00007197b8f77ad8] = 232

[Constant Pool (empty)]

[MachCode]
[Entry Point]
  # {method} {0x00007197546ab2d8} 'renderContent' '(Lcom/sun/prism/Graphics;)V' in 'com/sun/javafx/sg/prism/NGGroup'
  # this:     rsi:rsi   = 'com/sun/javafx/sg/prism/NGGroup'
  # parm0:    rdx:rdx   = 'com/sun/prism/Graphics'
  #           [sp+0x1a0]  (sp of caller)
  0x00007197b8f72e20: 448b 5608 | 49bb 0000 | 005f 9771 | 0000 4d03 | d34c 3bd0 

  0x00007197b8f72e34: ;   {runtime_call ic_miss_stub}
  0x00007197b8f72e34: 0f85 4622 | 0107 660f | 1f44 0000 
[Verified Entry Point]
  0x00007197b8f72e40: 8984 2400 | c0fe ff55 | 4881 ec90 | 0100 0090 | 4181 7f20 | 0300 0000 

  0x00007197b8f72e58: ;   {runtime_call StubRoutines (final stubs)}
  0x00007197b8f72e58: 7405 e841 | 86ff 0648 | 89b4 24c0 | 0000 0048 | 8994 24c8 

  0x00007197b8f72e6c: ;   {metadata(method data for {method} {0x00007197546ab2d8} 'renderContent' '(Lcom/sun/prism/Graphics;)V' in 'com/sun/javafx/sg/prism/NGGroup')}
  0x00007197b8f72e6c: 0000 0048 | bfe0 a30e | 5597 7100 | 008b 9ff4 | 0000 0083 | c302 899f | f400 0000 | 81e3 fe07 
  0x00007197b8f72e8c: 0000 85db | 0f84 eb2f | 0000 488b 

  0x00007197b8f72e98: ;   {metadata(method data for {method} {0x00007197546ab2d8} 'renderContent' '(Lcom/sun/prism/Graphics;)V' in 'com/sun/javafx/sg/prism/NGGroup')}
  0x00007197b8f72e98: fe48 bbe0 | a30e 5597 | 7100 0048 | 8383 3801 

  0x00007197b8f72ea8: ;   {metadata(method data for {method} {0x00007197546aad98} 'getOrderedChildren' '()Ljava/util/List;' in 'com/sun/javafx/sg/prism/NGGroup')}
  0x00007197b8f72ea8: 0000 0148 | bff0 4dc8 | 5497 7100 | 008b 9ff4 | 0000 0083 | c302 899f | f400 0000 | 81e3 feff 
  0x00007197b8f72ec8: 1f00 85db | 0f84 d02f | 0000 8b7e | 7048 c1e7 | 0348 3b07 

  0x00007197b8f72edc: ;   {metadata(method data for {method} {0x00007197546aad98} 'getOrderedChildren' '()Ljava/util/List;' in 'com/sun/javafx/sg/prism/NGGroup')}
  0x00007197b8f72edc: 488b df48 | b8f0 4dc8 | 5497 7100 | 008b 5b08 | 49ba 0000 | 005f 9771 | 0000 4903 | da48 3b98 
  0x00007197b8f72efc: 4801 0000 | 750d 4883 | 8050 0100 | 0001 e960 | 0000 0048 | 3b98 5801 | 0000 750d | 4883 8060 
  0x00007197b8f72f1c: 0100 0001 | e94a 0000 | 0048 83b8 | 4801 0000 | 0075 1748 | 8998 4801 | 0000 48c7 | 8050 0100 
  0x00007197b8f72f3c: 0001 0000 | 00e9 2900 | 0000 4883 | b858 0100 | 0000 7517 | 4889 9858 | 0100 0048 | c780 6001 
  0x00007197b8f72f5c: 0000 0100 | 0000 e908 | 0000 0048 | 8380 3801 | 0000 0148 | 8bf7 6666 | 9048 b818 | b80b 5f97 
  0x00007197b8f72f7c: ;   {virtual_call}
  0x00007197b8f72f7c: 7100 00e8 

  0x00007197b8f72f80: ; ImmutableOopMap {[192]=Oop [200]=Oop }
                      ;*invokeinterface isEmpty {reexecute=0 rethrow=0 return_oop=0}
                      ; - com.sun.javafx.sg.prism.NGGroup::getOrderedChildren@4 (line 189)
                      ; - com.sun.javafx.sg.prism.NGGroup::renderContent@1 (line 238)
  0x00007197b8f72f80: fc82 6107 

  0x00007197b8f72f84: ;   {other}
  0x00007197b8f72f84: 0f1f 8400 | 7407 0000 

  0x00007197b8f72f8c: ;   {metadata(method data for {method} {0x00007197546aad98} 'getOrderedChildren' '()Ljava/util/List;' in 'com/sun/javafx/sg/prism/NGGroup')}
  0x00007197b8f72f8c: 85c0 48be | f04d c854 | 9771 0000 | 48bf 7001 | 0000 0000 | 0000 750a | 48bf 8001 | 0000 0000 
  0x00007197b8f72fac: 0000 488b | 1c3e 488d | 5b01 4889 | 1c3e 488b | b424 c000 | 0000 0f85 | 0c00 0000 | 8b7e 7048 
  0x00007197b8f72fcc: c1e7 03e9 | 0700 0000 | 8b7e 6448 | c1e7 0348 

  0x00007197b8f72fdc: ;   {metadata(method data for {method} {0x00007197546ab2d8} 'renderContent' '(Lcom/sun/prism/Graphics;)V' in 'com/sun/javafx/sg/prism/NGGroup')}
  0x00007197b8f72fdc: 85ff 48bb | e0a3 0e55 | 9771 0000 | 48b8 8001 | 0000 0000 | 0000 740a | 48b8 7001 | 0000 0000 
  0x00007197b8f72ffc: 0000 488b | 1403 488d | 5201 4889 | 1403 0f84 | b82c 0000 | 488b 9424 | c800 0000 | 4885 d20f 
  0x00007197b8f7301c: 8428 0000 

  0x00007197b8f73020: ;   {metadata('com/sun/prism/sw/SWGraphics')}
  0x00007197b8f73020: 0049 b818 | b822 6097 | 7100 008b | 4208 49ba | 0000 005f | 9771 0000 | 4903 c24c | 3bc0 0f85 
  0x00007197b8f73040: 842e 0000 | e900 0000 | 0048 8bda 

  0x00007197b8f7304c: ; implicit exception: dispatches to 0x00007197b8f75ecd
  0x00007197b8f7304c: 483b 0248 

  0x00007197b8f73050: ;   {metadata(method data for {method} {0x00007197546ab2d8} 'renderContent' '(Lcom/sun/prism/Graphics;)V' in 'com/sun/javafx/sg/prism/NGGroup')}
  0x00007197b8f73050: 8bda 48b8 | e0a3 0e55 | 9771 0000 

  0x00007197b8f7305c: ;   {metadata('com/sun/prism/sw/SWGraphics')}
  0x00007197b8f7305c: 49ba 18b8 | 2260 9771 | 0000 4c89 | 90a0 0100 | 0048 8380 | a801 0000 | 018b 5a54 | 48c1 e303 
  0x00007197b8f7307c: 4889 9c24 | d800 0000 

  0x00007197b8f73084: ;   {metadata(method data for {method} {0x00007197546ab2d8} 'renderContent' '(Lcom/sun/prism/Graphics;)V' in 'com/sun/javafx/sg/prism/NGGroup')}
  0x00007197b8f73084: 4885 db48 | b8e0 a30e | 5597 7100 | 0048 b9d8 | 0100 0000 | 0000 0075 | 0a48 b9c8 | 0100 0000 
  0x00007197b8f730a4: 0000 004c | 8b04 084d | 8d40 014c | 8904 080f | 8512 0000 | 00bb 0000 | 0000 4889 | bc24 e000 
  0x00007197b8f730c4: 0000 e9a9 | 0c00 0048 | 89bc 24e0 | 0000 0048 | 3b03 488b 

  0x00007197b8f730d8: ;   {metadata(method data for {method} {0x00007197546ab2d8} 'renderContent' '(Lcom/sun/prism/Graphics;)V' in 'com/sun/javafx/sg/prism/NGGroup')}
  0x00007197b8f730d8: c348 b9e0 | a30e 5597 

  0x00007197b8f730e0: ;   {metadata('com/sun/javafx/sg/prism/NodePath')}
  0x00007197b8f730e0: 7100 0049 | ba68 601a | 6097 7100 | 004c 8991 | f801 0000 | 4883 8100 | 0200 0001 

  0x00007197b8f730fc: ;   {metadata(method data for {method} {0x0000719754a32bc8} 'hasNext' '()Z' in 'com/sun/javafx/sg/prism/NodePath')}
  0x00007197b8f730fc: 48b8 d8af | 0e55 9771 | 0000 8b88 | f400 0000 | 83c1 0289 | 88f4 0000 | 0081 e1fe | ff1f 0085 
  0x00007197b8f7311c: c90f 84b4 | 2d00 008b | 430c 8b4b | 1048 c1e1 | 0348 3b01 

  0x00007197b8f73130: ;   {metadata(method data for {method} {0x0000719754a32bc8} 'hasNext' '()Z' in 'com/sun/javafx/sg/prism/NodePath')}
  0x00007197b8f73130: 4c8b c149 | b9d8 af0e | 5597 7100 | 0045 8b40 | 0849 ba00 | 0000 5f97 | 7100 004d | 03c2 4d3b 
  0x00007197b8f73150: 8148 0100 | 0075 0d49 | 8381 5001 | 0000 01e9 | 6000 0000 | 4d3b 8158 | 0100 0075 | 0d49 8381 
  0x00007197b8f73170: 6001 0000 | 01e9 4a00 | 0000 4983 | b948 0100 | 0000 7517 | 4d89 8148 | 0100 0049 | c781 5001 
  0x00007197b8f73190: 0000 0100 | 0000 e929 | 0000 0049 | 83b9 5801 | 0000 0075 | 174d 8981 | 5801 0000 | 49c7 8160 
  0x00007197b8f731b0: 0100 0001 | 0000 00e9 | 0800 0000 | 4983 8138 | 0100 0001 | 488b f189 | 8424 d000 | 0000 0f1f 
  0x00007197b8f731d0: 8000 0000 | 0048 b818 | b80b 5f97 

  0x00007197b8f731dc: ;   {virtual_call}
  0x00007197b8f731dc: 7100 00e8 

  0x00007197b8f731e0: ; ImmutableOopMap {[192]=Oop [200]=Oop [216]=Oop [224]=Oop }
                      ;*invokeinterface size {reexecute=0 rethrow=0 return_oop=0}
                      ; - com.sun.javafx.sg.prism.NodePath::hasNext@8 (line 50)
                      ; - com.sun.javafx.sg.prism.NGGroup::renderContent@25 (line 246)
  0x00007197b8f731e0: 3c17 5907 

  0x00007197b8f731e4: ;   {other}
  0x00007197b8f731e4: 0f1f 8400 | d409 0001 | ffc8 8bb4 | 24d0 0000 

  0x00007197b8f731f4: ;   {metadata(method data for {method} {0x0000719754a32bc8} 'hasNext' '()Z' in 'com/sun/javafx/sg/prism/NodePath')}
  0x00007197b8f731f4: 003b f048 | bed8 af0e | 5597 7100 | 0048 bf70 | 0100 0000 | 0000 007d | 0a48 bf80 | 0100 0000 
  0x00007197b8f73214: 0000 0048 | 8b1c 3e48 | 8d5b 0148 | 891c 3e0f | 8d42 0100 | 0048 8b9c | 24d8 0000 | 0048 8bf3 
  0x00007197b8f73234: ;   {metadata(method data for {method} {0x0000719754a32bc8} 'hasNext' '()Z' in 'com/sun/javafx/sg/prism/NodePath')}
  0x00007197b8f73234: 48bf d8af | 0e55 9771 

  0x00007197b8f7323c: ;   {metadata('com/sun/javafx/sg/prism/NodePath')}
  0x00007197b8f7323c: 0000 49ba | 6860 1a60 | 9771 0000 | 4c89 97a0 | 0100 0048 | 8387 a801 

  0x00007197b8f73254: ;   {metadata(method data for {method} {0x0000719754a33018} 'isEmpty' '()Z' in 'com/sun/javafx/sg/prism/NodePath')}
  0x00007197b8f73254: 0000 0148 | be18 b20e | 5597 7100 | 008b bef4 | 0000 0083 | c702 89be | f400 0000 | 81e7 feff 
  0x00007197b8f73274: 1f00 85ff | 0f84 7f2c | 0000 8b73 | 1048 c1e6 | 0348 3b06 

  0x00007197b8f73288: ;   {metadata(method data for {method} {0x0000719754a33018} 'isEmpty' '()Z' in 'com/sun/javafx/sg/prism/NodePath')}
  0x00007197b8f73288: 488b fe48 | b818 b20e | 5597 7100 | 008b 7f08 | 49ba 0000 | 005f 9771 | 0000 4903 | fa48 3bb8 
  0x00007197b8f732a8: 4801 0000 | 750d 4883 | 8050 0100 | 0001 e960 | 0000 0048 | 3bb8 5801 | 0000 750d | 4883 8060 
  0x00007197b8f732c8: 0100 0001 | e94a 0000 | 0048 83b8 | 4801 0000 | 0075 1748 | 89b8 4801 | 0000 48c7 | 8050 0100 
  0x00007197b8f732e8: 0001 0000 | 00e9 2900 | 0000 4883 | b858 0100 | 0000 7517 | 4889 b858 | 0100 0048 | c780 6001 
  0x00007197b8f73308: 0000 0100 | 0000 e908 | 0000 0048 | 8380 3801 | 0000 0166 | 9048 b818 | b80b 5f97 

  0x00007197b8f73324: ;   {virtual_call}
  0x00007197b8f73324: 7100 00e8 

  0x00007197b8f73328: ; ImmutableOopMap {[192]=Oop [200]=Oop [216]=Oop [224]=Oop }
                      ;*invokeinterface isEmpty {reexecute=0 rethrow=0 return_oop=0}
                      ; - com.sun.javafx.sg.prism.NodePath::isEmpty@4 (line 81)
                      ; - com.sun.javafx.sg.prism.NodePath::hasNext@19 (line 50)
                      ; - com.sun.javafx.sg.prism.NGGroup::renderContent@25 (line 246)
  0x00007197b8f73328: 547f 6107 

  0x00007197b8f7332c: ;   {other}
  0x00007197b8f7332c: 0f1f 8400 | 1c0b 0002 | 83e0 0185 

  0x00007197b8f73338: ;   {metadata(method data for {method} {0x0000719754a32bc8} 'hasNext' '()Z' in 'com/sun/javafx/sg/prism/NodePath')}
  0x00007197b8f73338: c048 bed8 | af0e 5597 | 7100 0048 | bfd8 0100 | 0000 0000 | 0074 0a48 | bfc8 0100 | 0000 0000 
  0x00007197b8f73358: 0048 8b1c | 3e48 8d5b | 0148 891c | 3e0f 840a | 0000 00be | 0000 0000 | e915 0000 

  0x00007197b8f73374: ;   {metadata(method data for {method} {0x0000719754a32bc8} 'hasNext' '()Z' in 'com/sun/javafx/sg/prism/NodePath')}
  0x00007197b8f73374: 0048 bed8 | af0e 5597 | 7100 00ff | 86e8 0100 | 00be 0100 | 0000 83e6 

  0x00007197b8f7338c: ;   {metadata(method data for {method} {0x00007197546ab2d8} 'renderContent' '(Lcom/sun/prism/Graphics;)V' in 'com/sun/javafx/sg/prism/NGGroup')}
  0x00007197b8f7338c: 0185 f648 | bee0 a30e | 5597 7100 | 0048 bf20 | 0200 0000 | 0000 0074 | 0a48 bf30 | 0200 0000 
  0x00007197b8f733ac: 0000 0048 | 8b1c 3e48 | 8d5b 0148 | 891c 3e0f | 8430 0900 | 0048 8b9c | 24d8 0000 | 0048 8bf3 
  0x00007197b8f733cc: ;   {metadata(method data for {method} {0x00007197546ab2d8} 'renderContent' '(Lcom/sun/prism/Graphics;)V' in 'com/sun/javafx/sg/prism/NGGroup')}
  0x00007197b8f733cc: 48bf e0a3 | 0e55 9771 

  0x00007197b8f733d4: ;   {metadata('com/sun/javafx/sg/prism/NodePath')}
  0x00007197b8f733d4: 0000 49ba | 6860 1a60 | 9771 0000 | 4c89 9750 | 0200 0048 | 8387 5802 

  0x00007197b8f733ec: ;   {metadata(method data for {method} {0x0000719754a32c90} 'next' '()V' in 'com/sun/javafx/sg/prism/NodePath')}
  0x00007197b8f733ec: 0000 0148 | bec8 b30e | 5597 7100 | 008b bef4 | 0000 0083 | c702 89be | f400 0000 | 81e7 feff 
  0x00007197b8f7340c: 1f00 85ff | 0f84 0d2b | 0000 488b 

  0x00007197b8f73418: ;   {metadata(method data for {method} {0x0000719754a32c90} 'next' '()V' in 'com/sun/javafx/sg/prism/NodePath')}
  0x00007197b8f73418: f348 bfc8 | b30e 5597 

  0x00007197b8f73420: ;   {metadata('com/sun/javafx/sg/prism/NodePath')}
  0x00007197b8f73420: 7100 0049 | ba68 601a | 6097 7100 | 004c 8997 | 4801 0000 | 4883 8750 | 0100 0001 

  0x00007197b8f7343c: ;   {metadata(method data for {method} {0x0000719754a32bc8} 'hasNext' '()Z' in 'com/sun/javafx/sg/prism/NodePath')}
  0x00007197b8f7343c: 48be d8af | 0e55 9771 | 0000 8bbe | f400 0000 | 83c7 0289 | bef4 0000 | 0081 e7fe | ff1f 0085 
  0x00007197b8f7345c: ff0f 84e1 | 2a00 008b | 7b0c 8b73 | 1048 c1e6 | 0348 3b06 

  0x00007197b8f73470: ;   {metadata(method data for {method} {0x0000719754a32bc8} 'hasNext' '()Z' in 'com/sun/javafx/sg/prism/NodePath')}
  0x00007197b8f73470: 488b c648 | bad8 af0e | 5597 7100 | 008b 4008 | 49ba 0000 | 005f 9771 | 0000 4903 | c248 3b82 
  0x00007197b8f73490: 4801 0000 | 750d 4883 | 8250 0100 | 0001 e960 | 0000 0048 | 3b82 5801 | 0000 750d | 4883 8260 
  0x00007197b8f734b0: 0100 0001 | e94a 0000 | 0048 83ba | 4801 0000 | 0075 1748 | 8982 4801 | 0000 48c7 | 8250 0100 
  0x00007197b8f734d0: 0001 0000 | 00e9 2900 | 0000 4883 | ba58 0100 | 0000 7517 | 4889 8258 | 0100 0048 | c782 6001 
  0x00007197b8f734f0: 0000 0100 | 0000 e908 | 0000 0048 | 8382 3801 | 0000 0189 | bc24 d400 | 0000 6666 | 9048 b818 
  0x00007197b8f73510: b80b 5f97 

  0x00007197b8f73514: ;   {virtual_call}
  0x00007197b8f73514: 7100 00e8 

  0x00007197b8f73518: ; ImmutableOopMap {[192]=Oop [200]=Oop [216]=Oop [224]=Oop }
                      ;*invokeinterface size {reexecute=0 rethrow=0 return_oop=0}
                      ; - com.sun.javafx.sg.prism.NodePath::hasNext@8 (line 50)
                      ; - com.sun.javafx.sg.prism.NodePath::next@1 (line 54)
                      ; - com.sun.javafx.sg.prism.NGGroup::renderContent@32 (line 247)
  0x00007197b8f73518: 0414 5907 

  0x00007197b8f7351c: ;   {other}
  0x00007197b8f7351c: 0f1f 8400 | 0c0d 0003 | ffc8 8bbc | 24d4 0000 

  0x00007197b8f7352c: ;   {metadata(method data for {method} {0x0000719754a32bc8} 'hasNext' '()Z' in 'com/sun/javafx/sg/prism/NodePath')}
  0x00007197b8f7352c: 003b f848 | bed8 af0e | 5597 7100 | 0048 bf70 | 0100 0000 | 0000 007d | 0a48 bf80 | 0100 0000 
  0x00007197b8f7354c: 0000 0048 | 8b1c 3e48 | 8d5b 0148 | 891c 3e0f | 8d42 0100 | 0048 8b9c | 24d8 0000 | 0048 8bf3 
  0x00007197b8f7356c: ;   {metadata(method data for {method} {0x0000719754a32bc8} 'hasNext' '()Z' in 'com/sun/javafx/sg/prism/NodePath')}
  0x00007197b8f7356c: 48bf d8af | 0e55 9771 

  0x00007197b8f73574: ;   {metadata('com/sun/javafx/sg/prism/NodePath')}
  0x00007197b8f73574: 0000 49ba | 6860 1a60 | 9771 0000 | 4c89 97a0 | 0100 0048 | 8387 a801 

  0x00007197b8f7358c: ;   {metadata(method data for {method} {0x0000719754a33018} 'isEmpty' '()Z' in 'com/sun/javafx/sg/prism/NodePath')}
  0x00007197b8f7358c: 0000 0148 | be18 b20e | 5597 7100 | 008b bef4 | 0000 0083 | c702 89be | f400 0000 | 81e7 feff 
  0x00007197b8f735ac: 1f00 85ff | 0f84 b429 | 0000 8b73 | 1048 c1e6 | 0348 3b06 

  0x00007197b8f735c0: ;   {metadata(method data for {method} {0x0000719754a33018} 'isEmpty' '()Z' in 'com/sun/javafx/sg/prism/NodePath')}
  0x00007197b8f735c0: 488b fe48 | b818 b20e | 5597 7100 | 008b 7f08 | 49ba 0000 | 005f 9771 | 0000 4903 | fa48 3bb8 
  0x00007197b8f735e0: 4801 0000 | 750d 4883 | 8050 0100 | 0001 e960 | 0000 0048 | 3bb8 5801 | 0000 750d | 4883 8060 
  0x00007197b8f73600: 0100 0001 | e94a 0000 | 0048 83b8 | 4801 0000 | 0075 1748 | 89b8 4801 | 0000 48c7 | 8050 0100 
  0x00007197b8f73620: 0001 0000 | 00e9 2900 | 0000 4883 | b858 0100 | 0000 7517 | 4889 b858 | 0100 0048 | c780 6001 
  0x00007197b8f73640: 0000 0100 | 0000 e908 | 0000 0048 | 8380 3801 | 0000 0166 | 9048 b818 | b80b 5f97 

  0x00007197b8f7365c: ;   {virtual_call}
  0x00007197b8f7365c: 7100 00e8 

  0x00007197b8f73660: ; ImmutableOopMap {[192]=Oop [200]=Oop [216]=Oop [224]=Oop }
                      ;*invokeinterface isEmpty {reexecute=0 rethrow=0 return_oop=0}
                      ; - com.sun.javafx.sg.prism.NodePath::isEmpty@4 (line 81)
                      ; - com.sun.javafx.sg.prism.NodePath::hasNext@19 (line 50)
                      ; - com.sun.javafx.sg.prism.NodePath::next@1 (line 54)
                      ; - com.sun.javafx.sg.prism.NGGroup::renderContent@32 (line 247)
  0x00007197b8f73660: 1c7c 6107 

  0x00007197b8f73664: ;   {other}
  0x00007197b8f73664: 0f1f 8400 | 540e 0004 | 83e0 0185 

  0x00007197b8f73670: ;   {metadata(method data for {method} {0x0000719754a32bc8} 'hasNext' '()Z' in 'com/sun/javafx/sg/prism/NodePath')}
  0x00007197b8f73670: c048 bad8 | af0e 5597 | 7100 0048 | bed8 0100 | 0000 0000 | 0074 0a48 | bec8 0100 | 0000 0000 
  0x00007197b8f73690: 0048 8b3c | 3248 8d7f | 0148 893c | 320f 840a | 0000 00ba | 0000 0000 | e915 0000 

  0x00007197b8f736ac: ;   {metadata(method data for {method} {0x0000719754a32bc8} 'hasNext' '()Z' in 'com/sun/javafx/sg/prism/NodePath')}
  0x00007197b8f736ac: 0048 bad8 | af0e 5597 | 7100 00ff | 82e8 0100 | 00ba 0100 | 0000 83e2 

  0x00007197b8f736c4: ;   {metadata(method data for {method} {0x0000719754a32c90} 'next' '()V' in 'com/sun/javafx/sg/prism/NodePath')}
  0x00007197b8f736c4: 0185 d248 | bac8 b30e | 5597 7100 | 0048 be80 | 0100 0000 | 0000 0074 | 0a48 be70 | 0100 0000 
  0x00007197b8f736e4: 0000 0048 | 8b3c 3248 | 8d7f 0148 | 893c 320f | 8490 2600 | 0048 8b9c | 24d8 0000 | 008b 530c 
  0x00007197b8f73704: ffc2 8953 | 0c48 8bd3 

  0x00007197b8f7370c: ;   {metadata(method data for {method} {0x00007197546ab2d8} 'renderContent' '(Lcom/sun/prism/Graphics;)V' in 'com/sun/javafx/sg/prism/NGGroup')}
  0x00007197b8f7370c: 48be e0a3 | 0e55 9771 

  0x00007197b8f73714: ;   {metadata('com/sun/javafx/sg/prism/NodePath')}
  0x00007197b8f73714: 0000 49ba | 6860 1a60 | 9771 0000 | 4c89 9688 | 0200 0048 | 8386 9002 

  0x00007197b8f7372c: ;   {metadata(method data for {method} {0x0000719754a32b10} 'getCurrentNode' '()Lcom/sun/javafx/sg/prism/NGNode;' in 'com/sun/javafx/sg/prism/NodePath')}
  0x00007197b8f7372c: 0000 0148 | baa8 b50e | 5597 7100 | 008b b2f4 | 0000 0083 | c602 89b2 | f400 0000 | 81e6 feff 
  0x00007197b8f7374c: 1f00 85f6 | 0f84 3a28 | 0000 8b73 | 1048 c1e6 | 038b 530c 

  0x00007197b8f73760: ; implicit exception: dispatches to 0x00007197b8f75fb1
  0x00007197b8f73760: 483b 0648 

  0x00007197b8f73764: ;   {metadata(method data for {method} {0x0000719754a32b10} 'getCurrentNode' '()Lcom/sun/javafx/sg/prism/NGNode;' in 'com/sun/javafx/sg/prism/NodePath')}
  0x00007197b8f73764: 8bde 48b8 | a8b5 0e55 | 9771 0000 | 8b5b 0849 | ba00 0000 | 5f97 7100 | 0049 03da | 483b 9848 
  0x00007197b8f73784: 0100 0075 | 0d48 8380 | 5001 0000 | 01e9 6000 | 0000 483b | 9858 0100 | 0075 0d48 | 8380 6001 
  0x00007197b8f737a4: 0000 01e9 | 4a00 0000 | 4883 b848 | 0100 0000 | 7517 4889 | 9848 0100 | 0048 c780 | 5001 0000 
  0x00007197b8f737c4: 0100 0000 | e929 0000 | 0048 83b8 | 5801 0000 | 0075 1748 | 8998 5801 | 0000 48c7 | 8060 0100 
  0x00007197b8f737e4: 0001 0000 | 00e9 0800 | 0000 4883 | 8038 0100 | 0001 0f1f | 8000 0000 | 0048 b818 | b80b 5f97 
  0x00007197b8f73804: ;   {virtual_call}
  0x00007197b8f73804: 7100 00e8 

  0x00007197b8f73808: ; ImmutableOopMap {[192]=Oop [200]=Oop [224]=Oop }
                      ;*invokeinterface get {reexecute=0 rethrow=0 return_oop=0}
                      ; - com.sun.javafx.sg.prism.NodePath::getCurrentNode@8 (line 46)
                      ; - com.sun.javafx.sg.prism.NGGroup::renderContent@37 (line 248)
  0x00007197b8f73808: 145b 5d07 

  0x00007197b8f7380c: ;   {other}
  0x00007197b8f7380c: 0f1f 8400 | fc0f 0005 | 4885 c075 

  0x00007197b8f73818: ;   {metadata(method data for {method} {0x0000719754a32b10} 'getCurrentNode' '()Lcom/sun/javafx/sg/prism/NGNode;' in 'com/sun/javafx/sg/prism/NodePath')}
  0x00007197b8f73818: 1648 bfa8 | b50e 5597 | 7100 0080 | 8f69 0100 | 0001 e9cd 

  0x00007197b8f7382c: ;   {metadata('com/sun/javafx/sg/prism/NGNode')}
  0x00007197b8f7382c: 0000 0048 | bb80 9910 | 6097 7100 | 008b 7808 | 49ba 0000 | 005f 9771 | 0000 4903 | fa48 3b5f 
  0x00007197b8f7384c: 380f 858d 

  0x00007197b8f73850: ;   {metadata(method data for {method} {0x0000719754a32b10} 'getCurrentNode' '()Lcom/sun/javafx/sg/prism/NGNode;' in 'com/sun/javafx/sg/prism/NodePath')}
  0x00007197b8f73850: 0000 0048 | bfa8 b50e | 5597 7100 | 008b 5808 | 49ba 0000 | 005f 9771 | 0000 4903 | da48 3b9f 
  0x00007197b8f73870: 8001 0000 | 750d 4883 | 8788 0100 | 0001 e979 | 0000 0048 | 3b9f 9001 | 0000 750d | 4883 8798 
  0x00007197b8f73890: 0100 0001 | e963 0000 | 0048 83bf | 8001 0000 | 0075 1748 | 899f 8001 | 0000 48c7 | 8788 0100 
  0x00007197b8f738b0: 0001 0000 | 00e9 4200 | 0000 4883 | bf90 0100 | 0000 7517 | 4889 9f90 | 0100 0048 | c787 9801 
  0x00007197b8f738d0: 0000 0100 | 0000 e921 | 0000 00e9 | 1c00 0000 

  0x00007197b8f738e0: ;   {metadata(method data for {method} {0x0000719754a32b10} 'getCurrentNode' '()Lcom/sun/javafx/sg/prism/NGNode;' in 'com/sun/javafx/sg/prism/NodePath')}
  0x00007197b8f738e0: 48bf a8b5 | 0e55 9771 | 0000 4883 | af70 0100 | 0001 e9bf | 2600 00e9 | 0000 0000 | 488b d048 
  0x00007197b8f73900: 8bbc 24e0 | 0000 0048 | 3b07 488b 

  0x00007197b8f7390c: ;   {metadata(method data for {method} {0x00007197546ab2d8} 'renderContent' '(Lcom/sun/prism/Graphics;)V' in 'com/sun/javafx/sg/prism/NGGroup')}
  0x00007197b8f7390c: f748 bbe0 | a30e 5597 | 7100 008b | 7608 49ba | 0000 005f | 9771 0000 | 4903 f248 | 3bb3 c002 
  0x00007197b8f7392c: 0000 750d | 4883 83c8 | 0200 0001 | e960 0000 | 0048 3bb3 | d002 0000 | 750d 4883 | 83d8 0200 
  0x00007197b8f7394c: 0001 e94a | 0000 0048 | 83bb c002 | 0000 0075 | 1748 89b3 | c002 0000 | 48c7 83c8 | 0200 0001 
  0x00007197b8f7396c: 0000 00e9 | 2900 0000 | 4883 bbd0 | 0200 0000 | 7517 4889 | b3d0 0200 | 0048 c783 | d802 0000 
  0x00007197b8f7398c: 0100 0000 | e908 0000 | 0048 8383 | b002 0000 | 0148 8bf7 | 4889 bc24 | e000 0000 | 0f1f 4400 
  0x00007197b8f739ac: 0048 b818 | b80b 5f97 

  0x00007197b8f739b4: ;   {virtual_call}
  0x00007197b8f739b4: 7100 00e8 

  0x00007197b8f739b8: ; ImmutableOopMap {[192]=Oop [200]=Oop [224]=Oop }
                      ;*invokeinterface indexOf {reexecute=0 rethrow=0 return_oop=0}
                      ; - com.sun.javafx.sg.prism.NGGroup::renderContent@40 (line 248)
  0x00007197b8f739b8: 8484 f3ff 

  0x00007197b8f739bc: ;   {other}
  0x00007197b8f739bc: 0f1f 8400 | ac11 0006 | 8984 24ec | 0000 00bf | 0000 0000 | e9b0 0200 | 0066 6690 

  0x00007197b8f739d8: ;   {metadata(method data for {method} {0x00007197546ab2d8} 'renderContent' '(Lcom/sun/prism/Graphics;)V' in 'com/sun/javafx/sg/prism/NGGroup')}
  0x00007197b8f739d8: 488b d348 | bee0 a30e | 5597 7100 | 008b 5208 | 49ba 0000 | 005f 9771 | 0000 4903 | d248 3b96 
  0x00007197b8f739f8: 1803 0000 | 750d 4883 | 8620 0300 | 0001 e960 | 0000 0048 | 3b96 2803 | 0000 750d | 4883 8630 
  0x00007197b8f73a18: 0300 0001 | e94a 0000 | 0048 83be | 1803 0000 | 0075 1748 | 8996 1803 | 0000 48c7 | 8620 0300 
  0x00007197b8f73a38: 0001 0000 | 00e9 2900 | 0000 4883 | be28 0300 | 0000 7517 | 4889 9628 | 0300 0048 | c786 3003 
  0x00007197b8f73a58: 0000 0100 | 0000 e908 | 0000 0048 | 8386 0803 | 0000 0148 | 8bd7 488b | f348 899c | 24e0 0000 
  0x00007197b8f73a78: 0089 bc24 | e800 0000 | 0f1f 4400 | 0048 b818 | b80b 5f97 

  0x00007197b8f73a8c: ;   {virtual_call}
  0x00007197b8f73a8c: 7100 00e8 

  0x00007197b8f73a90: ; ImmutableOopMap {[192]=Oop [200]=Oop [224]=Oop }
                      ;*invokeinterface get {reexecute=0 rethrow=0 return_oop=0}
                      ; - com.sun.javafx.sg.prism.NGGroup::renderContent@60 (line 251)
  0x00007197b8f73a90: 8c58 5d07 

  0x00007197b8f73a94: ;   {other}
  0x00007197b8f73a94: 0f1f 8400 | 8412 0007 | 4885 c075 

  0x00007197b8f73aa0: ;   {metadata(method data for {method} {0x00007197546ab2d8} 'renderContent' '(Lcom/sun/prism/Graphics;)V' in 'com/sun/javafx/sg/prism/NGGroup')}
  0x00007197b8f73aa0: 1648 bbe0 | a30e 5597 | 7100 0080 | 8b39 0300 | 0001 e9cd 

  0x00007197b8f73ab4: ;   {metadata('com/sun/javafx/sg/prism/NGNode')}
  0x00007197b8f73ab4: 0000 0048 | be80 9910 | 6097 7100 | 008b 5808 | 49ba 0000 | 005f 9771 | 0000 4903 | da48 3b73 
  0x00007197b8f73ad4: 380f 858d 

  0x00007197b8f73ad8: ;   {metadata(method data for {method} {0x00007197546ab2d8} 'renderContent' '(Lcom/sun/prism/Graphics;)V' in 'com/sun/javafx/sg/prism/NGGroup')}
  0x00007197b8f73ad8: 0000 0048 | bbe0 a30e | 5597 7100 | 008b 7008 | 49ba 0000 | 005f 9771 | 0000 4903 | f248 3bb3 
  0x00007197b8f73af8: 5003 0000 | 750d 4883 | 8358 0300 | 0001 e979 | 0000 0048 | 3bb3 6003 | 0000 750d | 4883 8368 
  0x00007197b8f73b18: 0300 0001 | e963 0000 | 0048 83bb | 5003 0000 | 0075 1748 | 89b3 5003 | 0000 48c7 | 8358 0300 
  0x00007197b8f73b38: 0001 0000 | 00e9 4200 | 0000 4883 | bb60 0300 | 0000 7517 | 4889 b360 | 0300 0048 | c783 6803 
  0x00007197b8f73b58: 0000 0100 | 0000 e921 | 0000 00e9 | 1c00 0000 

  0x00007197b8f73b68: ;   {metadata(method data for {method} {0x00007197546ab2d8} 'renderContent' '(Lcom/sun/prism/Graphics;)V' in 'com/sun/javafx/sg/prism/NGGroup')}
  0x00007197b8f73b68: 48bb e0a3 | 0e55 9771 | 0000 4883 | ab40 0300 | 0001 e945 | 2400 00e9 | 0000 0000 | 488b f048 
  0x00007197b8f73b88: 3b06 488b 

  0x00007197b8f73b8c: ;   {metadata(method data for {method} {0x00007197546ab2d8} 'renderContent' '(Lcom/sun/prism/Graphics;)V' in 'com/sun/javafx/sg/prism/NGGroup')}
  0x00007197b8f73b8c: fe48 bbe0 | a30e 5597 | 7100 008b | 7f08 49ba | 0000 005f | 9771 0000 | 4903 fa48 | 3bbb 8803 
  0x00007197b8f73bac: 0000 750d | 4883 8390 | 0300 0001 | e960 0000 | 0048 3bbb | 9803 0000 | 750d 4883 | 83a0 0300 
  0x00007197b8f73bcc: 0001 e94a | 0000 0048 | 83bb 8803 | 0000 0075 | 1748 89bb | 8803 0000 | 48c7 8390 | 0300 0001 
  0x00007197b8f73bec: 0000 00e9 | 2900 0000 | 4883 bb98 | 0300 0000 | 7517 4889 | bb98 0300 | 0048 c783 | a003 0000 
  0x00007197b8f73c0c: 0100 0000 | e908 0000 | 0048 8383 | 7803 0000 | 0148 b880 | ee2d 1897 

  0x00007197b8f73c24: ;   {virtual_call}
  0x00007197b8f73c24: 7100 00e8 

  0x00007197b8f73c28: ; ImmutableOopMap {[192]=Oop [200]=Oop [224]=Oop }
                      ;*invokevirtual clearDirtyTree {reexecute=0 rethrow=0 return_oop=0}
                      ; - com.sun.javafx.sg.prism.NGGroup::renderContent@68 (line 251)
  0x00007197b8f73c28: 0561 0107 

  0x00007197b8f73c2c: ;   {other}
  0x00007197b8f73c2c: 0f1f 8400 | 1c14 0008 | 8bbc 24e8 | 0000 00ff 

  0x00007197b8f73c3c: ;   {metadata(method data for {method} {0x00007197546ab2d8} 'renderContent' '(Lcom/sun/prism/Graphics;)V' in 'com/sun/javafx/sg/prism/NGGroup')}
  0x00007197b8f73c3c: c748 bee0 | a30e 5597 | 7100 008b | 9ef8 0000 | 0083 c302 | 899e f800 | 0000 81e3 | fe3f 0000 
  0x00007197b8f73c5c: 85db 0f84 | 6e23 0000 | 4d8b 9758 

  0x00007197b8f73c68: ; ImmutableOopMap {[192]=Oop [200]=Oop [224]=Oop }
                      ;*goto {reexecute=1 rethrow=0 return_oop=0}
                      ; - (reexecute) com.sun.javafx.sg.prism.NGGroup::renderContent@74 (line 250)
                      ;   {poll}
  0x00007197b8f73c68: 0400 0041 

  0x00007197b8f73c6c: ;   {metadata(method data for {method} {0x00007197546ab2d8} 'renderContent' '(Lcom/sun/prism/Graphics;)V' in 'com/sun/javafx/sg/prism/NGGroup')}
  0x00007197b8f73c6c: 8502 48be | e0a3 0e55 | 9771 0000 | ff86 b003 | 0000 8b84 | 24ec 0000 | 0048 8b9c | 24e0 0000 
  0x00007197b8f73c8c: ;   {metadata(method data for {method} {0x00007197546ab2d8} 'renderContent' '(Lcom/sun/prism/Graphics;)V' in 'com/sun/javafx/sg/prism/NGGroup')}
  0x00007197b8f73c8c: 003b f848 | bae0 a30e | 5597 7100 | 0048 bef8 | 0200 0000 | 0000 007c | 0a48 bee8 | 0200 0000 
  0x00007197b8f73cac: 0000 0048 | 8b0c 3248 | 8d49 0148 | 890c 320f | 8c17 fdff | ff48 899c | 24e0 0000 

  0x00007197b8f73cc8: ;   {metadata(method data for {method} {0x00007197546ab2d8} 'renderContent' '(Lcom/sun/prism/Graphics;)V' in 'com/sun/javafx/sg/prism/NGGroup')}
  0x00007197b8f73cc8: 0048 bee0 | a30e 5597 | 7100 00ff | 86c8 0300 | 0048 8bd8 | 488b 9424 | c800 0000 | 488b b424 
  0x00007197b8f73ce8: c000 0000 | e983 0000 | 0048 8b94 | 24c8 0000 | 0048 85d2 | 0f84 2800 

  0x00007197b8f73d00: ;   {metadata('com/sun/prism/sw/SWGraphics')}
  0x00007197b8f73d00: 0000 48b8 | 18b8 2260 | 9771 0000 | 8b7a 0849 | ba00 0000 | 5f97 7100 | 0049 03fa | 483b c70f 
  0x00007197b8f73d20: 85ce 2200 | 00e9 0000 | 0000 488b | f248 8bf2 

  0x00007197b8f73d30: ;   {metadata(method data for {method} {0x00007197546ab2d8} 'renderContent' '(Lcom/sun/prism/Graphics;)V' in 'com/sun/javafx/sg/prism/NGGroup')}
  0x00007197b8f73d30: 48bf e0a3 | 0e55 9771 

  0x00007197b8f73d38: ;   {metadata('com/sun/prism/sw/SWGraphics')}
  0x00007197b8f73d38: 0000 49ba | 18b8 2260 | 9771 0000 | 4c89 97f0 | 0300 0048 | 8387 f803 | 0000 0141 | 0fbe 7740 
  0x00007197b8f73d58: 85f6 0f85 | 9822 0000 | c742 5400 | 0000 00bb | 0000 0000 | 488b b424 | c000 0000 | 8b7e 6048 
  0x00007197b8f73d78: ;   {oop(a 'com/sun/scenario/effect/Blend$Mode'{0x00000006f587a0e0})}
  0x00007197b8f73d78: c1e7 0349 | bae0 a087 | f506 0000 | 0049 3bfa 

  0x00007197b8f73d88: ;   {metadata(method data for {method} {0x00007197546ab2d8} 'renderContent' '(Lcom/sun/prism/Graphics;)V' in 'com/sun/javafx/sg/prism/NGGroup')}
  0x00007197b8f73d88: 48bf e0a3 | 0e55 9771 | 0000 48b8 | 1804 0000 | 0000 0000 | 740a 48b8 | 2804 0000 | 0000 0000 
  0x00007197b8f73da8: 488b 0c07 | 488d 4901 | 4889 0c07 | 899c 24f0 | 0000 000f | 84f8 0000 | 0048 8bbc | 24e0 0000 
  0x00007197b8f73dc8: 0048 3b07 

  0x00007197b8f73dcc: ;   {metadata(method data for {method} {0x00007197546ab2d8} 'renderContent' '(Lcom/sun/prism/Graphics;)V' in 'com/sun/javafx/sg/prism/NGGroup')}
  0x00007197b8f73dcc: 488b c748 | b9e0 a30e | 5597 7100 | 008b 4008 | 49ba 0000 | 005f 9771 | 0000 4903 | c248 3b81 
  0x00007197b8f73dec: 4804 0000 | 750d 4883 | 8150 0400 | 0001 e960 | 0000 0048 | 3b81 5804 | 0000 750d | 4883 8160 
  0x00007197b8f73e0c: 0400 0001 | e94a 0000 | 0048 83b9 | 4804 0000 | 0075 1748 | 8981 4804 | 0000 48c7 | 8150 0400 
  0x00007197b8f73e2c: 0001 0000 | 00e9 2900 | 0000 4883 | b958 0400 | 0000 7517 | 4889 8158 | 0400 0048 | c781 6004 
  0x00007197b8f73e4c: 0000 0100 | 0000 e908 | 0000 0048 | 8381 3804 | 0000 0148 | 8bf7 4889 | bc24 e000 | 0000 6666 
  0x00007197b8f73e6c: 9048 b8ff | ffff ffff 

  0x00007197b8f73e74: ;   {virtual_call}
  0x00007197b8f73e74: ffff ffe8 

  0x00007197b8f73e78: ; ImmutableOopMap {[192]=Oop [200]=Oop [224]=Oop }
                      ;*invokeinterface size {reexecute=0 rethrow=0 return_oop=0}
                      ; - com.sun.javafx.sg.prism.NGGroup::renderContent@98 (line 259)
  0x00007197b8f73e78: 0418 0107 

  0x00007197b8f73e7c: ;   {other}
  0x00007197b8f73e7c: 0f1f 8400 | 6c16 000a 

  0x00007197b8f73e84: ;   {metadata(method data for {method} {0x00007197546ab2d8} 'renderContent' '(Lcom/sun/prism/Graphics;)V' in 'com/sun/javafx/sg/prism/NGGroup')}
  0x00007197b8f73e84: 83f8 0248 | bee0 a30e | 5597 7100 | 0048 bf70 | 0400 0000 | 0000 007d | 0a48 bf80 | 0400 0000 
  0x00007197b8f73ea4: 0000 0048 | 8b1c 3e48 | 8d5b 0148 | 891c 3e0f | 8daa 0300 | 008b 9c24 | f000 0000 | 899c 24f4 
  0x00007197b8f73ec4: 0000 0048 | 8bbc 24e0 | 0000 0048 | 3b07 488b 

  0x00007197b8f73ed4: ;   {metadata(method data for {method} {0x00007197546ab2d8} 'renderContent' '(Lcom/sun/prism/Graphics;)V' in 'com/sun/javafx/sg/prism/NGGroup')}
  0x00007197b8f73ed4: f748 b8e0 | a30e 5597 | 7100 008b | 7608 49ba | 0000 005f | 9771 0000 | 4903 f248 | 3bb0 a004 
  0x00007197b8f73ef4: 0000 750d | 4883 80a8 | 0400 0001 | e960 0000 | 0048 3bb0 | b004 0000 | 750d 4883 | 80b8 0400 
  0x00007197b8f73f14: 0001 e94a | 0000 0048 | 83b8 a004 | 0000 0075 | 1748 89b0 | a004 0000 | 48c7 80a8 | 0400 0001 
  0x00007197b8f73f34: 0000 00e9 | 2900 0000 | 4883 b8b0 | 0400 0000 | 7517 4889 | b0b0 0400 | 0048 c780 | b804 0000 
  0x00007197b8f73f54: 0100 0000 | e908 0000 | 0048 8380 | 9004 0000 | 0148 8bf7 | 4889 bc24 | e000 0000 | 0f1f 4400 
  0x00007197b8f73f74: 0048 b818 | b80b 5f97 

  0x00007197b8f73f7c: ;   {virtual_call}
  0x00007197b8f73f7c: 7100 00e8 

  0x00007197b8f73f80: ; ImmutableOopMap {[200]=Oop [224]=Oop }
                      ;*invokeinterface size {reexecute=0 rethrow=0 return_oop=0}
                      ; - com.sun.javafx.sg.prism.NGGroup::renderContent@114 (line 261)
  0x00007197b8f73f80: 9c09 5907 

  0x00007197b8f73f84: ;   {other}
  0x00007197b8f73f84: 0f1f 8400 | 7417 000b | 8b9c 24f4 | 0000 003b 

  0x00007197b8f73f94: ;   {metadata(method data for {method} {0x00007197546ab2d8} 'renderContent' '(Lcom/sun/prism/Graphics;)V' in 'com/sun/javafx/sg/prism/NGGroup')}
  0x00007197b8f73f94: d848 bae0 | a30e 5597 | 7100 0048 | bec8 0400 | 0000 0000 | 007d 0a48 | bed8 0400 | 0000 0000 
  0x00007197b8f73fb4: 0048 8b3c | 3248 8d7f | 0148 893c | 320f 8deb | 1c00 0048 | 8bbc 24e0 

  0x00007197b8f73fcc: ;   {metadata(method data for {method} {0x00007197546ab2d8} 'renderContent' '(Lcom/sun/prism/Graphics;)V' in 'com/sun/javafx/sg/prism/NGGroup')}
  0x00007197b8f73fcc: 0000 0048 | bae0 a30e | 5597 7100 | 008b 7f08 | 49ba 0000 | 005f 9771 | 0000 4903 | fa48 3bba 
  0x00007197b8f73fec: f804 0000 | 750d 4883 | 8200 0500 | 0001 e960 | 0000 0048 | 3bba 0805 | 0000 750d | 4883 8210 
  0x00007197b8f7400c: 0500 0001 | e94a 0000 | 0048 83ba | f804 0000 | 0075 1748 | 89ba f804 | 0000 48c7 | 8200 0500 
  0x00007197b8f7402c: 0001 0000 | 00e9 2900 | 0000 4883 | ba08 0500 | 0000 7517 | 4889 ba08 | 0500 0048 | c782 1005 
  0x00007197b8f7404c: 0000 0100 | 0000 e908 | 0000 0048 | 8382 e804 | 0000 0148 | 8bd3 488b | b424 e000 | 0000 899c 
  0x00007197b8f7406c: 24f4 0000 | 000f 1f40 | 0048 b818 | b80b 5f97 

  0x00007197b8f7407c: ;   {virtual_call}
  0x00007197b8f7407c: 7100 00e8 

  0x00007197b8f74080: ; ImmutableOopMap {[200]=Oop [224]=Oop }
                      ;*invokeinterface get {reexecute=0 rethrow=0 return_oop=0}
                      ; - com.sun.javafx.sg.prism.NGGroup::renderContent@125 (line 264)
  0x00007197b8f74080: 9c52 5d07 

  0x00007197b8f74084: ;   {other}
  0x00007197b8f74084: 0f1f 8400 | 7418 000c | 4885 c075 

  0x00007197b8f74090: ;   {metadata(method data for {method} {0x00007197546ab2d8} 'renderContent' '(Lcom/sun/prism/Graphics;)V' in 'com/sun/javafx/sg/prism/NGGroup')}
  0x00007197b8f74090: 1648 bee0 | a30e 5597 | 7100 0080 | 8e19 0500 | 0001 e9cd 

  0x00007197b8f740a4: ;   {metadata('com/sun/javafx/sg/prism/NGNode')}
  0x00007197b8f740a4: 0000 0048 | bf80 9910 | 6097 7100 | 008b 7008 | 49ba 0000 | 005f 9771 | 0000 4903 | f248 3b7e 
  0x00007197b8f740c4: 380f 858d 

  0x00007197b8f740c8: ;   {metadata(method data for {method} {0x00007197546ab2d8} 'renderContent' '(Lcom/sun/prism/Graphics;)V' in 'com/sun/javafx/sg/prism/NGGroup')}
  0x00007197b8f740c8: 0000 0048 | bee0 a30e | 5597 7100 | 008b 7808 | 49ba 0000 | 005f 9771 | 0000 4903 | fa48 3bbe 
  0x00007197b8f740e8: 3005 0000 | 750d 4883 | 8638 0500 | 0001 e979 | 0000 0048 | 3bbe 4005 | 0000 750d | 4883 8648 
  0x00007197b8f74108: 0500 0001 | e963 0000 | 0048 83be | 3005 0000 | 0075 1748 | 89be 3005 | 0000 48c7 | 8638 0500 
  0x00007197b8f74128: 0001 0000 | 00e9 4200 | 0000 4883 | be40 0500 | 0000 7517 | 4889 be40 | 0500 0048 | c786 4805 
  0x00007197b8f74148: 0000 0100 | 0000 e921 | 0000 00e9 | 1c00 0000 

  0x00007197b8f74158: ;   {metadata(method data for {method} {0x00007197546ab2d8} 'renderContent' '(Lcom/sun/prism/Graphics;)V' in 'com/sun/javafx/sg/prism/NGGroup')}
  0x00007197b8f74158: 48be e0a3 | 0e55 9771 | 0000 4883 | ae20 0500 | 0001 e9b2 | 1e00 00e9 | 0000 0000 

  0x00007197b8f74174: ;   {metadata(method data for {method} {0x00007197546ab2d8} 'renderContent' '(Lcom/sun/prism/Graphics;)V' in 'com/sun/javafx/sg/prism/NGGroup')}
  0x00007197b8f74174: 48ba e0a3 | 0e55 9771 | 0000 ff82 | 5805 0000 | e925 0000 | 0049 8b87 | 0005 0000 | 4d33 d24d 
  0x00007197b8f74194: 8997 0005 | 0000 4d33 | d24d 8997 | 0805 0000 

  0x00007197b8f741a4: ;   {oop(nullptr)}
  0x00007197b8f741a4: 48b8 0000 | 0000 0000 | 0000 4885 

  0x00007197b8f741b0: ;   {metadata(method data for {method} {0x00007197546ab2d8} 'renderContent' '(Lcom/sun/prism/Graphics;)V' in 'com/sun/javafx/sg/prism/NGGroup')}
  0x00007197b8f741b0: c048 bae0 | a30e 5597 | 7100 0048 | be70 0500 | 0000 0000 | 0074 0a48 | be80 0500 | 0000 0000 
  0x00007197b8f741d0: 0048 8b3c | 3248 8d7f | 0148 893c | 320f 8431 | 0000 0048 | 3b00 488b 

  0x00007197b8f741e8: ;   {metadata(method data for {method} {0x00007197546ab2d8} 'renderContent' '(Lcom/sun/prism/Graphics;)V' in 'com/sun/javafx/sg/prism/NGGroup')}
  0x00007197b8f741e8: d048 bee0 | a30e 5597 | 7100 0048 | 8386 9005 | 0000 0148 | 8b94 24c8 | 0000 0048 

  0x00007197b8f74204: ;   {optimized virtual_call}
  0x00007197b8f74204: 8bf0 90e8 

  0x00007197b8f74208: ; ImmutableOopMap {[200]=Oop [224]=Oop }
                      ;*invokevirtual render {reexecute=0 rethrow=0 return_oop=0}
                      ; - com.sun.javafx.sg.prism.NGGroup::renderContent@151 (line 270)
  0x00007197b8f74208: 744a e5ff 

  0x00007197b8f7420c: ;   {other}
  0x00007197b8f7420c: 0f1f 8400 | fc19 000d | 8b9c 24f4 | 0000 00ff 

  0x00007197b8f7421c: ;   {metadata(method data for {method} {0x00007197546ab2d8} 'renderContent' '(Lcom/sun/prism/Graphics;)V' in 'com/sun/javafx/sg/prism/NGGroup')}
  0x00007197b8f7421c: c348 bae0 | a30e 5597 | 7100 008b | b2f8 0000 | 0083 c602 | 89b2 f800 | 0000 81e6 | fe3f 0000 
  0x00007197b8f7423c: 85f6 0f84 | eb1d 0000 | 4d8b 9758 

  0x00007197b8f74248: ; ImmutableOopMap {[200]=Oop [224]=Oop }
                      ;*goto {reexecute=1 rethrow=0 return_oop=0}
                      ; - (reexecute) com.sun.javafx.sg.prism.NGGroup::renderContent@157 (line 261)
                      ;   {poll}
  0x00007197b8f74248: 0400 0041 

  0x00007197b8f7424c: ;   {metadata(method data for {method} {0x00007197546ab2d8} 'renderContent' '(Lcom/sun/prism/Graphics;)V' in 'com/sun/javafx/sg/prism/NGGroup')}
  0x00007197b8f7424c: 8502 48ba | e0a3 0e55 | 9771 0000 | ff82 c805 | 0000 e95d | fcff ff48 | 8bb4 24c0 | 0000 000f 
  0x00007197b8f7426c: 1f44 0000 

  0x00007197b8f74270: ;   {no_reloc}
  0x00007197b8f74270: e9ea 1d00 | 0000 0000 | 0000 4c8b | c680 ba20 | 0100 0005 | 0f85 e41d | 0000 498b | 87b8 0100 
  0x00007197b8f74290: 0048 8d78 | 2849 3bbf | c801 0000 | 0f87 cc1d | 0000 4989 | bfb8 0100 | 0048 c700 | 0100 0000 
  0x00007197b8f742b0: 488b ca49 | ba00 0000 | 5f97 7100 | 0049 2bca | 8948 0848 | 33c9 8948 | 0c48 33c9 | 4889 4810 
  0x00007197b8f742d0: 4889 4818 | 4889 4820 | 4889 8424 | f800 0000 | 418b 5060 | 48c1 e203 

  0x00007197b8f742e8: ;   {metadata(method data for {method} {0x00007197546ab2d8} 'renderContent' '(Lcom/sun/prism/Graphics;)V' in 'com/sun/javafx/sg/prism/NGGroup')}
  0x00007197b8f742e8: 488b c849 | b8e0 a30e | 5597 7100 | 0049 8380 | e005 0000 

  0x00007197b8f742fc: ;   {oop(nullptr)}
  0x00007197b8f742fc: 0148 b900 | 0000 0000 

  0x00007197b8f74304: ;   {oop(nullptr)}
  0x00007197b8f74304: 0000 0049 | b800 0000 | 0000 0000 | 0048 8bf0 

  0x00007197b8f74314: ;   {optimized virtual_call}
  0x00007197b8f74314: 6666 90e8 

  0x00007197b8f74318: ; ImmutableOopMap {[200]=Oop [224]=Oop [248]=Oop }
                      ;*invokespecial <init> {reexecute=0 rethrow=0 return_oop=0}
                      ; - com.sun.javafx.sg.prism.NGGroup::renderContent@171 (line 276)
  0x00007197b8f74318: 6410 0107 

  0x00007197b8f7431c: ;   {other}
  0x00007197b8f7431c: 0f1f 8400 | 0c1b 000f 

  0x00007197b8f74324: ;   {metadata(method data for {method} {0x00007197546ab2d8} 'renderContent' '(Lcom/sun/prism/Graphics;)V' in 'com/sun/javafx/sg/prism/NGGroup')}
  0x00007197b8f74324: 48ba e0a3 | 0e55 9771 | 0000 4883 | 82f0 0500 

  0x00007197b8f74334: ;   {metadata(method data for {method} {0x00007197546a8d68} 'getFilterContext' '(Lcom/sun/prism/Graphics;)Lcom/sun/scenario/effect/FilterContext;' in 'com/sun/javafx/sg/prism/NGNode')}
  0x00007197b8f74334: 0001 48ba | 90b7 0e55 | 9771 0000 | 8bb2 f400 | 0000 83c6 | 0289 b2f4 | 0000 0081 | e6fe ff1f 
  0x00007197b8f74354: 0085 f60f | 841e 1d00 | 0048 8b94 | 24c8 0000 | 0048 85d2 | 0f84 2800 

  0x00007197b8f7436c: ;   {metadata('com/sun/prism/sw/SWGraphics')}
  0x00007197b8f7436c: 0000 48b9 | 18b8 2260 | 9771 0000 | 8b7a 0849 | ba00 0000 | 5f97 7100 | 0049 03fa | 483b cf0f 
  0x00007197b8f7438c: 850b 1d00 | 00e9 0000 | 0000 488b | f248 8bf2 

  0x00007197b8f7439c: ;   {metadata(method data for {method} {0x00007197546a8d68} 'getFilterContext' '(Lcom/sun/prism/Graphics;)Lcom/sun/scenario/effect/FilterContext;' in 'com/sun/javafx/sg/prism/NGNode')}
  0x00007197b8f7439c: 48bf 90b7 | 0e55 9771 

  0x00007197b8f743a4: ;   {metadata('com/sun/prism/sw/SWGraphics')}
  0x00007197b8f743a4: 0000 49ba | 18b8 2260 | 9771 0000 | 4c89 9748 | 0100 0048 | 8387 5001 

  0x00007197b8f743bc: ;   {metadata(method data for {method} {0x0000719754c02f00} 'getAssociatedScreen' '()Lcom/sun/glass/ui/Screen;' in 'com/sun/prism/sw/SWGraphics')}
  0x00007197b8f743bc: 0000 0148 | beb8 b90e | 5597 7100 | 008b bef4 | 0000 0083 | c702 89be | f400 0000 | 81e7 feff 
  0x00007197b8f743dc: 1f00 85ff | 0f84 bb1c | 0000 8b72 | 2448 c1e6 | 0348 3b06 

  0x00007197b8f743f0: ;   {metadata(method data for {method} {0x0000719754c02f00} 'getAssociatedScreen' '()Lcom/sun/glass/ui/Screen;' in 'com/sun/prism/sw/SWGraphics')}
  0x00007197b8f743f0: 488b fe48 | b8b8 b90e | 5597 7100 

  0x00007197b8f743fc: ;   {metadata('com/sun/prism/sw/SWRTTexture')}
  0x00007197b8f743fc: 0049 bad0 | 9722 6097 | 7100 004c | 8990 4801 | 0000 4883 | 8050 0100 

  0x00007197b8f74414: ;   {metadata(method data for {method} {0x0000719754bf4000} 'getAssociatedScreen' '()Lcom/sun/glass/ui/Screen;' in 'com/sun/prism/sw/SWRTTexture')}
  0x00007197b8f74414: 0001 48bf | 68bb 0e55 | 9771 0000 | 8b87 f400 | 0000 83c0 | 0289 87f4 | 0000 0025 | feff 1f00 
  0x00007197b8f74434: 85c0 0f84 | 8b1c 0000 

  0x00007197b8f7443c: ;   {metadata(method data for {method} {0x0000719754bf4000} 'getAssociatedScreen' '()Lcom/sun/glass/ui/Screen;' in 'com/sun/prism/sw/SWRTTexture')}
  0x00007197b8f7443c: 488b fe48 | b868 bb0e | 5597 7100 | 008b 7f08 | 49ba 0000 | 005f 9771 | 0000 4903 | fa48 3bb8 
  0x00007197b8f7445c: 4801 0000 | 750d 4883 | 8050 0100 | 0001 e960 | 0000 0048 | 3bb8 5801 | 0000 750d | 4883 8060 
  0x00007197b8f7447c: 0100 0001 | e94a 0000 | 0048 83b8 | 4801 0000 | 0075 1748 | 89b8 4801 | 0000 48c7 | 8050 0100 
  0x00007197b8f7449c: 0001 0000 | 00e9 2900 | 0000 4883 | b858 0100 | 0000 7517 | 4889 b858 | 0100 0048 | c780 6001 
  0x00007197b8f744bc: 0000 0100 | 0000 e908 | 0000 0048 | 8380 3801 | 0000 018b | 5e2c 48c1 | e303 483b | 0348 8bfb 
  0x00007197b8f744dc: ;   {metadata(method data for {method} {0x0000719754bf4000} 'getAssociatedScreen' '()Lcom/sun/glass/ui/Screen;' in 'com/sun/prism/sw/SWRTTexture')}
  0x00007197b8f744dc: 48b8 68bb | 0e55 9771 | 0000 4883 | 8070 0100 | 0001 448b | 4328 49c1 | e003 4d85 

  0x00007197b8f744f8: ;   {metadata(method data for {method} {0x00007197546a8d68} 'getFilterContext' '(Lcom/sun/prism/Graphics;)Lcom/sun/scenario/effect/FilterContext;' in 'com/sun/javafx/sg/prism/NGNode')}
  0x00007197b8f744f8: c048 bf90 | b70e 5597 | 7100 0048 | b870 0100 | 0000 0000 | 0075 0a48 | b880 0100 | 0000 0000 
  0x00007197b8f74518: 0048 8b0c | 0748 8d49 | 0148 890c | 070f 857b | 0300 0048 | 85d2 0f84 | 2800 0000 

  0x00007197b8f74534: ;   {metadata('com/sun/prism/sw/SWGraphics')}
  0x00007197b8f74534: 49b8 18b8 | 2260 9771 | 0000 8b42 | 0849 ba00 | 0000 5f97 | 7100 0049 | 03c2 4c3b | c00f 8596 
  0x00007197b8f74554: 1b00 00e9 | 0000 0000 | 488b fa48 

  0x00007197b8f74560: ;   {metadata(method data for {method} {0x00007197546a8d68} 'getFilterContext' '(Lcom/sun/prism/Graphics;)Lcom/sun/scenario/effect/FilterContext;' in 'com/sun/javafx/sg/prism/NGNode')}
  0x00007197b8f74560: 8bfa 48b8 | 90b7 0e55 | 9771 0000 

  0x00007197b8f7456c: ;   {metadata('com/sun/prism/sw/SWGraphics')}
  0x00007197b8f7456c: 49ba 18b8 | 2260 9771 | 0000 4c89 | 90a0 0100 | 0048 8380 | a801 0000 

  0x00007197b8f74584: ;   {metadata(method data for {method} {0x0000719754c07678} 'getResourceFactory' '()Lcom/sun/prism/ResourceFactory;' in 'com/sun/prism/sw/SWGraphics')}
  0x00007197b8f74584: 0148 bf50 | bd0e 5597 | 7100 008b | 87f4 0000 | 0083 c002 | 8987 f400 | 0000 25fe | ff1f 0085 
  0x00007197b8f745a4: c00f 8447 | 1b00 0048 

  0x00007197b8f745ac: ;   {metadata(method data for {method} {0x0000719754c07678} 'getResourceFactory' '()Lcom/sun/prism/ResourceFactory;' in 'com/sun/prism/sw/SWGraphics')}
  0x00007197b8f745ac: 8bfa 48b8 | 50bd 0e55 | 9771 0000 | 4883 8038 | 0100 0001 

  0x00007197b8f745c0: ;   {metadata(method data for {method} {0x0000719754c02e60} 'getResourceFactory' '()Lcom/sun/prism/sw/SWResourceFactory;' in 'com/sun/prism/sw/SWGraphics')}
  0x00007197b8f745c0: 48bf 00bf | 0e55 9771 | 0000 8b87 | f400 0000 | 83c0 0289 | 87f4 0000 | 0025 feff | 1f00 85c0 
  0x00007197b8f745e0: 0f84 2d1b 

  0x00007197b8f745e4: ;   {metadata(method data for {method} {0x0000719754c02e60} 'getResourceFactory' '()Lcom/sun/prism/sw/SWResourceFactory;' in 'com/sun/prism/sw/SWGraphics')}
  0x00007197b8f745e4: 0000 48bf | 00bf 0e55 | 9771 0000 | 8b76 0849 | ba00 0000 | 5f97 7100 | 0049 03f2 | 483b b748 
  0x00007197b8f74604: 0100 0075 | 0d48 8387 | 5001 0000 | 01e9 6000 | 0000 483b | b758 0100 | 0075 0d48 | 8387 6001 
  0x00007197b8f74624: 0000 01e9 | 4a00 0000 | 4883 bf48 | 0100 0000 | 7517 4889 | b748 0100 | 0048 c787 | 5001 0000 
  0x00007197b8f74644: 0100 0000 | e929 0000 | 0048 83bf | 5801 0000 | 0075 1748 | 89b7 5801 | 0000 48c7 | 8760 0100 
  0x00007197b8f74664: 0001 0000 | 00e9 0800 | 0000 4883 | 8738 0100 

  0x00007197b8f74674: ;   {metadata(method data for {method} {0x00007197546a8d68} 'getFilterContext' '(Lcom/sun/prism/Graphics;)Lcom/sun/scenario/effect/FilterContext;' in 'com/sun/javafx/sg/prism/NGNode')}
  0x00007197b8f74674: 0001 48be | 90b7 0e55 | 9771 0000 | 4883 86c8 | 0100 0001 

  0x00007197b8f74688: ;   {metadata(method data for {method} {0x000071975447fef8} 'getPrinterContext' '(Ljava/lang/Object;)Lcom/sun/scenario/effect/impl/prism/PrFilterContext;' in 'com/sun/scenario/effect/impl/prism/PrFilterContext')}
  0x00007197b8f74688: 48be b0c0 | 0e55 9771 | 0000 8bbe | f400 0000 | 83c7 0289 | bef4 0000 | 0081 e7fe | ff1f 0085 
  0x00007197b8f746a8: ff0f 8485 

  0x00007197b8f746ac: ;   {oop(a 'java/lang/Class'{0x00000006e92e7888} = 'com/sun/scenario/effect/impl/prism/PrFilterContext')}
  0x00007197b8f746ac: 1a00 0048 | be88 782e | e906 0000 | 008b 7678 | 48c1 e603 

  0x00007197b8f746c0: ;   {metadata(method data for {method} {0x000071975447fef8} 'getPrinterContext' '(Ljava/lang/Object;)Lcom/sun/scenario/effect/impl/prism/PrFilterContext;' in 'com/sun/scenario/effect/impl/prism/PrFilterContext')}
  0x00007197b8f746c0: 4885 f648 | beb0 c00e | 5597 7100 | 0048 bf38 | 0100 0000 | 0000 0075 | 0a48 bf48 | 0100 0000 
  0x00007197b8f746e0: 0000 0048 | 8b04 3e48 | 8d40 0148 | 8904 3e0f | 859b 0100 

  0x00007197b8f746f4: ;   {metadata('com/sun/scenario/effect/impl/prism/PrFilterContext')}
  0x00007197b8f746f4: 0048 ba08 | 8201 6097 | 7100 0049 | 8b87 b801 | 0000 488d | 7818 493b | bfc8 0100 | 000f 873e 
  0x00007197b8f74714: 1a00 0049 | 89bf b801 | 0000 48c7 | 0001 0000 | 0048 8bca | 49ba 0000 | 005f 9771 | 0000 492b 
  0x00007197b8f74734: ca89 4808 | 4833 c989 | 480c 4833 | c948 8948 | 1048 8bf0 

  0x00007197b8f74748: ;   {metadata(method data for {method} {0x000071975447fef8} 'getPrinterContext' '(Ljava/lang/Object;)Lcom/sun/scenario/effect/impl/prism/PrFilterContext;' in 'com/sun/scenario/effect/impl/prism/PrFilterContext')}
  0x00007197b8f74748: 48bf b0c0 | 0e55 9771 | 0000 4883 | 8758 0100 

  0x00007197b8f74758: ;   {metadata(method data for {method} {0x000071975447ffa8} '<init>' '(Ljava/lang/Object;)V' in 'com/sun/scenario/effect/impl/prism/PrFilterContext')}
  0x00007197b8f74758: 0001 48be | 58c2 0e55 | 9771 0000 | 8bbe f400 | 0000 83c7 | 0289 bef4 | 0000 0081 | e7fe ff1f 
  0x00007197b8f74778: 0085 ff0f | 84e1 1900 | 0048 8bf0 

  0x00007197b8f74784: ;   {metadata(method data for {method} {0x000071975447ffa8} '<init>' '(Ljava/lang/Object;)V' in 'com/sun/scenario/effect/impl/prism/PrFilterContext')}
  0x00007197b8f74784: 48bf 58c2 | 0e55 9771 | 0000 4883 | 8738 0100 

  0x00007197b8f74794: ;   {metadata(method data for {method} {0x000071975447f7d8} '<init>' '(Ljava/lang/Object;)V' in 'com/sun/scenario/effect/FilterContext')}
  0x00007197b8f74794: 0001 48be | c8c3 0e55 | 9771 0000 | 8bbe f400 | 0000 83c7 | 0289 bef4 | 0000 0081 | e7fe ff1f 
  0x00007197b8f747b4: 0085 ff0f | 84c6 1900 | 0048 8bf0 

  0x00007197b8f747c0: ;   {metadata(method data for {method} {0x000071975447f7d8} '<init>' '(Ljava/lang/Object;)V' in 'com/sun/scenario/effect/FilterContext')}
  0x00007197b8f747c0: 48bf c8c3 | 0e55 9771 | 0000 4883 | 8738 0100 

  0x00007197b8f747d0: ;   {metadata(method data for {method} {0x000071975f479de8} '<init>' '()V' in 'java/lang/Object')}
  0x00007197b8f747d0: 0001 48be | 6897 0054 | 9771 0000 | 8bbe f400 | 0000 83c7 | 0289 bef4 | 0000 0081 | e7fe ff1f 
  0x00007197b8f747f0: 0085 ff0f | 84ab 1900 | 0048 85db 

  0x00007197b8f747fc: ;   {metadata(method data for {method} {0x000071975447f7d8} '<init>' '(Ljava/lang/Object;)V' in 'com/sun/scenario/effect/FilterContext')}
  0x00007197b8f747fc: 48be c8c3 | 0e55 9771 | 0000 48bf | 5801 0000 | 0000 0000 | 740a 48bf | 4801 0000 | 0000 0000 
  0x00007197b8f7481c: 488b 143e | 488d 5201 | 4889 143e | 0f84 b014 | 0000 410f | be77 4085 | f60f 858a | 1900 004c 
  0x00007197b8f7483c: 8bd3 49c1 | ea03 4489 | 500c 488b | f048 33f3 | 48c1 ee16 | 4883 fe00 | 0f85 8a19 

  0x00007197b8f74858: ;   {oop(a 'java/lang/Class'{0x00000006e92e7888} = 'com/sun/scenario/effect/impl/prism/PrFilterContext')}
  0x00007197b8f74858: 0000 48be | 8878 2ee9 | 0600 0000 | 410f be7f | 4085 ff0f | 858b 1900 | 004c 8bd0 | 49c1 ea03 
  0x00007197b8f74878: 4489 5678 | 488b fe48 | 33f8 48c1 | ef16 4883 | ff00 0f85 | 8b19 0000 

  0x00007197b8f74890: ;   {oop(a 'java/lang/Class'{0x00000006e92e7888} = 'com/sun/scenario/effect/impl/prism/PrFilterContext')}
  0x00007197b8f74890: 48be 8878 | 2ee9 0600 | 0000 8b76 | 7848 c1e6 | 03e9 2900 

  0x00007197b8f748a4: ;   {metadata(method data for {method} {0x00007197546a8d68} 'getFilterContext' '(Lcom/sun/prism/Graphics;)Lcom/sun/scenario/effect/FilterContext;' in 'com/sun/javafx/sg/prism/NGNode')}
  0x00007197b8f748a4: 0000 48be | 90b7 0e55 | 9771 0000 | 4883 86d8 | 0100 0001 | 498b f00f 

  0x00007197b8f748bc: ;   {static_call}
  0x00007197b8f748bc: 1f40 00e8 

  0x00007197b8f748c0: ; ImmutableOopMap {[200]=Oop [224]=Oop [248]=Oop }
                      ;*invokestatic getInstance {reexecute=0 rethrow=0 return_oop=0}
                      ; - com.sun.javafx.sg.prism.NGNode::getFilterContext@22 (line 2413)
                      ; - com.sun.javafx.sg.prism.NGGroup::renderContent@177 (line 277)
  0x00007197b8f748c0: bc10 0107 

  0x00007197b8f748c4: ;   {other}
  0x00007197b8f748c4: 0f1f 8400 | b420 0010 | 488b f0bf | 0100 0000 

  0x00007197b8f748d4: ;   {oop(nullptr)}
  0x00007197b8f748d4: 48bb 0000 | 0000 0000 | 0000 89bc | 2410 0100 | 0048 899c | 2400 0100 | 0048 89b4 | 2408 0100 
  0x00007197b8f748f4: 0066 6690 | 488b 9424 | c800 0000 | 4885 d20f | 8429 0000 

  0x00007197b8f74908: ;   {metadata('com/sun/prism/sw/SWGraphics')}
  0x00007197b8f74908: 0049 bd18 | b822 6097 | 7100 0044 | 8b4a 0849 | ba00 0000 | 5f97 7100 | 004d 03ca | 4d3b e90f 
  0x00007197b8f74928: 8506 1900 | 00e9 0000 | 0000 4c8b | c24c 8bc2 

  0x00007197b8f74938: ;   {metadata(method data for {method} {0x00007197546ab2d8} 'renderContent' '(Lcom/sun/prism/Graphics;)V' in 'com/sun/javafx/sg/prism/NGGroup')}
  0x00007197b8f74938: 49b9 e0a3 | 0e55 9771 

  0x00007197b8f74940: ;   {metadata('com/sun/prism/sw/SWGraphics')}
  0x00007197b8f74940: 0000 49ba | 18b8 2260 | 9771 0000 | 4d89 9110 | 0600 0049 | 8381 1806 

  0x00007197b8f74958: ;   {metadata(method data for {method} {0x0000719754c03050} 'getTransformNoClone' '()Lcom/sun/javafx/geom/transform/BaseTransform;' in 'com/sun/prism/sw/SWGraphics')}
  0x00007197b8f74958: 0000 0149 | b868 27ca | 5497 7100 | 0045 8b88 | f400 0000 | 4183 c102 | 4589 88f4 | 0000 0041 
  0x00007197b8f74978: 81e1 feff | 1f00 4585 | c90f 84b1 

  0x00007197b8f74984: ;   {metadata(method data for {method} {0x0000719754c03050} 'getTransformNoClone' '()Lcom/sun/javafx/geom/transform/BaseTransform;' in 'com/sun/prism/sw/SWGraphics')}
  0x00007197b8f74984: 1800 0049 | b868 27ca | 5497 7100 | 0041 ff80 | 3801 0000 | 448b 422c | 49c1 e003 

  0x00007197b8f749a0: ; implicit exception: dispatches to 0x00007197b8f76259
  0x00007197b8f749a0: 493b 004d 

  0x00007197b8f749a4: ;   {metadata(method data for {method} {0x00007197546ab2d8} 'renderContent' '(Lcom/sun/prism/Graphics;)V' in 'com/sun/javafx/sg/prism/NGGroup')}
  0x00007197b8f749a4: 8bc8 49bb | e0a3 0e55 | 9771 0000 | 458b 4908 | 49ba 0000 | 005f 9771 | 0000 4d03 | ca4d 3b8b 
  0x00007197b8f749c4: 4806 0000 | 750d 4983 | 8350 0600 | 0001 e960 | 0000 004d | 3b8b 5806 | 0000 750d | 4983 8360 
  0x00007197b8f749e4: 0600 0001 | e94a 0000 | 0049 83bb | 4806 0000 | 0075 174d | 898b 4806 | 0000 49c7 | 8350 0600 
  0x00007197b8f74a04: 0001 0000 | 00e9 2900 | 0000 4983 | bb58 0600 | 0000 7517 | 4d89 8b58 | 0600 0049 | c783 6006 
  0x00007197b8f74a24: 0000 0100 | 0000 e908 | 0000 0049 | 8383 3806 | 0000 0149 | 8bf0 6666 | 9048 b8ff | ffff ffff 
  0x00007197b8f74a44: ;   {virtual_call}
  0x00007197b8f74a44: ffff ffe8 

  0x00007197b8f74a48: ; ImmutableOopMap {[200]=Oop [224]=Oop [248]=Oop [256]=Oop [264]=Oop }
                      ;*invokevirtual copy {reexecute=0 rethrow=0 return_oop=0}
                      ; - com.sun.javafx.sg.prism.NGGroup::renderContent@194 (line 283)
  0x00007197b8f74a48: 340c 0107 

  0x00007197b8f74a4c: ;   {other}
  0x00007197b8f74a4c: 0f1f 8400 | 3c22 0011 | 4889 8424 | 1801 0000 | 488b 9c24 | 0001 0000 

  0x00007197b8f74a64: ;   {metadata(method data for {method} {0x00007197546ab2d8} 'renderContent' '(Lcom/sun/prism/Graphics;)V' in 'com/sun/javafx/sg/prism/NGGroup')}
  0x00007197b8f74a64: 4885 db48 | bee0 a30e | 5597 7100 | 0048 bf70 | 0600 0000 | 0000 0074 | 0a48 bf80 | 0600 0000 
  0x00007197b8f74a84: 0000 0048 | 8b14 3e48 | 8d52 0148 | 8914 3e0f | 8445 0000 | 0048 3b03 

  0x00007197b8f74a9c: ;   {metadata(method data for {method} {0x00007197546ab2d8} 'renderContent' '(Lcom/sun/prism/Graphics;)V' in 'com/sun/javafx/sg/prism/NGGroup')}
  0x00007197b8f74a9c: 488b f348 | bfe0 a30e | 5597 7100 

  0x00007197b8f74aa8: ;   {metadata('com/sun/scenario/effect/ImageData')}
  0x00007197b8f74aa8: 0049 baf8 | b82d 6097 | 7100 004c | 8997 a006 | 0000 4883 | 87a8 0600 | 0001 488b 

  0x00007197b8f74ac4: ;   {optimized virtual_call}
  0x00007197b8f74ac4: f366 90e8 

  0x00007197b8f74ac8: ; ImmutableOopMap {[200]=Oop [224]=Oop [248]=Oop [264]=Oop [280]=Oop }
                      ;*invokevirtual unref {reexecute=0 rethrow=0 return_oop=0}
                      ; - com.sun.javafx.sg.prism.NGGroup::renderContent@206 (line 285)
  0x00007197b8f74ac8: b408 0107 

  0x00007197b8f74acc: ;   {other}
  0x00007197b8f74acc: 0f1f 8400 | bc22 0012 

  0x00007197b8f74ad4: ;   {oop(nullptr)}
  0x00007197b8f74ad4: 48bb 0000 | 0000 0000 | 0000 4889 | 9c24 2001 

  0x00007197b8f74ae4: ;   {metadata(method data for {method} {0x00007197546ab2d8} 'renderContent' '(Lcom/sun/prism/Graphics;)V' in 'com/sun/javafx/sg/prism/NGGroup')}
  0x00007197b8f74ae4: 0000 48be | e0a3 0e55 | 9771 0000 | 4883 86c8 | 0600 0001 | 488b b424 | c800 0000 | 0f1f 8000 
  0x00007197b8f74b04: ;   {static_call}
  0x00007197b8f74b04: 0000 00e8 

  0x00007197b8f74b08: ; ImmutableOopMap {[200]=Oop [224]=Oop [248]=Oop [264]=Oop [280]=Oop [288]=Oop }
                      ;*invokestatic getGraphicsClipNoClone {reexecute=0 rethrow=0 return_oop=0}
                      ; - com.sun.javafx.sg.prism.NGGroup::renderContent@213 (line 288)
  0x00007197b8f74b08: 740e 0107 

  0x00007197b8f74b0c: ;   {other}
  0x00007197b8f74b0c: 0f1f 8400 | fc22 0013 | 4889 8424 | 2801 0000 | 8b9c 24f0 | 0000 0048 | 8bbc 2420 | 0100 00e9 
  0x00007197b8f74b2c: 4107 0000 | 488b 9424 | e000 0000 

  0x00007197b8f74b38: ;   {metadata(method data for {method} {0x00007197546ab2d8} 'renderContent' '(Lcom/sun/prism/Graphics;)V' in 'com/sun/javafx/sg/prism/NGGroup')}
  0x00007197b8f74b38: 48be e0a3 | 0e55 9771 | 0000 8b52 | 0849 ba00 | 0000 5f97 | 7100 0049 | 03d2 483b | 9640 0700 
  0x00007197b8f74b58: 0075 0d48 | 8386 4807 | 0000 01e9 | 6000 0000 | 483b 9650 | 0700 0075 | 0d48 8386 | 5807 0000 
  0x00007197b8f74b78: 01e9 4a00 | 0000 4883 | be40 0700 | 0000 7517 | 4889 9640 | 0700 0048 | c786 4807 | 0000 0100 
  0x00007197b8f74b98: 0000 e929 | 0000 0048 | 83be 5007 | 0000 0075 | 1748 8996 | 5007 0000 | 48c7 8658 | 0700 0001 
  0x00007197b8f74bb8: 0000 00e9 | 0800 0000 | 4883 8630 | 0700 0001 | 488b d348 | 8bb4 24e0 | 0000 0089 | 9c24 1401 
  0x00007197b8f74bd8: 0000 6666 | 9048 b8ff | ffff ffff 

  0x00007197b8f74be4: ;   {virtual_call}
  0x00007197b8f74be4: ffff ffe8 

  0x00007197b8f74be8: ; ImmutableOopMap {[200]=Oop [224]=Oop [248]=Oop [264]=Oop [280]=Oop [296]=Oop [304]=Oop }
                      ;*invokeinterface get {reexecute=0 rethrow=0 return_oop=0}
                      ; - com.sun.javafx.sg.prism.NGGroup::renderContent@236 (line 290)
  0x00007197b8f74be8: 940a 0107 

  0x00007197b8f74bec: ;   {other}
  0x00007197b8f74bec: 0f1f 8400 | dc23 0014 | 4885 c075 

  0x00007197b8f74bf8: ;   {metadata(method data for {method} {0x00007197546ab2d8} 'renderContent' '(Lcom/sun/prism/Graphics;)V' in 'com/sun/javafx/sg/prism/NGGroup')}
  0x00007197b8f74bf8: 1648 b9e0 | a30e 5597 | 7100 0080 | 8961 0700 | 0001 e9ce 

  0x00007197b8f74c0c: ;   {metadata('com/sun/javafx/sg/prism/NGNode')}
  0x00007197b8f74c0c: 0000 0049 | b880 9910 | 6097 7100 | 008b 4808 | 49ba 0000 | 005f 9771 | 0000 4903 | ca4c 3b41 
  0x00007197b8f74c2c: 380f 858e 

  0x00007197b8f74c30: ;   {metadata(method data for {method} {0x00007197546ab2d8} 'renderContent' '(Lcom/sun/prism/Graphics;)V' in 'com/sun/javafx/sg/prism/NGGroup')}
  0x00007197b8f74c30: 0000 0048 | b9e0 a30e | 5597 7100 | 0044 8b40 | 0849 ba00 | 0000 5f97 | 7100 004d | 03c2 4c3b 
  0x00007197b8f74c50: 8178 0700 | 0075 0d48 | 8381 8007 | 0000 01e9 | 7900 0000 | 4c3b 8188 | 0700 0075 | 0d48 8381 
  0x00007197b8f74c70: 9007 0000 | 01e9 6300 | 0000 4883 | b978 0700 | 0000 7517 | 4c89 8178 | 0700 0048 | c781 8007 
  0x00007197b8f74c90: 0000 0100 | 0000 e942 | 0000 0048 | 83b9 8807 | 0000 0075 | 174c 8981 | 8807 0000 | 48c7 8190 
  0x00007197b8f74cb0: 0700 0001 | 0000 00e9 | 2100 0000 | e91c 0000 

  0x00007197b8f74cc0: ;   {metadata(method data for {method} {0x00007197546ab2d8} 'renderContent' '(Lcom/sun/prism/Graphics;)V' in 'com/sun/javafx/sg/prism/NGGroup')}
  0x00007197b8f74cc0: 0048 b9e0 | a30e 5597 | 7100 0048 | 83a9 6807 | 0000 01e9 | 8b15 0000 | e900 0000 | 0048 8bd0 
  0x00007197b8f74ce0: ;   {metadata(method data for {method} {0x00007197546ab2d8} 'renderContent' '(Lcom/sun/prism/Graphics;)V' in 'com/sun/javafx/sg/prism/NGGroup')}
  0x00007197b8f74ce0: 48be e0a3 | 0e55 9771 | 0000 4883 | 86a0 0700 | 0001 488b | b424 0801 | 0000 b900 | 0000 004c 
  0x00007197b8f74d00: 8b84 2418 | 0100 004c | 8b8c 2428 

  0x00007197b8f74d0c: ;   {static_call}
  0x00007197b8f74d0c: 0100 00e8 

  0x00007197b8f74d10: ; ImmutableOopMap {[200]=Oop [224]=Oop [248]=Oop [264]=Oop [280]=Oop [296]=Oop [304]=Oop }
                      ;*invokestatic getImageDataForNode {reexecute=0 rethrow=0 return_oop=0}
                      ; - com.sun.javafx.sg.prism.NGGroup::renderContent@255 (line 292)
  0x00007197b8f74d10: 6c0c 0107 

  0x00007197b8f74d14: ;   {other}
  0x00007197b8f74d14: 0f1f 8400 | 0425 0015 | 488b bc24 | 3001 0000 

  0x00007197b8f74d24: ;   {metadata(method data for {method} {0x00007197546ab2d8} 'renderContent' '(Lcom/sun/prism/Graphics;)V' in 'com/sun/javafx/sg/prism/NGGroup')}
  0x00007197b8f74d24: 4885 ff48 | bbe0 a30e | 5597 7100 | 0048 bab0 | 0700 0000 | 0000 0075 | 0a48 bac0 | 0700 0000 
  0x00007197b8f74d44: 0000 0048 | 8b34 1348 | 8d76 0148 | 8934 130f | 8515 0000 

  0x00007197b8f74d58: ;   {metadata(method data for {method} {0x00007197546ab2d8} 'renderContent' '(Lcom/sun/prism/Graphics;)V' in 'com/sun/javafx/sg/prism/NGGroup')}
  0x00007197b8f74d58: 0048 bbe0 | a30e 5597 | 7100 00ff | 83d0 0700 | 00e9 b604 | 0000 bb02 

  0x00007197b8f74d70: ;   {metadata('com/sun/scenario/effect/ImageData'[])}
  0x00007197b8f74d70: 0000 0048 | ba30 042e | 6097 7100 | 004c 8be8 | 4c8b df48 | 63db 488b | fb48 81fb | ffff ff00 
  0x00007197b8f74d90: 0f87 d614 | 0000 48be | 1700 0000 | 0000 0000 | 488d 349e | 4883 e6f8 | 498b 87b8 | 0100 0048 
  0x00007197b8f74db0: 8d34 3049 | 3bb7 c801 | 0000 0f87 | ac14 0000 | 4989 b7b8 | 0100 0048 | 2bf0 48c7 | 0001 0000 
  0x00007197b8f74dd0: 0048 8bca | 49ba 0000 | 005f 9771 | 0000 492b | ca89 4808 | 8958 0c48 | 83ee 1048 | 85f6 0f84 
  0x00007197b8f74df0: 1100 0000 | 4833 db48 | c1ee 0348 | 895c f008 | 48ff ce75 | f64d 85db 

  0x00007197b8f74e08: ;   {metadata(method data for {method} {0x00007197546ab2d8} 'renderContent' '(Lcom/sun/prism/Graphics;)V' in 'com/sun/javafx/sg/prism/NGGroup')}
  0x00007197b8f74e08: 7516 48b9 | e0a3 0e55 | 9771 0000 | 8089 e107 | 0000 01e9 | fc00 0000 

  0x00007197b8f74e20: ; implicit exception: dispatches to 0x00007197b8f76276
  0x00007197b8f74e20: 8b50 0849 | ba00 0000 | 5f97 7100 | 0049 03d2 | 418b 4b08 | 49ba 0000 | 005f 9771 | 0000 4903 
  0x00007197b8f74e40: ca48 8b92 | d000 0000 | 483b ca0f | 8429 0000 | 0044 8b42 | 144a 3b14 | 010f 841b | 0000 0041 
  0x00007197b8f74e60: 83f8 200f | 859c 0000 

  0x00007197b8f74e68: ;   {runtime_call slow_subtype_check Runtime1 stub}
  0x00007197b8f74e68: 0051 52e8 | 9076 0d07 | 595a 85d2 | 0f84 8b00 

  0x00007197b8f74e78: ;   {metadata(method data for {method} {0x00007197546ab2d8} 'renderContent' '(Lcom/sun/prism/Graphics;)V' in 'com/sun/javafx/sg/prism/NGGroup')}
  0x00007197b8f74e78: 0000 48b9 | e0a3 0e55 | 9771 0000 | 418b 5308 | 49ba 0000 | 005f 9771 | 0000 4903 | d248 3b91 
  0x00007197b8f74e98: f807 0000 | 750d 4883 | 8100 0800 | 0001 e971 | 0000 0048 | 3b91 0808 | 0000 750d | 4883 8110 
  0x00007197b8f74eb8: 0800 0001 | e95b 0000 | 0048 83b9 | f807 0000 | 0075 1748 | 8991 f807 | 0000 48c7 | 8100 0800 
  0x00007197b8f74ed8: 0001 0000 | 00e9 3a00 | 0000 4883 | b908 0800 | 0000 7517 | 4889 9108 | 0800 0048 | c781 1008 
  0x00007197b8f74ef8: 0000 0100 | 0000 e919 | 0000 00eb 

  0x00007197b8f74f04: ;   {metadata(method data for {method} {0x00007197546ab2d8} 'renderContent' '(Lcom/sun/prism/Graphics;)V' in 'com/sun/javafx/sg/prism/NGGroup')}
  0x00007197b8f74f04: 1748 b9e0 | a30e 5597 | 7100 0048 | 83a9 e807 | 0000 01e9 | 5f13 0000 | 488d 5010 | 410f be4f 
  0x00007197b8f74f24: 4085 c90f | 8557 1300 | 004d 8bd3 | 49c1 ea03 | 4489 1248 | 8bca 4933 | cb48 c1e9 | 1648 83f9 
  0x00007197b8f74f44: 000f 8557 | 1300 004d | 85ed 7516 

  0x00007197b8f74f50: ;   {metadata(method data for {method} {0x00007197546ab2d8} 'renderContent' '(Lcom/sun/prism/Graphics;)V' in 'com/sun/javafx/sg/prism/NGGroup')}
  0x00007197b8f74f50: 48b9 e0a3 | 0e55 9771 | 0000 8089 | 1908 0000 | 01e9 fc00 | 0000 8b50 | 0849 ba00 | 0000 5f97 
  0x00007197b8f74f70: 7100 0049 | 03d2 418b | 4d08 49ba | 0000 005f | 9771 0000 | 4903 ca48 | 8b92 d000 | 0000 483b 
  0x00007197b8f74f90: ca0f 8429 | 0000 0044 | 8b42 144a | 3b14 010f | 841b 0000 | 0041 83f8 | 200f 859c | 0000 0051 
  0x00007197b8f74fb0: ;   {runtime_call slow_subtype_check Runtime1 stub}
  0x00007197b8f74fb0: 52e8 4a75 | 0d07 595a | 85d2 0f84 | 8b00 0000 

  0x00007197b8f74fc0: ;   {metadata(method data for {method} {0x00007197546ab2d8} 'renderContent' '(Lcom/sun/prism/Graphics;)V' in 'com/sun/javafx/sg/prism/NGGroup')}
  0x00007197b8f74fc0: 48b9 e0a3 | 0e55 9771 | 0000 418b | 5508 49ba | 0000 005f | 9771 0000 | 4903 d248 | 3b91 3008 
  0x00007197b8f74fe0: 0000 750d | 4883 8138 | 0800 0001 | e971 0000 | 0048 3b91 | 4008 0000 | 750d 4883 | 8148 0800 
  0x00007197b8f75000: 0001 e95b | 0000 0048 | 83b9 3008 | 0000 0075 | 1748 8991 | 3008 0000 | 48c7 8138 | 0800 0001 
  0x00007197b8f75020: 0000 00e9 | 3a00 0000 | 4883 b940 | 0800 0000 | 7517 4889 | 9140 0800 | 0048 c781 | 4808 0000 
  0x00007197b8f75040: 0100 0000 | e919 0000 

  0x00007197b8f75048: ;   {metadata(method data for {method} {0x00007197546ab2d8} 'renderContent' '(Lcom/sun/prism/Graphics;)V' in 'com/sun/javafx/sg/prism/NGGroup')}
  0x00007197b8f75048: 00eb 1748 | b9e0 a30e | 5597 7100 | 0048 83a9 | 2008 0000 | 01e9 5d12 | 0000 488d | 5014 410f 
  0x00007197b8f75068: be4f 4085 | c90f 8555 | 1200 004d | 8bd5 49c1 | ea03 4489 | 1248 8bca | 4933 cd48 | c1e9 1648 
  0x00007197b8f75088: 83f9 000f | 8555 1200 | 0048 8b94 | 24f8 0000 

  0x00007197b8f75098: ;   {metadata(method data for {method} {0x00007197546ab2d8} 'renderContent' '(Lcom/sun/prism/Graphics;)V' in 'com/sun/javafx/sg/prism/NGGroup')}
  0x00007197b8f75098: 0048 b9e0 | a30e 5597 | 7100 008b | 5208 49ba | 0000 005f | 9771 0000 | 4903 d248 | 3b91 6808 
  0x00007197b8f750b8: 0000 750d | 4883 8170 | 0800 0001 | e960 0000 | 0048 3b91 | 7808 0000 | 750d 4883 | 8180 0800 
  0x00007197b8f750d8: 0001 e94a | 0000 0048 | 83b9 6808 | 0000 0075 | 1748 8991 | 6808 0000 | 48c7 8170 | 0800 0001 
  0x00007197b8f750f8: 0000 00e9 | 2900 0000 | 4883 b978 | 0800 0000 | 7517 4889 | 9178 0800 | 0048 c781 | 8008 0000 
  0x00007197b8f75118: 0100 0000 | e908 0000 | 0048 8381 | 5808 0000 | 0148 8b94 | 2408 0100 | 0048 8b8c | 2418 0100 
  0x00007197b8f75138: 004c 8b84 | 2428 0100 

  0x00007197b8f75140: ;   {oop(nullptr)}
  0x00007197b8f75140: 0049 b900 | 0000 0000 | 0000 0048 | 8bf8 488b | b424 f800 | 0000 4c89 | ac24 3801 | 0000 4c89 
  0x00007197b8f75160: 9c24 3001 | 0000 0f1f | 8000 0000 | 0048 b8ff | ffff ffff 

  0x00007197b8f75174: ;   {virtual_call}
  0x00007197b8f75174: ffff ffe8 

  0x00007197b8f75178: ; ImmutableOopMap {[200]=Oop [224]=Oop [248]=Oop [264]=Oop [280]=Oop [296]=Oop [304]=Oop [312]=Oop }
                      ;*invokevirtual filterImageDatas {reexecute=0 rethrow=0 return_oop=0}
                      ; - com.sun.javafx.sg.prism.NGGroup::renderContent@295 (line 297)
  0x00007197b8f75178: 0405 0107 

  0x00007197b8f7517c: ;   {other}
  0x00007197b8f7517c: 0f1f 8400 | 6c29 0016 | 488b bc24 | 3001 0000 

  0x00007197b8f7518c: ; implicit exception: dispatches to 0x00007197b8f762fe
  0x00007197b8f7518c: 483b 0748 

  0x00007197b8f75190: ;   {metadata(method data for {method} {0x00007197546ab2d8} 'renderContent' '(Lcom/sun/prism/Graphics;)V' in 'com/sun/javafx/sg/prism/NGGroup')}
  0x00007197b8f75190: 8bf7 48bb | e0a3 0e55 | 9771 0000 

  0x00007197b8f7519c: ;   {metadata('com/sun/scenario/effect/ImageData')}
  0x00007197b8f7519c: 49ba f8b8 | 2d60 9771 | 0000 4c89 | 93a0 0800 | 0048 8383 | a808 0000 | 0148 8bf7 | 4889 8424 
  0x00007197b8f751bc: 4001 0000 | 0f1f 8000 

  0x00007197b8f751c4: ;   {optimized virtual_call}
  0x00007197b8f751c4: 0000 00e8 

  0x00007197b8f751c8: ; ImmutableOopMap {[200]=Oop [224]=Oop [248]=Oop [264]=Oop [280]=Oop [296]=Oop [312]=Oop [320]=Oop }
                      ;*invokevirtual unref {reexecute=0 rethrow=0 return_oop=0}
                      ; - com.sun.javafx.sg.prism.NGGroup::renderContent@302 (line 298)
  0x00007197b8f751c8: b401 0107 

  0x00007197b8f751cc: ;   {other}
  0x00007197b8f751cc: 0f1f 8400 | bc29 0017 | 488b 8424 | 3801 0000 

  0x00007197b8f751dc: ; implicit exception: dispatches to 0x00007197b8f76303
  0x00007197b8f751dc: 483b 0048 

  0x00007197b8f751e0: ;   {metadata(method data for {method} {0x00007197546ab2d8} 'renderContent' '(Lcom/sun/prism/Graphics;)V' in 'com/sun/javafx/sg/prism/NGGroup')}
  0x00007197b8f751e0: 8bf0 48bf | e0a3 0e55 | 9771 0000 

  0x00007197b8f751ec: ;   {metadata('com/sun/scenario/effect/ImageData')}
  0x00007197b8f751ec: 49ba f8b8 | 2d60 9771 | 0000 4c89 | 97d8 0800 | 0048 8387 | e008 0000 | 0148 8bf0 | 0f1f 8000 
  0x00007197b8f7520c: ;   {optimized virtual_call}
  0x00007197b8f7520c: 0000 00e8 

  0x00007197b8f75210: ; ImmutableOopMap {[200]=Oop [224]=Oop [248]=Oop [264]=Oop [280]=Oop [296]=Oop [320]=Oop }
                      ;*invokevirtual unref {reexecute=0 rethrow=0 return_oop=0}
                      ; - com.sun.javafx.sg.prism.NGGroup::renderContent@307 (line 299)
  0x00007197b8f75210: 6c01 0107 

  0x00007197b8f75214: ;   {other}
  0x00007197b8f75214: 0f1f 8400 | 042a 0018 | 488b 8424 | 4001 0000 | 8b9c 2414 | 0100 00ff 

  0x00007197b8f7522c: ;   {metadata(method data for {method} {0x00007197546ab2d8} 'renderContent' '(Lcom/sun/prism/Graphics;)V' in 'com/sun/javafx/sg/prism/NGGroup')}
  0x00007197b8f7522c: c348 bee0 | a30e 5597 | 7100 008b | bef8 0000 | 0083 c702 | 89be f800 | 0000 81e7 | fe3f 0000 
  0x00007197b8f7524c: 85ff 0f84 | b410 0000 | 4d8b 9758 

  0x00007197b8f75258: ; ImmutableOopMap {rax=Oop [200]=Oop [224]=Oop [248]=Oop [264]=Oop [280]=Oop [296]=Oop }
                      ;*goto {reexecute=1 rethrow=0 return_oop=0}
                      ; - (reexecute) com.sun.javafx.sg.prism.NGGroup::renderContent@317 (line 289)
                      ;   {poll}
  0x00007197b8f75258: 0400 0041 

  0x00007197b8f7525c: ;   {metadata(method data for {method} {0x00007197546ab2d8} 'renderContent' '(Lcom/sun/prism/Graphics;)V' in 'com/sun/javafx/sg/prism/NGGroup')}
  0x00007197b8f7525c: 8502 48be | e0a3 0e55 | 9771 0000 | ff86 0009 | 0000 488b | f889 9c24 | 1401 0000 | 4889 bc24 
  0x00007197b8f7527c: 3001 0000 | 4c8b 8424 | e000 0000 

  0x00007197b8f75288: ;   {metadata(method data for {method} {0x00007197546ab2d8} 'renderContent' '(Lcom/sun/prism/Graphics;)V' in 'com/sun/javafx/sg/prism/NGGroup')}
  0x00007197b8f75288: 49b9 e0a3 | 0e55 9771 | 0000 458b | 4008 49ba | 0000 005f | 9771 0000 | 4d03 c24d | 3b81 e806 
  0x00007197b8f752a8: 0000 750d | 4983 81f0 | 0600 0001 | e960 0000 | 004d 3b81 | f806 0000 | 750d 4983 | 8100 0700 
  0x00007197b8f752c8: 0001 e94a | 0000 0049 | 83b9 e806 | 0000 0075 | 174d 8981 | e806 0000 | 49c7 81f0 | 0600 0001 
  0x00007197b8f752e8: 0000 00e9 | 2900 0000 | 4983 b9f8 | 0600 0000 | 7517 4d89 | 81f8 0600 | 0049 c781 | 0007 0000 
  0x00007197b8f75308: 0100 0000 | e908 0000 | 0049 8381 | d806 0000 | 0148 8bb4 | 24e0 0000 | 000f 1f40 | 0048 b8ff 
  0x00007197b8f75328: ffff ffff 

  0x00007197b8f7532c: ;   {virtual_call}
  0x00007197b8f7532c: ffff ffe8 

  0x00007197b8f75330: ; ImmutableOopMap {[200]=Oop [224]=Oop [248]=Oop [264]=Oop [280]=Oop [296]=Oop [304]=Oop }
                      ;*invokeinterface size {reexecute=0 rethrow=0 return_oop=0}
                      ; - com.sun.javafx.sg.prism.NGGroup::renderContent@225 (line 289)
  0x00007197b8f75330: 4c03 0107 

  0x00007197b8f75334: ;   {other}
  0x00007197b8f75334: 0f1f 8400 | 242b 001a | 8b9c 2414 | 0100 003b 

  0x00007197b8f75344: ;   {metadata(method data for {method} {0x00007197546ab2d8} 'renderContent' '(Lcom/sun/prism/Graphics;)V' in 'com/sun/javafx/sg/prism/NGGroup')}
  0x00007197b8f75344: d848 bae0 | a30e 5597 | 7100 0048 | be20 0700 | 0000 0000 | 007c 0a48 | be10 0700 | 0000 0000 
  0x00007197b8f75364: 0048 8b3c | 3248 8d7f | 0148 893c | 320f 8cb9 | f7ff ff48 | 8bbc 2430 | 0100 0048 

  0x00007197b8f75380: ;   {metadata(method data for {method} {0x00007197546ab2d8} 'renderContent' '(Lcom/sun/prism/Graphics;)V' in 'com/sun/javafx/sg/prism/NGGroup')}
  0x00007197b8f75380: 85ff 48be | e0a3 0e55 | 9771 0000 | 48bb 2809 | 0000 0000 | 0000 750a | 48bb 1809 | 0000 0000 
  0x00007197b8f753a0: 0000 488b | 041e 488d | 4001 4889 | 041e 0f85 | 0c00 0000 | 8bb4 2410 | 0100 00e9 | 4307 0000 
  0x00007197b8f753c0: ; implicit exception: dispatches to 0x00007197b8f76329
  0x00007197b8f753c0: 483b 0748 

  0x00007197b8f753c4: ;   {metadata(method data for {method} {0x00007197546ab2d8} 'renderContent' '(Lcom/sun/prism/Graphics;)V' in 'com/sun/javafx/sg/prism/NGGroup')}
  0x00007197b8f753c4: 8bf7 48bb | e0a3 0e55 | 9771 0000 

  0x00007197b8f753d0: ;   {metadata('com/sun/scenario/effect/ImageData')}
  0x00007197b8f753d0: 49ba f8b8 | 2d60 9771 | 0000 4c89 | 9348 0900 | 0048 8383 | 5009 0000 

  0x00007197b8f753e8: ;   {metadata(method data for {method} {0x00007197550d18c0} 'validate' '(Lcom/sun/scenario/effect/FilterContext;)Z' in 'com/sun/scenario/effect/ImageData')}
  0x00007197b8f753e8: 0148 bea0 | cf0e 5597 | 7100 008b | 9ef4 0000 | 0083 c302 | 899e f400 | 0000 81e3 | feff 1f00 
  0x00007197b8f75408: 85db 0f84 | 1e0f 0000 | 8b77 1c48 | c1e6 0348 

  0x00007197b8f75418: ;   {metadata(method data for {method} {0x00007197550d18c0} 'validate' '(Lcom/sun/scenario/effect/FilterContext;)Z' in 'com/sun/scenario/effect/ImageData')}
  0x00007197b8f75418: 85f6 48be | a0cf 0e55 | 9771 0000 | 48bb 3801 | 0000 0000 | 0000 740a | 48bb 4801 | 0000 0000 
  0x00007197b8f75438: 0000 488b | 041e 488d | 4001 4889 | 041e 0f84 | 0803 0000 | 4889 bc24 | 3001 0000 

  0x00007197b8f75454: ;   {metadata(method data for {method} {0x00007197550d18c0} 'validate' '(Lcom/sun/scenario/effect/FilterContext;)Z' in 'com/sun/scenario/effect/ImageData')}
  0x00007197b8f75454: 48be a0cf | 0e55 9771 | 0000 4883 | 8658 0100 | 0001 488b | b424 0801 

  0x00007197b8f7546c: ;   {static_call}
  0x00007197b8f7546c: 0000 90e8 

  0x00007197b8f75470: ; ImmutableOopMap {[200]=Oop [224]=Oop [248]=Oop [264]=Oop [304]=Oop }
                      ;*invokestatic getRenderer {reexecute=0 rethrow=0 return_oop=0}
                      ; - com.sun.scenario.effect.ImageData::validate@8 (line 217)
                      ; - com.sun.javafx.sg.prism.NGGroup::renderContent@329 (line 303)
  0x00007197b8f75470: 0c05 0107 

  0x00007197b8f75474: ;   {other}
  0x00007197b8f75474: 0f1f 8400 | 642c 001b | 488b d048 | 3b02 488b 

  0x00007197b8f75484: ;   {metadata(method data for {method} {0x00007197550d18c0} 'validate' '(Lcom/sun/scenario/effect/FilterContext;)Z' in 'com/sun/scenario/effect/ImageData')}
  0x00007197b8f75484: c248 bea0 | cf0e 5597 

  0x00007197b8f7548c: ;   {metadata('com/sun/scenario/effect/impl/prism/sw/PSWRenderer')}
  0x00007197b8f7548c: 7100 0049 | ba68 ae2d | 6097 7100 | 004c 8996 | 7801 0000 | 4883 8680 | 0100 0001 

  0x00007197b8f754a8: ;   {metadata(method data for {method} {0x00007197550cd108} 'isImageDataCompatible' '(Lcom/sun/scenario/effect/ImageData;)Z' in 'com/sun/scenario/effect/impl/prism/sw/PSWRenderer')}
  0x00007197b8f754a8: 48b8 38da | 0e55 9771 | 0000 8bb0 | f400 0000 | 83c6 0289 | b0f4 0000 | 0081 e6fe | ff1f 0085 
  0x00007197b8f754c8: f60f 8485 | 0e00 0048 

  0x00007197b8f754d0: ;   {metadata(method data for {method} {0x00007197550cd108} 'isImageDataCompatible' '(Lcom/sun/scenario/effect/ImageData;)Z' in 'com/sun/scenario/effect/impl/prism/sw/PSWRenderer')}
  0x00007197b8f754d0: 8bc2 48be | 38da 0e55 | 9771 0000 

  0x00007197b8f754dc: ;   {metadata('com/sun/scenario/effect/impl/prism/sw/PSWRenderer')}
  0x00007197b8f754dc: 49ba 68ae | 2d60 9771 | 0000 4c89 | 9648 0100 | 0048 8386 | 5001 0000 | 0148 8db4 | 2478 0100 
  0x00007197b8f754fc: 0048 8956 | 0848 8b02 | 4883 c801 | 4889 06f0 | 480f b132 | 0f84 1200 | 0000 482b | c448 2507 
  0x00007197b8f7551c: f0ff ff48 | 8906 0f85 | 4d0e 0000 | 49ff 8750 | 0500 008b | 5220 48c1 | e203 488d | 8424 7801 
  0x00007197b8f7553c: 0000 488b | 3048 85f6 | 0f84 0f00 | 0000 488b | 7808 f048 | 0fb1 370f | 852f 0e00 | 0049 ff8f 
  0x00007197b8f7555c: 5005 0000 

  0x00007197b8f75560: ;   {oop(a 'com/sun/scenario/effect/impl/Renderer$RendererState'{0x00000006f54773e0})}
  0x00007197b8f75560: 49ba e073 | 47f5 0600 | 0000 493b 

  0x00007197b8f7556c: ;   {metadata(method data for {method} {0x00007197550cd108} 'isImageDataCompatible' '(Lcom/sun/scenario/effect/ImageData;)Z' in 'com/sun/scenario/effect/impl/prism/sw/PSWRenderer')}
  0x00007197b8f7556c: d248 ba38 | da0e 5597 | 7100 0048 | be70 0100 | 0000 0000 | 0075 0a48 | be80 0100 | 0000 0000 
  0x00007197b8f7558c: 0048 8b3c | 3248 8d7f | 0148 893c | 3248 8bbc | 2430 0100 | 000f 8557 | 0100 0048 

  0x00007197b8f755a8: ;   {metadata(method data for {method} {0x00007197550cd108} 'isImageDataCompatible' '(Lcom/sun/scenario/effect/ImageData;)Z' in 'com/sun/scenario/effect/impl/prism/sw/PSWRenderer')}
  0x00007197b8f755a8: 8bd7 48be | 38da 0e55 | 9771 0000 

  0x00007197b8f755b4: ;   {metadata('com/sun/scenario/effect/ImageData')}
  0x00007197b8f755b4: 49ba f8b8 | 2d60 9771 | 0000 4c89 | 96a0 0100 | 0048 8386 | a801 0000 | 018b 571c | 48c1 e203 
  0x00007197b8f755d4: 4885 d275 

  0x00007197b8f755d8: ;   {metadata(method data for {method} {0x00007197550cd108} 'isImageDataCompatible' '(Lcom/sun/scenario/effect/ImageData;)Z' in 'com/sun/scenario/effect/impl/prism/sw/PSWRenderer')}
  0x00007197b8f755d8: 1648 bb38 | da0e 5597 | 7100 0080 | 8bc1 0100 | 0001 e9cc 

  0x00007197b8f755ec: ;   {metadata('com/sun/scenario/effect/impl/prism/sw/PSWDrawable')}
  0x00007197b8f755ec: 0000 0048 | b820 b32d | 6097 7100 | 008b 7208 | 49ba 0000 | 005f 9771 | 0000 4903 | f248 3bc6 
  0x00007197b8f7560c: 0f85 8d00 

  0x00007197b8f75610: ;   {metadata(method data for {method} {0x00007197550cd108} 'isImageDataCompatible' '(Lcom/sun/scenario/effect/ImageData;)Z' in 'com/sun/scenario/effect/impl/prism/sw/PSWRenderer')}
  0x00007197b8f75610: 0000 48bb | 38da 0e55 | 9771 0000 | 8b42 0849 | ba00 0000 | 5f97 7100 | 0049 03c2 | 483b 83d8 
  0x00007197b8f75630: 0100 0075 | 0d48 8383 | e001 0000 | 01e9 7e00 | 0000 483b | 83e8 0100 | 0075 0d48 | 8383 f001 
  0x00007197b8f75650: 0000 01e9 | 6800 0000 | 4883 bbd8 | 0100 0000 | 7517 4889 | 83d8 0100 | 0048 c783 | e001 0000 
  0x00007197b8f75670: 0100 0000 | e947 0000 | 0048 83bb | e801 0000 | 0075 1748 | 8983 e801 | 0000 48c7 | 83f0 0100 
  0x00007197b8f75690: 0001 0000 | 00e9 2600 | 0000 e921 

  0x00007197b8f7569c: ;   {metadata(method data for {method} {0x00007197550cd108} 'isImageDataCompatible' '(Lcom/sun/scenario/effect/ImageData;)Z' in 'com/sun/scenario/effect/impl/prism/sw/PSWRenderer')}
  0x00007197b8f7569c: 0000 0048 | bb38 da0e | 5597 7100 | 0048 83ab | c801 0000 | 01e9 0500 | 0000 e905 | 0000 0048 
  0x00007197b8f756bc: 33d2 eb0a | 48ba 0100 | 0000 0000 | 0000 85d2 

  0x00007197b8f756cc: ;   {metadata(method data for {method} {0x00007197550cd108} 'isImageDataCompatible' '(Lcom/sun/scenario/effect/ImageData;)Z' in 'com/sun/scenario/effect/impl/prism/sw/PSWRenderer')}
  0x00007197b8f756cc: 48ba 38da | 0e55 9771 | 0000 48be | 1002 0000 | 0000 0000 | 750a 48be | 0002 0000 | 0000 0000 
  0x00007197b8f756ec: 488b 1c32 | 488d 5b01 | 4889 1c32 | 0f85 0a00 | 0000 ba00 | 0000 00e9 | 1500 0000 

  0x00007197b8f75708: ;   {metadata(method data for {method} {0x00007197550cd108} 'isImageDataCompatible' '(Lcom/sun/scenario/effect/ImageData;)Z' in 'com/sun/scenario/effect/impl/prism/sw/PSWRenderer')}
  0x00007197b8f75708: 48ba 38da | 0e55 9771 | 0000 ff82 | 2002 0000 | ba01 0000 | 0083 e201 

  0x00007197b8f75720: ;   {metadata(method data for {method} {0x00007197550d18c0} 'validate' '(Lcom/sun/scenario/effect/FilterContext;)Z' in 'com/sun/scenario/effect/ImageData')}
  0x00007197b8f75720: 85d2 48ba | a0cf 0e55 | 9771 0000 | 48be b001 | 0000 0000 | 0000 750a | 48be a001 | 0000 0000 
  0x00007197b8f75740: 0000 488b | 1c32 488d | 5b01 4889 | 1c32 0f85 | 0a00 0000 | ba00 0000 | 00e9 1500 

  0x00007197b8f7575c: ;   {metadata(method data for {method} {0x00007197550d18c0} 'validate' '(Lcom/sun/scenario/effect/FilterContext;)Z' in 'com/sun/scenario/effect/ImageData')}
  0x00007197b8f7575c: 0000 48ba | a0cf 0e55 | 9771 0000 | ff82 c001 | 0000 ba01 | 0000 0083 | e201 85d2 

  0x00007197b8f75778: ;   {metadata(method data for {method} {0x00007197546ab2d8} 'renderContent' '(Lcom/sun/prism/Graphics;)V' in 'com/sun/javafx/sg/prism/NGGroup')}
  0x00007197b8f75778: 48be e0a3 | 0e55 9771 | 0000 48bb | 8009 0000 | 0000 0000 | 750a 48bb | 7009 0000 | 0000 0000 
  0x00007197b8f75798: 488b 041e | 488d 4001 | 4889 041e | 0f85 0800 | 0000 488b | f2e9 5103 | 0000 8994 | 2458 0100 
  0x00007197b8f757b8: 0048 8b94 | 24c8 0000 | 0048 8bf7 

  0x00007197b8f757c4: ;   {metadata(method data for {method} {0x00007197546ab2d8} 'renderContent' '(Lcom/sun/prism/Graphics;)V' in 'com/sun/javafx/sg/prism/NGGroup')}
  0x00007197b8f757c4: 48b8 e0a3 | 0e55 9771 

  0x00007197b8f757cc: ;   {metadata('com/sun/scenario/effect/ImageData')}
  0x00007197b8f757cc: 0000 49ba | f8b8 2d60 | 9771 0000 | 4c89 90a0 | 0900 0048 | 8380 a809 | 0000 018b | 4720 48c1 
  0x00007197b8f757ec: e003 488b 

  0x00007197b8f757f0: ;   {metadata(method data for {method} {0x00007197546ab2d8} 'renderContent' '(Lcom/sun/prism/Graphics;)V' in 'com/sun/javafx/sg/prism/NGGroup')}
  0x00007197b8f757f0: f748 b9e0 | a30e 5597 

  0x00007197b8f757f8: ;   {metadata('com/sun/scenario/effect/ImageData')}
  0x00007197b8f757f8: 7100 0049 | baf8 b82d | 6097 7100 | 004c 8991 | d809 0000 | 4883 81e0 | 0900 0001 | 8b77 1c48 
  0x00007197b8f75818: c1e6 0348 | 85f6 7517 

  0x00007197b8f75820: ;   {metadata(method data for {method} {0x00007197546ab2d8} 'renderContent' '(Lcom/sun/prism/Graphics;)V' in 'com/sun/javafx/sg/prism/NGGroup')}
  0x00007197b8f75820: 49b8 e0a3 | 0e55 9771 | 0000 4180 | 88f9 0900 | 0001 e9cf 

  0x00007197b8f75834: ;   {metadata('com/sun/scenario/effect/impl/prism/PrDrawable')}
  0x00007197b8f75834: 0000 0049 | b920 a92d | 6097 7100 | 0044 8b46 | 0849 ba00 | 0000 5f97 | 7100 004d | 03c2 4d3b 
  0x00007197b8f75854: 4840 0f85 | 8e00 0000 

  0x00007197b8f7585c: ;   {metadata(method data for {method} {0x00007197546ab2d8} 'renderContent' '(Lcom/sun/prism/Graphics;)V' in 'com/sun/javafx/sg/prism/NGGroup')}
  0x00007197b8f7585c: 49b8 e0a3 | 0e55 9771 | 0000 448b | 4e08 49ba | 0000 005f | 9771 0000 | 4d03 ca4d | 3b88 100a 
  0x00007197b8f7587c: 0000 750d | 4983 8018 | 0a00 0001 | e979 0000 | 004d 3b88 | 200a 0000 | 750d 4983 | 8028 0a00 
  0x00007197b8f7589c: 0001 e963 | 0000 0049 | 83b8 100a | 0000 0075 | 174d 8988 | 100a 0000 | 49c7 8018 | 0a00 0001 
  0x00007197b8f758bc: 0000 00e9 | 4200 0000 | 4983 b820 | 0a00 0000 | 7517 4d89 | 8820 0a00 | 0049 c780 | 280a 0000 
  0x00007197b8f758dc: 0100 0000 | e921 0000 | 00e9 1c00 

  0x00007197b8f758e8: ;   {metadata(method data for {method} {0x00007197546ab2d8} 'renderContent' '(Lcom/sun/prism/Graphics;)V' in 'com/sun/javafx/sg/prism/NGGroup')}
  0x00007197b8f758e8: 0000 49b8 | e0a3 0e55 | 9771 0000 | 4983 a800 | 0a00 0001 | e99d 0a00 | 00e9 0000 | 0000 488b 
  0x00007197b8f75908: ce48 8bf7 

  0x00007197b8f7590c: ;   {metadata(method data for {method} {0x00007197546ab2d8} 'renderContent' '(Lcom/sun/prism/Graphics;)V' in 'com/sun/javafx/sg/prism/NGGroup')}
  0x00007197b8f7590c: 49b8 e0a3 | 0e55 9771 

  0x00007197b8f75914: ;   {metadata('com/sun/scenario/effect/ImageData')}
  0x00007197b8f75914: 0000 49ba | f8b8 2d60 | 9771 0000 | 4d89 9048 | 0a00 0049 | 8380 500a | 0000 018b | 7724 48c1 
  0x00007197b8f75934: e603 4885 | d20f 8429 

  0x00007197b8f7593c: ;   {metadata('com/sun/prism/sw/SWGraphics')}
  0x00007197b8f7593c: 0000 0049 | bd18 b822 | 6097 7100 | 0044 8b4a | 0849 ba00 | 0000 5f97 | 7100 004d | 03ca 4d3b 
  0x00007197b8f7595c: e90f 8544 | 0a00 00e9 | 0000 0000 | 4c8b c24c 

  0x00007197b8f7596c: ;   {metadata(method data for {method} {0x00007197546ab2d8} 'renderContent' '(Lcom/sun/prism/Graphics;)V' in 'com/sun/javafx/sg/prism/NGGroup')}
  0x00007197b8f7596c: 8bc2 49b9 | e0a3 0e55 | 9771 0000 

  0x00007197b8f75978: ;   {metadata('com/sun/prism/sw/SWGraphics')}
  0x00007197b8f75978: 49ba 18b8 | 2260 9771 | 0000 4d89 | 9180 0a00 | 0049 8381 | 880a 0000 | 014c 8bc2 | 488b d649 
  0x00007197b8f75998: 8bf0 4889 | bc24 3001 | 0000 4889 | 8424 5001 | 0000 4889 | 8c24 4801 | 0000 0f1f 

  0x00007197b8f759b4: ;   {optimized virtual_call}
  0x00007197b8f759b4: 4400 00e8 

  0x00007197b8f759b8: ; ImmutableOopMap {[200]=Oop [224]=Oop [248]=Oop [264]=Oop [304]=Oop [328]=Oop [336]=Oop }
                      ;*invokeinterface setTransform {reexecute=0 rethrow=0 return_oop=0}
                      ; - com.sun.javafx.sg.prism.NGGroup::renderContent@361 (line 306)
  0x00007197b8f759b8: c4f9 0007 

  0x00007197b8f759bc: ;   {other}
  0x00007197b8f759bc: 0f1f 8400 | ac31 001c | 488b 8c24 | 4801 0000 

  0x00007197b8f759cc: ; implicit exception: dispatches to 0x00007197b8f763ac
  0x00007197b8f759cc: 483b 0148 

  0x00007197b8f759d0: ;   {metadata(method data for {method} {0x00007197546ab2d8} 'renderContent' '(Lcom/sun/prism/Graphics;)V' in 'com/sun/javafx/sg/prism/NGGroup')}
  0x00007197b8f759d0: 8bf1 48bf | e0a3 0e55 | 9771 0000 

  0x00007197b8f759dc: ;   {metadata('com/sun/scenario/effect/impl/prism/sw/PSWDrawable')}
  0x00007197b8f759dc: 49ba 20b3 | 2d60 9771 | 0000 4c89 | 97b8 0a00 | 0048 8387 | c00a 0000 

  0x00007197b8f759f4: ;   {metadata(method data for {method} {0x00007197550cf110} 'getTextureObject' '()Lcom/sun/prism/Texture;' in 'com/sun/scenario/effect/impl/prism/sw/PSWDrawable')}
  0x00007197b8f759f4: 0148 be28 | df0e 5597 | 7100 008b | bef4 0000 | 0083 c702 | 89be f400 | 0000 81e7 | feff 1f00 
  0x00007197b8f75a14: 85ff 0f84 | 9509 0000 

  0x00007197b8f75a1c: ;   {metadata(method data for {method} {0x00007197550cf110} 'getTextureObject' '()Lcom/sun/prism/Texture;' in 'com/sun/scenario/effect/impl/prism/sw/PSWDrawable')}
  0x00007197b8f75a1c: 488b f148 | bf28 df0e | 5597 7100 

  0x00007197b8f75a28: ;   {metadata('com/sun/scenario/effect/impl/prism/sw/PSWDrawable')}
  0x00007197b8f75a28: 0049 ba20 | b32d 6097 | 7100 004c | 8997 4801 | 0000 4883 | 8750 0100 | 0001 488b 

  0x00007197b8f75a44: ;   {optimized virtual_call}
  0x00007197b8f75a44: f166 90e8 

  0x00007197b8f75a48: ; ImmutableOopMap {[200]=Oop [224]=Oop [248]=Oop [264]=Oop [304]=Oop [336]=Oop }
                      ;*invokevirtual getTextureObject {reexecute=0 rethrow=0 return_oop=0}
                      ; - com.sun.scenario.effect.impl.prism.sw.PSWDrawable::getTextureObject@1 (line 42)
                      ; - com.sun.javafx.sg.prism.NGGroup::renderContent@369 (line 307)
  0x00007197b8f75a48: 34f9 0007 

  0x00007197b8f75a4c: ;   {other}
  0x00007197b8f75a4c: 0f1f 8400 | 3c32 001d | 488b 9424 | 5001 0000 

  0x00007197b8f75a5c: ; implicit exception: dispatches to 0x00007197b8f763d2
  0x00007197b8f75a5c: 8b72 0c8b | 7a10 8b5a | 148b 5218 | 488b 8c24 | c800 0000 | 4885 c90f | 8429 0000 

  0x00007197b8f75a78: ;   {metadata('com/sun/prism/sw/SWGraphics')}
  0x00007197b8f75a78: 0049 bd18 | b822 6097 | 7100 0044 | 8b49 0849 | ba00 0000 | 5f97 7100 | 004d 03ca | 4d3b e90f 
  0x00007197b8f75a98: 853a 0900 | 00e9 0000 | 0000 4c8b | c14c 8bc1 

  0x00007197b8f75aa8: ;   {metadata(method data for {method} {0x00007197546ab2d8} 'renderContent' '(Lcom/sun/prism/Graphics;)V' in 'com/sun/javafx/sg/prism/NGGroup')}
  0x00007197b8f75aa8: 49b9 e0a3 | 0e55 9771 

  0x00007197b8f75ab0: ;   {metadata('com/sun/prism/sw/SWGraphics')}
  0x00007197b8f75ab0: 0000 49ba | 18b8 2260 | 9771 0000 | 4d89 91f0 | 0a00 0049 | 8381 f80a | 0000 01c5 | fa2a c6c5 
  0x00007197b8f75ad0: f22a cfc5 | ea2a d3c5 | e22a da48 | 8bd0 488b | f166 0f1f 

  0x00007197b8f75ae4: ;   {optimized virtual_call}
  0x00007197b8f75ae4: 4400 00e8 

  0x00007197b8f75ae8: ; ImmutableOopMap {[200]=Oop [224]=Oop [248]=Oop [264]=Oop [304]=Oop }
                      ;*invokeinterface drawTexture {reexecute=0 rethrow=0 return_oop=0}
                      ; - com.sun.javafx.sg.prism.NGGroup::renderContent@396 (line 307)
  0x00007197b8f75ae8: 94f8 0007 

  0x00007197b8f75aec: ;   {other}
  0x00007197b8f75aec: 0f1f 8400 | dc32 001e | 8bb4 2458 | 0100 0048 | 8bbc 2430 | 0100 0048 | 85ff bb02 | 0000 0074 
  0x00007197b8f75b0c: 05bb 0000 

  0x00007197b8f75b10: ;   {metadata(method data for {method} {0x00007197546ab2d8} 'renderContent' '(Lcom/sun/prism/Graphics;)V' in 'com/sun/javafx/sg/prism/NGGroup')}
  0x00007197b8f75b10: 0000 48b8 | e0a3 0e55 | 9771 0000 | 8b90 f800 | 0000 03d3 | 8990 f800 | 0000 85db | 7505 ba02 
  0x00007197b8f75b30: 0000 0081 | e2fe 3f00 | 0085 d20f | 849b 0800 | 004d 8b97 

  0x00007197b8f75b44: ; ImmutableOopMap {rdi=Oop [200]=Oop [224]=Oop [248]=Oop [264]=Oop }
                      ;*ifnull {reexecute=1 rethrow=0 return_oop=0}
                      ; - (reexecute) com.sun.javafx.sg.prism.NGGroup::renderContent@403 (line 310)
  0x00007197b8f75b44: 5804 0000 

  0x00007197b8f75b48: ;   {poll}
  0x00007197b8f75b48: 4185 0248 

  0x00007197b8f75b4c: ;   {metadata(method data for {method} {0x00007197546ab2d8} 'renderContent' '(Lcom/sun/prism/Graphics;)V' in 'com/sun/javafx/sg/prism/NGGroup')}
  0x00007197b8f75b4c: 85ff 48bb | e0a3 0e55 | 9771 0000 | 48b8 180b | 0000 0000 | 0000 740a | 48b8 280b | 0000 0000 
  0x00007197b8f75b6c: 0000 488b | 1403 488d | 5201 4889 | 1403 0f84 | 9200 0000 | 85f6 bb02 | 0000 0074 | 05bb 0000 
  0x00007197b8f75b8c: ;   {metadata(method data for {method} {0x00007197546ab2d8} 'renderContent' '(Lcom/sun/prism/Graphics;)V' in 'com/sun/javafx/sg/prism/NGGroup')}
  0x00007197b8f75b8c: 0000 48b8 | e0a3 0e55 | 9771 0000 | 8b90 f800 | 0000 03d3 | 8990 f800 | 0000 85db | 7505 ba02 
  0x00007197b8f75bac: 0000 0081 | e2fe 3f00 | 0085 d20f | 8440 0800 | 004d 8b97 

  0x00007197b8f75bc0: ; ImmutableOopMap {rdi=Oop [200]=Oop [224]=Oop [248]=Oop [264]=Oop }
                      ;*ifeq {reexecute=1 rethrow=0 return_oop=0}
                      ; - (reexecute) com.sun.javafx.sg.prism.NGGroup::renderContent@408 (line 310)
  0x00007197b8f75bc0: 5804 0000 

  0x00007197b8f75bc4: ;   {poll}
  0x00007197b8f75bc4: 4185 0285 

  0x00007197b8f75bc8: ;   {metadata(method data for {method} {0x00007197546ab2d8} 'renderContent' '(Lcom/sun/prism/Graphics;)V' in 'com/sun/javafx/sg/prism/NGGroup')}
  0x00007197b8f75bc8: f648 bbe0 | a30e 5597 | 7100 0048 | b848 0b00 | 0000 0000 | 0075 0a48 | b838 0b00 | 0000 0000 
  0x00007197b8f75be8: 0048 8b14 | 0348 8d52 | 0148 8914 | 030f 852e | 0000 0048 | 8bdf 89b4 | 2410 0100 | 0048 899c 
  0x00007197b8f75c08: 2400 0100 | 00e9 e6ec | ffff 488b | df89 b424 | 1001 0000 | 4889 9c24 | 0001 0000 | e9cf ecff 
  0x00007197b8f75c28: ff48 85ff 

  0x00007197b8f75c2c: ;   {metadata(method data for {method} {0x00007197546ab2d8} 'renderContent' '(Lcom/sun/prism/Graphics;)V' in 'com/sun/javafx/sg/prism/NGGroup')}
  0x00007197b8f75c2c: 48be e0a3 | 0e55 9771 | 0000 48bb | 580b 0000 | 0000 0000 | 740a 48bb | 680b 0000 | 0000 0000 
  0x00007197b8f75c4c: 488b 041e | 488d 4001 | 4889 041e | 0f84 3e00 | 0000 483b | 0748 8bf7 

  0x00007197b8f75c64: ;   {metadata(method data for {method} {0x00007197546ab2d8} 'renderContent' '(Lcom/sun/prism/Graphics;)V' in 'com/sun/javafx/sg/prism/NGGroup')}
  0x00007197b8f75c64: 48bb e0a3 | 0e55 9771 

  0x00007197b8f75c6c: ;   {metadata('com/sun/scenario/effect/ImageData')}
  0x00007197b8f75c6c: 0000 49ba | f8b8 2d60 | 9771 0000 | 4c89 9388 | 0b00 0048 | 8383 900b | 0000 0148 | 8bf7 0f1f 
  0x00007197b8f75c8c: ;   {optimized virtual_call}
  0x00007197b8f75c8c: 4400 00e8 

  0x00007197b8f75c90: ; ImmutableOopMap {}
                      ;*invokevirtual unref {reexecute=0 rethrow=0 return_oop=0}
                      ; - com.sun.javafx.sg.prism.NGGroup::renderContent@418 (line 313)
  0x00007197b8f75c90: ecf6 0007 

  0x00007197b8f75c94: ;   {other}
  0x00007197b8f75c94: 0f1f 8400 | 8434 0021 | 4881 c490 | 0100 005d 

  0x00007197b8f75ca4: ;   {poll_return}
  0x00007197b8f75ca4: 493b a750 | 0400 000f | 8772 0700 | 00c3 4881 | c490 0100 

  0x00007197b8f75cb8: ;   {poll_return}
  0x00007197b8f75cb8: 005d 493b | a750 0400 | 000f 8772 | 0700 00c3 | 4881 c490 | 0100 005d 

  0x00007197b8f75cd0: ;   {poll_return}
  0x00007197b8f75cd0: 493b a750 | 0400 000f | 8772 0700 | 00c3 4889 | 8424 6801 | 0000 6690 

  0x00007197b8f75ce8: ;   {no_reloc}
  0x00007197b8f75ce8: e987 0700 | 0000 0000 | 0000 498b | 87b8 0100 | 0048 8d78 | 2849 3bbf | c801 0000 | 0f87 7407 
  0x00007197b8f75d08: 0000 4989 | bfb8 0100 | 0048 c700 | 0100 0000 | 488b ca49 | ba00 0000 | 5f97 7100 | 0049 2bca 
  0x00007197b8f75d28: 8948 0848 | 33c9 8948 | 0c48 33c9 | 4889 4810 | 4889 4818 | 4889 4820 

  0x00007197b8f75d40: ;   {metadata(method data for {method} {0x000071975447f7d8} '<init>' '(Ljava/lang/Object;)V' in 'com/sun/scenario/effect/FilterContext')}
  0x00007197b8f75d40: 488b d048 | bec8 c30e | 5597 7100 | 0048 8386 | 6801 0000 

  0x00007197b8f75d54: ;   {oop("Referent must be non-null"{0x00000006f55dd2e8})}
  0x00007197b8f75d54: 0148 bae8 | d25d f506 | 0000 0048 | 8bf0 4889 | 8424 6001 | 0000 0f1f 

  0x00007197b8f75d6c: ;   {optimized virtual_call}
  0x00007197b8f75d6c: 4400 00e8 

  0x00007197b8f75d70: ; ImmutableOopMap {[200]=Oop [224]=Oop [248]=Oop [352]=Oop [360]=Oop }
                      ;*invokespecial <init> {reexecute=0 rethrow=0 return_oop=0}
                      ; - com.sun.scenario.effect.FilterContext::<init>@14 (line 37)
                      ; - com.sun.scenario.effect.impl.prism.PrFilterContext::<init>@2 (line 52)
                      ; - com.sun.scenario.effect.impl.prism.PrFilterContext::getPrinterContext@11 (line 43)
                      ; - com.sun.javafx.sg.prism.NGNode::getFilterContext@17 (line 2411)
                      ; - com.sun.javafx.sg.prism.NGGroup::renderContent@177 (line 277)
  0x00007197b8f75d70: 0cf6 0007 

  0x00007197b8f75d74: ;   {other}
  0x00007197b8f75d74: 0f1f 8400 | 6435 0022 | 488b 8424 | 6001 0000 | e960 0700 | 000f 1f80 | 0000 0000 

  0x00007197b8f75d90: ;   {no_reloc}
  0x00007197b8f75d90: e905 0700 | 0000 0000 | 0000 80ba | 2001 0000 | 050f 8502 | 0700 0049 | 8b87 b801 | 0000 488d 
  0x00007197b8f75db0: 7828 493b | bfc8 0100 | 000f 87ea | 0600 0049 | 89bf b801 | 0000 48c7 | 0001 0000 | 0048 8bca 
  0x00007197b8f75dd0: 49ba 0000 | 005f 9771 | 0000 492b | ca89 4808 | 4833 c989 | 480c 4833 | c948 8948 | 1048 8948 
  0x00007197b8f75df0: 1848 8948 | 2048 8bf0 

  0x00007197b8f75df8: ;   {metadata(method data for {method} {0x0000719754a32c90} 'next' '()V' in 'com/sun/javafx/sg/prism/NodePath')}
  0x00007197b8f75df8: 48bf c8b3 | 0e55 9771 | 0000 4883 | 8790 0100 | 0001 488b | f048 8984 | 2470 0100 

  0x00007197b8f75e14: ;   {optimized virtual_call}
  0x00007197b8f75e14: 0066 90e8 

  0x00007197b8f75e18: ; ImmutableOopMap {[192]=Oop [200]=Oop [216]=Oop [224]=Oop [368]=Oop }
                      ;*invokespecial <init> {reexecute=0 rethrow=0 return_oop=0}
                      ; - com.sun.javafx.sg.prism.NodePath::next@11 (line 55)
                      ; - com.sun.javafx.sg.prism.NGGroup::renderContent@32 (line 247)
  0x00007197b8f75e18: 64f5 0007 

  0x00007197b8f75e1c: ;   {other}
  0x00007197b8f75e1c: 0f1f 8400 | 0c36 0023 | 488b 8424 | 7001 0000 | e9b8 0600 | 0049 8b87 | 0005 0000 | 4d33 d24d 
  0x00007197b8f75e3c: 8997 0005 | 0000 4d33 | d24d 8997 | 0805 0000 | 488b f048 | 8d84 2478 | 0100 0048 | 8b38 4885 
  0x00007197b8f75e5c: ff0f 840f | 0000 0048 | 8b58 08f0 | 480f b13b | 0f85 4406 | 0000 49ff | 8f50 0500 | 0048 8bc6 
  0x00007197b8f75e7c: e968 0600 

  0x00007197b8f75e80: ;   {metadata({method} {0x00007197546ab2d8} 'renderContent' '(Lcom/sun/prism/Graphics;)V' in 'com/sun/javafx/sg/prism/NGGroup')}
  0x00007197b8f75e80: 0049 bad8 | b26a 5497 | 7100 004c | 8954 2408 | 48c7 0424 | ffff ffff 

  0x00007197b8f75e98: ;   {runtime_call counter_overflow Runtime1 stub}
  0x00007197b8f75e98: e863 8b0d 

  0x00007197b8f75e9c: ; ImmutableOopMap {rsi=Oop rdx=Oop [192]=Oop [200]=Oop }
                      ;*synchronization entry
                      ; - com.sun.javafx.sg.prism.NGGroup::renderContent@-1 (line 238)
  0x00007197b8f75e9c: 07e9 f4cf 

  0x00007197b8f75ea0: ;   {metadata({method} {0x00007197546aad98} 'getOrderedChildren' '()Ljava/util/List;' in 'com/sun/javafx/sg/prism/NGGroup')}
  0x00007197b8f75ea0: ffff 49ba | 98ad 6a54 | 9771 0000 | 4c89 5424 | 0848 c704 | 24ff ffff 

  0x00007197b8f75eb8: ;   {runtime_call counter_overflow Runtime1 stub}
  0x00007197b8f75eb8: ffe8 428b 

  0x00007197b8f75ebc: ; ImmutableOopMap {rsi=Oop [192]=Oop [200]=Oop }
                      ;*synchronization entry
                      ; - com.sun.javafx.sg.prism.NGGroup::getOrderedChildren@-1 (line 189)
                      ; - com.sun.javafx.sg.prism.NGGroup::renderContent@1 (line 238)
  0x00007197b8f75ebc: 0d07 e90f 

  0x00007197b8f75ec0: ;   {runtime_call throw_null_pointer_exception Runtime1 stub}
  0x00007197b8f75ec0: d0ff ffe8 

  0x00007197b8f75ec4: ; ImmutableOopMap {rsi=Oop rdi=Oop [192]=Oop [200]=Oop }
                      ;*invokeinterface isEmpty {reexecute=0 rethrow=0 return_oop=0}
                      ; - com.sun.javafx.sg.prism.NGGroup::getOrderedChildren@4 (line 189)
                      ; - com.sun.javafx.sg.prism.NGGroup::renderContent@1 (line 238)
  0x00007197b8f75ec4: 383c 0d07 

  0x00007197b8f75ec8: ;   {runtime_call throw_incompatible_class_change_error Runtime1 stub}
  0x00007197b8f75ec8: e833 630d 

  0x00007197b8f75ecc: ; ImmutableOopMap {rsi=Oop rdi=Oop rdx=Oop [192]=Oop [200]=Oop }
                      ;*invokeinterface getRenderRoot {reexecute=0 rethrow=0 return_oop=0}
                      ; - com.sun.javafx.sg.prism.NGGroup::renderContent@11 (line 243)
                      ;   {runtime_call throw_null_pointer_exception Runtime1 stub}
  0x00007197b8f75ecc: 07e8 2e3c 

  0x00007197b8f75ed0: ; ImmutableOopMap {rsi=Oop rdi=Oop rdx=Oop [192]=Oop [200]=Oop }
                      ;*invokeinterface getRenderRoot {reexecute=0 rethrow=0 return_oop=0}
                      ; - com.sun.javafx.sg.prism.NGGroup::renderContent@11 (line 243)
                      ;   {runtime_call throw_null_pointer_exception Runtime1 stub}
  0x00007197b8f75ed0: 0d07 e829 

  0x00007197b8f75ed4: ; ImmutableOopMap {rbx=Oop [192]=Oop [200]=Oop [216]=Oop [224]=Oop }
                      ;*invokevirtual hasNext {reexecute=0 rethrow=0 return_oop=0}
                      ; - com.sun.javafx.sg.prism.NGGroup::renderContent@25 (line 246)
                      ;   {metadata({method} {0x0000719754a32bc8} 'hasNext' '()Z' in 'com/sun/javafx/sg/prism/NodePath')}
  0x00007197b8f75ed4: 3c0d 0749 | bac8 2ba3 | 5497 7100 | 004c 8954 | 2408 48c7 | 0424 ffff 

  0x00007197b8f75eec: ;   {runtime_call counter_overflow Runtime1 stub}
  0x00007197b8f75eec: ffff e80d 

  0x00007197b8f75ef0: ; ImmutableOopMap {rbx=Oop [192]=Oop [200]=Oop [216]=Oop [224]=Oop }
                      ;*synchronization entry
                      ; - com.sun.javafx.sg.prism.NodePath::hasNext@-1 (line 50)
                      ; - com.sun.javafx.sg.prism.NGGroup::renderContent@25 (line 246)
  0x00007197b8f75ef0: 8b0d 07e9 | 2bd2 ffff 

  0x00007197b8f75ef8: ;   {runtime_call throw_null_pointer_exception Runtime1 stub}
  0x00007197b8f75ef8: e803 3c0d 

  0x00007197b8f75efc: ; ImmutableOopMap {rbx=Oop rcx=Oop [192]=Oop [200]=Oop [216]=Oop [224]=Oop }
                      ;*invokeinterface size {reexecute=0 rethrow=0 return_oop=0}
                      ; - com.sun.javafx.sg.prism.NodePath::hasNext@8 (line 50)
                      ; - com.sun.javafx.sg.prism.NGGroup::renderContent@25 (line 246)
                      ;   {metadata({method} {0x0000719754a33018} 'isEmpty' '()Z' in 'com/sun/javafx/sg/prism/NodePath')}
  0x00007197b8f75efc: 0749 ba18 | 30a3 5497 | 7100 004c | 8954 2408 | 48c7 0424 | ffff ffff 

  0x00007197b8f75f14: ;   {runtime_call counter_overflow Runtime1 stub}
  0x00007197b8f75f14: e8e7 8a0d 

  0x00007197b8f75f18: ; ImmutableOopMap {rbx=Oop [192]=Oop [200]=Oop [216]=Oop [224]=Oop }
                      ;*synchronization entry
                      ; - com.sun.javafx.sg.prism.NodePath::isEmpty@-1 (line 81)
                      ; - com.sun.javafx.sg.prism.NodePath::hasNext@19 (line 50)
                      ; - com.sun.javafx.sg.prism.NGGroup::renderContent@25 (line 246)
  0x00007197b8f75f18: 07e9 60d3 

  0x00007197b8f75f1c: ;   {runtime_call throw_null_pointer_exception Runtime1 stub}
  0x00007197b8f75f1c: ffff e8dd 

  0x00007197b8f75f20: ; ImmutableOopMap {rbx=Oop rsi=Oop [192]=Oop [200]=Oop [216]=Oop [224]=Oop }
                      ;*invokeinterface isEmpty {reexecute=0 rethrow=0 return_oop=0}
                      ; - com.sun.javafx.sg.prism.NodePath::isEmpty@4 (line 81)
                      ; - com.sun.javafx.sg.prism.NodePath::hasNext@19 (line 50)
                      ; - com.sun.javafx.sg.prism.NGGroup::renderContent@25 (line 246)
                      ;   {metadata({method} {0x0000719754a32c90} 'next' '()V' in 'com/sun/javafx/sg/prism/NodePath')}
  0x00007197b8f75f20: 3b0d 0749 | ba90 2ca3 | 5497 7100 | 004c 8954 | 2408 48c7 | 0424 ffff 

  0x00007197b8f75f38: ;   {runtime_call counter_overflow Runtime1 stub}
  0x00007197b8f75f38: ffff e8c1 

  0x00007197b8f75f3c: ; ImmutableOopMap {rbx=Oop [192]=Oop [200]=Oop [216]=Oop [224]=Oop }
                      ;*synchronization entry
                      ; - com.sun.javafx.sg.prism.NodePath::next@-1 (line 54)
                      ; - com.sun.javafx.sg.prism.NGGroup::renderContent@32 (line 247)
  0x00007197b8f75f3c: 8a0d 07e9 | d2d4 ffff 

  0x00007197b8f75f44: ;   {metadata({method} {0x0000719754a32bc8} 'hasNext' '()Z' in 'com/sun/javafx/sg/prism/NodePath')}
  0x00007197b8f75f44: 49ba c82b | a354 9771 | 0000 4c89 | 5424 0848 | c704 24ff 

  0x00007197b8f75f58: ;   {runtime_call counter_overflow Runtime1 stub}
  0x00007197b8f75f58: ffff ffe8 

  0x00007197b8f75f5c: ; ImmutableOopMap {rbx=Oop [192]=Oop [200]=Oop [216]=Oop [224]=Oop }
                      ;*synchronization entry
                      ; - com.sun.javafx.sg.prism.NodePath::hasNext@-1 (line 50)
                      ; - com.sun.javafx.sg.prism.NodePath::next@1 (line 54)
                      ; - com.sun.javafx.sg.prism.NGGroup::renderContent@32 (line 247)
  0x00007197b8f75f5c: a08a 0d07 | e9fe d4ff 

  0x00007197b8f75f64: ;   {runtime_call throw_null_pointer_exception Runtime1 stub}
  0x00007197b8f75f64: ffe8 963b 

  0x00007197b8f75f68: ; ImmutableOopMap {rbx=Oop rsi=Oop [192]=Oop [200]=Oop [216]=Oop [224]=Oop }
                      ;*invokeinterface size {reexecute=0 rethrow=0 return_oop=0}
                      ; - com.sun.javafx.sg.prism.NodePath::hasNext@8 (line 50)
                      ; - com.sun.javafx.sg.prism.NodePath::next@1 (line 54)
                      ; - com.sun.javafx.sg.prism.NGGroup::renderContent@32 (line 247)
                      ;   {metadata({method} {0x0000719754a33018} 'isEmpty' '()Z' in 'com/sun/javafx/sg/prism/NodePath')}
  0x00007197b8f75f68: 0d07 49ba | 1830 a354 | 9771 0000 | 4c89 5424 | 0848 c704 | 24ff ffff 

  0x00007197b8f75f80: ;   {runtime_call counter_overflow Runtime1 stub}
  0x00007197b8f75f80: ffe8 7a8a 

  0x00007197b8f75f84: ; ImmutableOopMap {rbx=Oop [192]=Oop [200]=Oop [216]=Oop [224]=Oop }
                      ;*synchronization entry
                      ; - com.sun.javafx.sg.prism.NodePath::isEmpty@-1 (line 81)
                      ; - com.sun.javafx.sg.prism.NodePath::hasNext@19 (line 50)
                      ; - com.sun.javafx.sg.prism.NodePath::next@1 (line 54)
                      ; - com.sun.javafx.sg.prism.NGGroup::renderContent@32 (line 247)
  0x00007197b8f75f84: 0d07 e92b 

  0x00007197b8f75f88: ;   {runtime_call throw_null_pointer_exception Runtime1 stub}
  0x00007197b8f75f88: d6ff ffe8 

  0x00007197b8f75f8c: ; ImmutableOopMap {rbx=Oop rsi=Oop [192]=Oop [200]=Oop [216]=Oop [224]=Oop }
                      ;*invokeinterface isEmpty {reexecute=0 rethrow=0 return_oop=0}
                      ; - com.sun.javafx.sg.prism.NodePath::isEmpty@4 (line 81)
                      ; - com.sun.javafx.sg.prism.NodePath::hasNext@19 (line 50)
                      ; - com.sun.javafx.sg.prism.NodePath::next@1 (line 54)
                      ; - com.sun.javafx.sg.prism.NGGroup::renderContent@32 (line 247)
  0x00007197b8f75f8c: 703b 0d07 

  0x00007197b8f75f90: ;   {metadata({method} {0x0000719754a32b10} 'getCurrentNode' '()Lcom/sun/javafx/sg/prism/NGNode;' in 'com/sun/javafx/sg/prism/NodePath')}
  0x00007197b8f75f90: 49ba 102b | a354 9771 | 0000 4c89 | 5424 0848 | c704 24ff 

  0x00007197b8f75fa4: ;   {runtime_call counter_overflow Runtime1 stub}
  0x00007197b8f75fa4: ffff ffe8 

  0x00007197b8f75fa8: ; ImmutableOopMap {rbx=Oop [192]=Oop [200]=Oop [216]=Oop [224]=Oop }
                      ;*synchronization entry
                      ; - com.sun.javafx.sg.prism.NodePath::getCurrentNode@-1 (line 46)
                      ; - com.sun.javafx.sg.prism.NGGroup::renderContent@37 (line 248)
  0x00007197b8f75fa8: 548a 0d07 | e9a5 d7ff 

  0x00007197b8f75fb0: ;   {runtime_call throw_null_pointer_exception Runtime1 stub}
  0x00007197b8f75fb0: ffe8 4a3b 

  0x00007197b8f75fb4: ; ImmutableOopMap {rsi=Oop [192]=Oop [200]=Oop [224]=Oop }
                      ;*invokeinterface get {reexecute=0 rethrow=0 return_oop=0}
                      ; - com.sun.javafx.sg.prism.NodePath::getCurrentNode@8 (line 46)
                      ; - com.sun.javafx.sg.prism.NGGroup::renderContent@37 (line 248)
  0x00007197b8f75fb4: 0d07 4889 

  0x00007197b8f75fb8: ;   {runtime_call throw_class_cast_exception Runtime1 stub}
  0x00007197b8f75fb8: 0424 e841 

  0x00007197b8f75fbc: ; ImmutableOopMap {[192]=Oop [200]=Oop [224]=Oop }
                      ;*checkcast {reexecute=0 rethrow=0 return_oop=0}
                      ; - com.sun.javafx.sg.prism.NodePath::getCurrentNode@13 (line 46)
                      ; - com.sun.javafx.sg.prism.NGGroup::renderContent@37 (line 248)
                      ;   {runtime_call throw_null_pointer_exception Runtime1 stub}
  0x00007197b8f75fbc: 5f0d 07e8 

  0x00007197b8f75fc0: ; ImmutableOopMap {rdx=Oop rdi=Oop [192]=Oop [200]=Oop }
                      ;*invokeinterface indexOf {reexecute=0 rethrow=0 return_oop=0}
                      ; - com.sun.javafx.sg.prism.NGGroup::renderContent@40 (line 248)
  0x00007197b8f75fc0: 3c3b 0d07 | 4889 0424 

  0x00007197b8f75fc8: ;   {runtime_call throw_class_cast_exception Runtime1 stub}
  0x00007197b8f75fc8: e833 5f0d 

  0x00007197b8f75fcc: ; ImmutableOopMap {[192]=Oop [200]=Oop [224]=Oop }
                      ;*checkcast {reexecute=0 rethrow=0 return_oop=0}
                      ; - com.sun.javafx.sg.prism.NGGroup::renderContent@65 (line 251)
                      ;   {runtime_call throw_null_pointer_exception Runtime1 stub}
  0x00007197b8f75fcc: 07e8 2e3b 

  0x00007197b8f75fd0: ; ImmutableOopMap {rsi=Oop [192]=Oop [200]=Oop [224]=Oop }
                      ;*invokevirtual clearDirtyTree {reexecute=0 rethrow=0 return_oop=0}
                      ; - com.sun.javafx.sg.prism.NGGroup::renderContent@68 (line 251)
                      ;   {metadata({method} {0x00007197546ab2d8} 'renderContent' '(Lcom/sun/prism/Graphics;)V' in 'com/sun/javafx/sg/prism/NGGroup')}
  0x00007197b8f75fd0: 0d07 49ba | d8b2 6a54 | 9771 0000 | 4c89 5424 | 0848 c704 | 244a 0000 

  0x00007197b8f75fe8: ;   {runtime_call counter_overflow Runtime1 stub}
  0x00007197b8f75fe8: 00e8 128a 

  0x00007197b8f75fec: ; ImmutableOopMap {[192]=Oop [200]=Oop [224]=Oop }
                      ;*goto {reexecute=1 rethrow=0 return_oop=0}
                      ; - (reexecute) com.sun.javafx.sg.prism.NGGroup::renderContent@74 (line 250)
  0x00007197b8f75fec: 0d07 e971 

  0x00007197b8f75ff0: ;   {runtime_call throw_incompatible_class_change_error Runtime1 stub}
  0x00007197b8f75ff0: dcff ffe8 

  0x00007197b8f75ff4: ; ImmutableOopMap {rdx=Oop [192]=Oop [200]=Oop [224]=Oop }
                      ;*invokeinterface setRenderRoot {reexecute=0 rethrow=0 return_oop=0}
                      ; - com.sun.javafx.sg.prism.NGGroup::renderContent@82 (line 254)
  0x00007197b8f75ff4: 0862 0d07 | 8b72 5448 | c1e6 0348 | 83fe 000f | 8457 ddff | ff48 8934 

  0x00007197b8f7600c: ;   {runtime_call g1_pre_barrier_slow}
  0x00007197b8f7600c: 24e8 ee8f | 0d07 e949 

  0x00007197b8f76014: ;   {runtime_call throw_null_pointer_exception Runtime1 stub}
  0x00007197b8f76014: ddff ffe8 

  0x00007197b8f76018: ; ImmutableOopMap {rdi=Oop [192]=Oop [200]=Oop }
                      ;*invokeinterface size {reexecute=0 rethrow=0 return_oop=0}
                      ; - com.sun.javafx.sg.prism.NGGroup::renderContent@98 (line 259)
  0x00007197b8f76018: e43a 0d07 

  0x00007197b8f7601c: ;   {runtime_call throw_null_pointer_exception Runtime1 stub}
  0x00007197b8f7601c: e8df 3a0d 

  0x00007197b8f76020: ; ImmutableOopMap {rdi=Oop [200]=Oop }
                      ;*invokeinterface size {reexecute=0 rethrow=0 return_oop=0}
                      ; - com.sun.javafx.sg.prism.NGGroup::renderContent@114 (line 261)
  0x00007197b8f76020: 0748 8904 

  0x00007197b8f76024: ;   {runtime_call throw_class_cast_exception Runtime1 stub}
  0x00007197b8f76024: 24e8 d65e 

  0x00007197b8f76028: ; ImmutableOopMap {[200]=Oop [224]=Oop }
                      ;*checkcast {reexecute=0 rethrow=0 return_oop=0}
                      ; - com.sun.javafx.sg.prism.NGGroup::renderContent@130 (line 264)
                      ;   {runtime_call throw_null_pointer_exception Runtime1 stub}
  0x00007197b8f76028: 0d07 e8d1 

  0x00007197b8f7602c: ; ImmutableOopMap {rax=Oop [200]=Oop [224]=Oop }
                      ;*invokevirtual render {reexecute=0 rethrow=0 return_oop=0}
                      ; - com.sun.javafx.sg.prism.NGGroup::renderContent@151 (line 270)
                      ;   {metadata({method} {0x00007197546ab2d8} 'renderContent' '(Lcom/sun/prism/Graphics;)V' in 'com/sun/javafx/sg/prism/NGGroup')}
  0x00007197b8f7602c: 3a0d 0749 | bad8 b26a | 5497 7100 | 004c 8954 | 2408 48c7 | 0424 9d00 

  0x00007197b8f76044: ;   {runtime_call counter_overflow Runtime1 stub}
  0x00007197b8f76044: 0000 e8b5 

  0x00007197b8f76048: ; ImmutableOopMap {[200]=Oop [224]=Oop }
                      ;*goto {reexecute=1 rethrow=0 return_oop=0}
                      ; - (reexecute) com.sun.javafx.sg.prism.NGGroup::renderContent@157 (line 261)
  0x00007197b8f76048: 890d 07e9 | f4e1 ffff 

  0x00007197b8f76050: ;   {metadata(nullptr)}
  0x00007197b8f76050: 48ba 0000 | 0000 0000 | 0000 b800 

  0x00007197b8f7605c: ;   {runtime_call load_klass_patching Runtime1 stub}
  0x00007197b8f7605c: 0f05 0ae8 

  0x00007197b8f76060: ; ImmutableOopMap {rsi=Oop [192]=Oop [200]=Oop [224]=Oop }
                      ;*new {reexecute=1 rethrow=0 return_oop=0}
                      ; - (reexecute) com.sun.javafx.sg.prism.NGGroup::renderContent@161 (line 276)
  0x00007197b8f76060: 9c7a 0d07 | e907 e2ff 

  0x00007197b8f76068: ;   {runtime_call throw_null_pointer_exception Runtime1 stub}
  0x00007197b8f76068: ffe8 923a 

  0x00007197b8f7606c: ; ImmutableOopMap {r8=Oop [192]=Oop [200]=Oop [224]=Oop }
                      ;*new {reexecute=0 rethrow=0 return_oop=0}
                      ; - com.sun.javafx.sg.prism.NGGroup::renderContent@161 (line 276)
  0x00007197b8f7606c: 0d07 488b 

  0x00007197b8f76070: ;   {runtime_call fast_new_instance_init_check Runtime1 stub}
  0x00007197b8f76070: d2e8 8a46 

  0x00007197b8f76074: ; ImmutableOopMap {r8=Oop [192]=Oop [200]=Oop [224]=Oop }
                      ;*new {reexecute=0 rethrow=0 return_oop=0}
                      ; - com.sun.javafx.sg.prism.NGGroup::renderContent@161 (line 276)
  0x00007197b8f76074: 0d07 e95d 

  0x00007197b8f76078: ;   {metadata({method} {0x00007197546a8d68} 'getFilterContext' '(Lcom/sun/prism/Graphics;)Lcom/sun/scenario/effect/FilterContext;' in 'com/sun/javafx/sg/prism/NGNode')}
  0x00007197b8f76078: e2ff ff49 | ba68 8d6a | 5497 7100 | 004c 8954 | 2408 48c7 | 0424 ffff 

  0x00007197b8f76090: ;   {runtime_call counter_overflow Runtime1 stub}
  0x00007197b8f76090: ffff e869 

  0x00007197b8f76094: ; ImmutableOopMap {[200]=Oop [224]=Oop [248]=Oop }
                      ;*synchronization entry
                      ; - com.sun.javafx.sg.prism.NGNode::getFilterContext@-1 (line 2409)
                      ; - com.sun.javafx.sg.prism.NGGroup::renderContent@177 (line 277)
  0x00007197b8f76094: 890d 07e9 | c1e2 ffff 

  0x00007197b8f7609c: ;   {runtime_call throw_incompatible_class_change_error Runtime1 stub}
  0x00007197b8f7609c: e85f 610d 

  0x00007197b8f760a0: ; ImmutableOopMap {rdx=Oop [200]=Oop [224]=Oop [248]=Oop }
                      ;*invokeinterface getAssociatedScreen {reexecute=0 rethrow=0 return_oop=0}
                      ; - com.sun.javafx.sg.prism.NGNode::getFilterContext@1 (line 2409)
                      ; - com.sun.javafx.sg.prism.NGGroup::renderContent@177 (line 277)
                      ;   {metadata({method} {0x0000719754c02f00} 'getAssociatedScreen' '()Lcom/sun/glass/ui/Screen;' in 'com/sun/prism/sw/SWGraphics')}
  0x00007197b8f760a0: 0749 ba00 | 2fc0 5497 | 7100 004c | 8954 2408 | 48c7 0424 | ffff ffff 

  0x00007197b8f760b8: ;   {runtime_call counter_overflow Runtime1 stub}
  0x00007197b8f760b8: e843 890d 

  0x00007197b8f760bc: ; ImmutableOopMap {rdx=Oop [200]=Oop [224]=Oop [248]=Oop }
                      ;*synchronization entry
                      ; - com.sun.prism.sw.SWGraphics::getAssociatedScreen@-1 (line 129)
                      ; - com.sun.javafx.sg.prism.NGNode::getFilterContext@1 (line 2409)
                      ; - com.sun.javafx.sg.prism.NGGroup::renderContent@177 (line 277)
  0x00007197b8f760bc: 07e9 24e3 

  0x00007197b8f760c0: ;   {runtime_call throw_null_pointer_exception Runtime1 stub}
  0x00007197b8f760c0: ffff e839 

  0x00007197b8f760c4: ; ImmutableOopMap {rdx=Oop rsi=Oop [200]=Oop [224]=Oop [248]=Oop }
                      ;*invokevirtual getAssociatedScreen {reexecute=0 rethrow=0 return_oop=0}
                      ; - com.sun.prism.sw.SWGraphics::getAssociatedScreen@4 (line 129)
                      ; - com.sun.javafx.sg.prism.NGNode::getFilterContext@1 (line 2409)
                      ; - com.sun.javafx.sg.prism.NGGroup::renderContent@177 (line 277)
                      ;   {metadata({method} {0x0000719754bf4000} 'getAssociatedScreen' '()Lcom/sun/glass/ui/Screen;' in 'com/sun/prism/sw/SWRTTexture')}
  0x00007197b8f760c4: 3a0d 0749 | ba00 40bf | 5497 7100 | 004c 8954 | 2408 48c7 | 0424 ffff 

  0x00007197b8f760dc: ;   {runtime_call counter_overflow Runtime1 stub}
  0x00007197b8f760dc: ffff e81d 

  0x00007197b8f760e0: ; ImmutableOopMap {rdx=Oop rsi=Oop [200]=Oop [224]=Oop [248]=Oop }
                      ;*synchronization entry
                      ; - com.sun.prism.sw.SWRTTexture::getAssociatedScreen@-1 (line 112)
                      ; - com.sun.prism.sw.SWGraphics::getAssociatedScreen@4 (line 129)
                      ; - com.sun.javafx.sg.prism.NGNode::getFilterContext@1 (line 2409)
                      ; - com.sun.javafx.sg.prism.NGGroup::renderContent@177 (line 277)
  0x00007197b8f760e0: 890d 07e9 | 54e3 ffff 

  0x00007197b8f760e8: ;   {runtime_call throw_null_pointer_exception Runtime1 stub}
  0x00007197b8f760e8: e813 3a0d 

  0x00007197b8f760ec: ; ImmutableOopMap {rdx=Oop rsi=Oop rbx=Oop [200]=Oop [224]=Oop [248]=Oop }
                      ;*invokevirtual getScreen {reexecute=0 rethrow=0 return_oop=0}
                      ; - com.sun.prism.sw.SWRTTexture::getAssociatedScreen@4 (line 112)
                      ; - com.sun.prism.sw.SWGraphics::getAssociatedScreen@4 (line 129)
                      ; - com.sun.javafx.sg.prism.NGNode::getFilterContext@1 (line 2409)
                      ; - com.sun.javafx.sg.prism.NGGroup::renderContent@177 (line 277)
                      ;   {runtime_call throw_incompatible_class_change_error Runtime1 stub}
  0x00007197b8f760ec: 07e8 0e61 

  0x00007197b8f760f0: ; ImmutableOopMap {rdx=Oop rsi=Oop rbx=Oop [200]=Oop [224]=Oop [248]=Oop }
                      ;*invokeinterface getResourceFactory {reexecute=0 rethrow=0 return_oop=0}
                      ; - com.sun.javafx.sg.prism.NGNode::getFilterContext@12 (line 2411)
                      ; - com.sun.javafx.sg.prism.NGGroup::renderContent@177 (line 277)
                      ;   {metadata({method} {0x0000719754c07678} 'getResourceFactory' '()Lcom/sun/prism/ResourceFactory;' in 'com/sun/prism/sw/SWGraphics')}
  0x00007197b8f760f0: 0d07 49ba | 7876 c054 | 9771 0000 | 4c89 5424 | 0848 c704 | 24ff ffff 

  0x00007197b8f76108: ;   {runtime_call counter_overflow Runtime1 stub}
  0x00007197b8f76108: ffe8 f288 

  0x00007197b8f7610c: ; ImmutableOopMap {rdx=Oop rsi=Oop rbx=Oop [200]=Oop [224]=Oop [248]=Oop }
                      ;*synchronization entry
                      ; - com.sun.prism.sw.SWGraphics::getResourceFactory@-1 (line 67)
                      ; - com.sun.javafx.sg.prism.NGNode::getFilterContext@12 (line 2411)
                      ; - com.sun.javafx.sg.prism.NGGroup::renderContent@177 (line 277)
  0x00007197b8f7610c: 0d07 e998 

  0x00007197b8f76110: ;   {metadata({method} {0x0000719754c02e60} 'getResourceFactory' '()Lcom/sun/prism/sw/SWResourceFactory;' in 'com/sun/prism/sw/SWGraphics')}
  0x00007197b8f76110: e4ff ff49 | ba60 2ec0 | 5497 7100 | 004c 8954 | 2408 48c7 | 0424 ffff 

  0x00007197b8f76128: ;   {runtime_call counter_overflow Runtime1 stub}
  0x00007197b8f76128: ffff e8d1 

  0x00007197b8f7612c: ; ImmutableOopMap {rdx=Oop rsi=Oop rbx=Oop [200]=Oop [224]=Oop [248]=Oop }
                      ;*synchronization entry
                      ; - com.sun.prism.sw.SWGraphics::getResourceFactory@-1 (line 125)
                      ; - com.sun.prism.sw.SWGraphics::getResourceFactory@1 (line 67)
                      ; - com.sun.javafx.sg.prism.NGNode::getFilterContext@12 (line 2411)
                      ; - com.sun.javafx.sg.prism.NGGroup::renderContent@177 (line 277)
  0x00007197b8f7612c: 880d 07e9 | b2e4 ffff 

  0x00007197b8f76134: ;   {metadata({method} {0x000071975447fef8} 'getPrinterContext' '(Ljava/lang/Object;)Lcom/sun/scenario/effect/impl/prism/PrFilterContext;' in 'com/sun/scenario/effect/impl/prism/PrFilterContext')}
  0x00007197b8f76134: 49ba f8fe | 4754 9771 | 0000 4c89 | 5424 0848 | c704 24ff 

  0x00007197b8f76148: ;   {runtime_call counter_overflow Runtime1 stub}
  0x00007197b8f76148: ffff ffe8 

  0x00007197b8f7614c: ; ImmutableOopMap {rdx=Oop rbx=Oop [200]=Oop [224]=Oop [248]=Oop }
                      ;*synchronization entry
                      ; - com.sun.scenario.effect.impl.prism.PrFilterContext::getPrinterContext@-1 (line 41)
                      ; - com.sun.javafx.sg.prism.NGNode::getFilterContext@17 (line 2411)
                      ; - com.sun.javafx.sg.prism.NGGroup::renderContent@177 (line 277)
  0x00007197b8f7614c: b088 0d07 | e95a e5ff | ff48 8bd2 

  0x00007197b8f76158: ;   {runtime_call fast_new_instance Runtime1 stub}
  0x00007197b8f76158: e8a3 420d 

  0x00007197b8f7615c: ; ImmutableOopMap {rbx=Oop [200]=Oop [224]=Oop [248]=Oop }
                      ;*new {reexecute=0 rethrow=0 return_oop=0}
                      ; - com.sun.scenario.effect.impl.prism.PrFilterContext::getPrinterContext@6 (line 43)
                      ; - com.sun.javafx.sg.prism.NGNode::getFilterContext@17 (line 2411)
                      ; - com.sun.javafx.sg.prism.NGGroup::renderContent@177 (line 277)
  0x00007197b8f7615c: 07e9 e3e5 

  0x00007197b8f76160: ;   {metadata({method} {0x000071975447ffa8} '<init>' '(Ljava/lang/Object;)V' in 'com/sun/scenario/effect/impl/prism/PrFilterContext')}
  0x00007197b8f76160: ffff 49ba | a8ff 4754 | 9771 0000 | 4c89 5424 | 0848 c704 | 24ff ffff 

  0x00007197b8f76178: ;   {runtime_call counter_overflow Runtime1 stub}
  0x00007197b8f76178: ffe8 8288 

  0x00007197b8f7617c: ; ImmutableOopMap {rbx=Oop rax=Oop [200]=Oop [224]=Oop [248]=Oop }
                      ;*synchronization entry
                      ; - com.sun.scenario.effect.impl.prism.PrFilterContext::<init>@-1 (line 52)
                      ; - com.sun.scenario.effect.impl.prism.PrFilterContext::getPrinterContext@11 (line 43)
                      ; - com.sun.javafx.sg.prism.NGNode::getFilterContext@17 (line 2411)
                      ; - com.sun.javafx.sg.prism.NGGroup::renderContent@177 (line 277)
  0x00007197b8f7617c: 0d07 e9fe 

  0x00007197b8f76180: ;   {metadata({method} {0x000071975447f7d8} '<init>' '(Ljava/lang/Object;)V' in 'com/sun/scenario/effect/FilterContext')}
  0x00007197b8f76180: e5ff ff49 | bad8 f747 | 5497 7100 | 004c 8954 | 2408 48c7 | 0424 ffff 

  0x00007197b8f76198: ;   {runtime_call counter_overflow Runtime1 stub}
  0x00007197b8f76198: ffff e861 

  0x00007197b8f7619c: ; ImmutableOopMap {rbx=Oop rax=Oop [200]=Oop [224]=Oop [248]=Oop }
                      ;*synchronization entry
                      ; - com.sun.scenario.effect.FilterContext::<init>@-1 (line 35)
                      ; - com.sun.scenario.effect.impl.prism.PrFilterContext::<init>@2 (line 52)
                      ; - com.sun.scenario.effect.impl.prism.PrFilterContext::getPrinterContext@11 (line 43)
                      ; - com.sun.javafx.sg.prism.NGNode::getFilterContext@17 (line 2411)
                      ; - com.sun.javafx.sg.prism.NGGroup::renderContent@177 (line 277)
  0x00007197b8f7619c: 880d 07e9 | 19e6 ffff 

  0x00007197b8f761a4: ;   {metadata({method} {0x000071975f479de8} '<init>' '()V' in 'java/lang/Object')}
  0x00007197b8f761a4: 49ba e89d | 475f 9771 | 0000 4c89 | 5424 0848 | c704 24ff 

  0x00007197b8f761b8: ;   {runtime_call counter_overflow Runtime1 stub}
  0x00007197b8f761b8: ffff ffe8 

  0x00007197b8f761bc: ; ImmutableOopMap {rbx=Oop rax=Oop [200]=Oop [224]=Oop [248]=Oop }
                      ;*synchronization entry
                      ; - java.lang.Object::<init>@-1 (line 45)
                      ; - com.sun.scenario.effect.FilterContext::<init>@1 (line 35)
                      ; - com.sun.scenario.effect.impl.prism.PrFilterContext::<init>@2 (line 52)
                      ; - com.sun.scenario.effect.impl.prism.PrFilterContext::getPrinterContext@11 (line 43)
                      ; - com.sun.javafx.sg.prism.NGNode::getFilterContext@17 (line 2411)
                      ; - com.sun.javafx.sg.prism.NGGroup::renderContent@177 (line 277)
  0x00007197b8f761bc: 4088 0d07 | e934 e6ff | ff8b 700c | 48c1 e603 | 4883 fe00 | 0f84 65e6 | ffff 4889 

  0x00007197b8f761d8: ;   {runtime_call g1_pre_barrier_slow}
  0x00007197b8f761d8: 3424 e821 | 8e0d 07e9 | 57e6 ffff | 4883 fb00 | 0f84 6ce6 | ffff 4889 

  0x00007197b8f761f0: ;   {runtime_call g1_post_barrier_slow}
  0x00007197b8f761f0: 0424 e809 | 910d 07e9 | 5ee6 ffff | 8b7e 7848 | c1e7 0348 | 83ff 000f | 8464 e6ff | ff48 893c 
  0x00007197b8f76210: ;   {runtime_call g1_pre_barrier_slow}
  0x00007197b8f76210: 24e8 ea8d | 0d07 e956 | e6ff ff48 | 83f8 000f | 846b e6ff | ff48 8934 

  0x00007197b8f76228: ;   {runtime_call g1_post_barrier_slow}
  0x00007197b8f76228: 24e8 d290 | 0d07 e95d 

  0x00007197b8f76230: ;   {runtime_call throw_incompatible_class_change_error Runtime1 stub}
  0x00007197b8f76230: e6ff ffe8 

  0x00007197b8f76234: ; ImmutableOopMap {rdx=Oop [200]=Oop [224]=Oop [248]=Oop [256]=Oop [264]=Oop }
                      ;*invokeinterface getTransformNoClone {reexecute=0 rethrow=0 return_oop=0}
                      ; - com.sun.javafx.sg.prism.NGGroup::renderContent@189 (line 283)
  0x00007197b8f76234: c85f 0d07 

  0x00007197b8f76238: ;   {metadata({method} {0x0000719754c03050} 'getTransformNoClone' '()Lcom/sun/javafx/geom/transform/BaseTransform;' in 'com/sun/prism/sw/SWGraphics')}
  0x00007197b8f76238: 49ba 5030 | c054 9771 | 0000 4c89 | 5424 0848 | c704 24ff 

  0x00007197b8f7624c: ;   {runtime_call counter_overflow Runtime1 stub}
  0x00007197b8f7624c: ffff ffe8 

  0x00007197b8f76250: ; ImmutableOopMap {rdx=Oop [200]=Oop [224]=Oop [248]=Oop [256]=Oop [264]=Oop }
                      ;*synchronization entry
                      ; - com.sun.prism.sw.SWGraphics::getTransformNoClone@-1 (line 136)
                      ; - com.sun.javafx.sg.prism.NGGroup::renderContent@189 (line 283)
  0x00007197b8f76250: ac87 0d07 | e92e e7ff 

  0x00007197b8f76258: ;   {runtime_call throw_null_pointer_exception Runtime1 stub}
  0x00007197b8f76258: ffe8 a238 

  0x00007197b8f7625c: ; ImmutableOopMap {r8=Oop [200]=Oop [224]=Oop [248]=Oop [256]=Oop [264]=Oop }
                      ;*invokevirtual copy {reexecute=0 rethrow=0 return_oop=0}
                      ; - com.sun.javafx.sg.prism.NGGroup::renderContent@194 (line 283)
                      ;   {runtime_call throw_null_pointer_exception Runtime1 stub}
  0x00007197b8f7625c: 0d07 e89d 

  0x00007197b8f76260: ; ImmutableOopMap {rbx=Oop [200]=Oop [224]=Oop [248]=Oop [264]=Oop [280]=Oop }
                      ;*invokevirtual unref {reexecute=0 rethrow=0 return_oop=0}
                      ; - com.sun.javafx.sg.prism.NGGroup::renderContent@206 (line 285)
  0x00007197b8f76260: 380d 0748 

  0x00007197b8f76264: ;   {runtime_call throw_class_cast_exception Runtime1 stub}
  0x00007197b8f76264: 8904 24e8 

  0x00007197b8f76268: ; ImmutableOopMap {[200]=Oop [224]=Oop [248]=Oop [264]=Oop [280]=Oop [296]=Oop [304]=Oop }
                      ;*checkcast {reexecute=0 rethrow=0 return_oop=0}
                      ; - com.sun.javafx.sg.prism.NGGroup::renderContent@241 (line 290)
  0x00007197b8f76268: 945c 0d07 

  0x00007197b8f7626c: ;   {runtime_call new_object_array Runtime1 stub}
  0x00007197b8f7626c: e88f 4a0d 

  0x00007197b8f76270: ; ImmutableOopMap {r13=Oop r11=Oop [200]=Oop [224]=Oop [248]=Oop [264]=Oop [280]=Oop [296]=Oop }
                      ;*anewarray {reexecute=0 rethrow=0 return_oop=0}
                      ; - com.sun.javafx.sg.prism.NGGroup::renderContent@282 (line 296)
  0x00007197b8f76270: 07e9 8feb 

  0x00007197b8f76274: ;   {runtime_call throw_null_pointer_exception Runtime1 stub}
  0x00007197b8f76274: ffff e885 

  0x00007197b8f76278: ; ImmutableOopMap {r13=Oop r11=Oop rax=Oop [200]=Oop [224]=Oop [248]=Oop [264]=Oop [280]=Oop [296]=Oop }
                      ;*aastore {reexecute=1 rethrow=0 return_oop=0}
                      ; - (reexecute) com.sun.javafx.sg.prism.NGGroup::renderContent@289 (line 296)
  0x00007197b8f76278: 380d 074c 

  0x00007197b8f7627c: ;   {runtime_call throw_array_store_exception Runtime1 stub}
  0x00007197b8f7627c: 891c 24e8 

  0x00007197b8f76280: ; ImmutableOopMap {r13=Oop r11=Oop rax=Oop [200]=Oop [224]=Oop [248]=Oop [264]=Oop [280]=Oop [296]=Oop }
                      ;*aastore {reexecute=1 rethrow=0 return_oop=0}
                      ; - (reexecute) com.sun.javafx.sg.prism.NGGroup::renderContent@289 (line 296)
  0x00007197b8f76280: 7c59 0d07 | 8b0a 48c1 | e103 4883 | f900 0f84 | 99ec ffff | 4889 0c24 

  0x00007197b8f76298: ;   {runtime_call g1_pre_barrier_slow}
  0x00007197b8f76298: e863 8d0d | 07e9 8bec | ffff 4983 | fb00 0f84 | 9fec ffff | 4889 1424 

  0x00007197b8f762b0: ;   {runtime_call g1_post_barrier_slow}
  0x00007197b8f762b0: e84b 900d | 07e9 91ec 

  0x00007197b8f762b8: ;   {runtime_call throw_null_pointer_exception Runtime1 stub}
  0x00007197b8f762b8: ffff e841 

  0x00007197b8f762bc: ; ImmutableOopMap {r13=Oop r11=Oop rax=Oop [200]=Oop [224]=Oop [248]=Oop [264]=Oop [280]=Oop [296]=Oop }
                      ;*aastore {reexecute=1 rethrow=0 return_oop=0}
                      ; - (reexecute) com.sun.javafx.sg.prism.NGGroup::renderContent@294 (line 296)
  0x00007197b8f762bc: 380d 074c 

  0x00007197b8f762c0: ;   {runtime_call throw_array_store_exception Runtime1 stub}
  0x00007197b8f762c0: 892c 24e8 

  0x00007197b8f762c4: ; ImmutableOopMap {r13=Oop r11=Oop rax=Oop [200]=Oop [224]=Oop [248]=Oop [264]=Oop [280]=Oop [296]=Oop }
                      ;*aastore {reexecute=1 rethrow=0 return_oop=0}
                      ; - (reexecute) com.sun.javafx.sg.prism.NGGroup::renderContent@294 (line 296)
  0x00007197b8f762c4: 3859 0d07 | 8b0a 48c1 | e103 4883 | f900 0f84 | 9bed ffff | 4889 0c24 

  0x00007197b8f762dc: ;   {runtime_call g1_pre_barrier_slow}
  0x00007197b8f762dc: e81f 8d0d | 07e9 8ded | ffff 4983 | fd00 0f84 | a1ed ffff | 4889 1424 

  0x00007197b8f762f4: ;   {runtime_call g1_post_barrier_slow}
  0x00007197b8f762f4: e807 900d | 07e9 93ed 

  0x00007197b8f762fc: ;   {runtime_call throw_null_pointer_exception Runtime1 stub}
  0x00007197b8f762fc: ffff e8fd 

  0x00007197b8f76300: ; ImmutableOopMap {rax=Oop rdi=Oop [200]=Oop [224]=Oop [248]=Oop [264]=Oop [280]=Oop [296]=Oop [312]=Oop }
                      ;*invokevirtual unref {reexecute=0 rethrow=0 return_oop=0}
                      ; - com.sun.javafx.sg.prism.NGGroup::renderContent@302 (line 298)
                      ;   {runtime_call throw_null_pointer_exception Runtime1 stub}
  0x00007197b8f76300: 370d 07e8 

  0x00007197b8f76304: ; ImmutableOopMap {rax=Oop [200]=Oop [224]=Oop [248]=Oop [264]=Oop [280]=Oop [296]=Oop [320]=Oop }
                      ;*invokevirtual unref {reexecute=0 rethrow=0 return_oop=0}
                      ; - com.sun.javafx.sg.prism.NGGroup::renderContent@307 (line 299)
  0x00007197b8f76304: f837 0d07 

  0x00007197b8f76308: ;   {metadata({method} {0x00007197546ab2d8} 'renderContent' '(Lcom/sun/prism/Graphics;)V' in 'com/sun/javafx/sg/prism/NGGroup')}
  0x00007197b8f76308: 49ba d8b2 | 6a54 9771 | 0000 4c89 | 5424 0848 | c704 243d 

  0x00007197b8f7631c: ;   {runtime_call counter_overflow Runtime1 stub}
  0x00007197b8f7631c: 0100 00e8 

  0x00007197b8f76320: ; ImmutableOopMap {rax=Oop [200]=Oop [224]=Oop [248]=Oop [264]=Oop [280]=Oop [296]=Oop }
                      ;*goto {reexecute=1 rethrow=0 return_oop=0}
                      ; - (reexecute) com.sun.javafx.sg.prism.NGGroup::renderContent@317 (line 289)
  0x00007197b8f76320: dc86 0d07 | e92b efff 

  0x00007197b8f76328: ;   {runtime_call throw_null_pointer_exception Runtime1 stub}
  0x00007197b8f76328: ffe8 d237 

  0x00007197b8f7632c: ; ImmutableOopMap {rdi=Oop [200]=Oop [224]=Oop [248]=Oop [264]=Oop }
                      ;*invokevirtual validate {reexecute=0 rethrow=0 return_oop=0}
                      ; - com.sun.javafx.sg.prism.NGGroup::renderContent@329 (line 303)
                      ;   {metadata({method} {0x00007197550d18c0} 'validate' '(Lcom/sun/scenario/effect/FilterContext;)Z' in 'com/sun/scenario/effect/ImageData')}
  0x00007197b8f7632c: 0d07 49ba | c018 0d55 | 9771 0000 | 4c89 5424 | 0848 c704 | 24ff ffff 

  0x00007197b8f76344: ;   {runtime_call counter_overflow Runtime1 stub}
  0x00007197b8f76344: ffe8 b686 

  0x00007197b8f76348: ; ImmutableOopMap {rdi=Oop [200]=Oop [224]=Oop [248]=Oop [264]=Oop }
                      ;*synchronization entry
                      ; - com.sun.scenario.effect.ImageData::validate@-1 (line 216)
                      ; - com.sun.javafx.sg.prism.NGGroup::renderContent@329 (line 303)
  0x00007197b8f76348: 0d07 e9c1 

  0x00007197b8f7634c: ;   {runtime_call throw_null_pointer_exception Runtime1 stub}
  0x00007197b8f7634c: f0ff ffe8 

  0x00007197b8f76350: ; ImmutableOopMap {rdx=Oop [200]=Oop [224]=Oop [248]=Oop [264]=Oop [304]=Oop }
                      ;*invokevirtual isImageDataCompatible {reexecute=0 rethrow=0 return_oop=0}
                      ; - com.sun.scenario.effect.ImageData::validate@12 (line 217)
                      ; - com.sun.javafx.sg.prism.NGGroup::renderContent@329 (line 303)
  0x00007197b8f76350: ac37 0d07 

  0x00007197b8f76354: ;   {metadata({method} {0x00007197550cd108} 'isImageDataCompatible' '(Lcom/sun/scenario/effect/ImageData;)Z' in 'com/sun/scenario/effect/impl/prism/sw/PSWRenderer')}
  0x00007197b8f76354: 49ba 08d1 | 0c55 9771 | 0000 4c89 | 5424 0848 | c704 24ff 

  0x00007197b8f76368: ;   {runtime_call counter_overflow Runtime1 stub}
  0x00007197b8f76368: ffff ffe8 

  0x00007197b8f7636c: ; ImmutableOopMap {rdx=Oop [200]=Oop [224]=Oop [248]=Oop [264]=Oop [304]=Oop }
                      ;*synchronization entry
                      ; - com.sun.scenario.effect.impl.prism.sw.PSWRenderer::isImageDataCompatible@-1 (line 301)
                      ; - com.sun.scenario.effect.ImageData::validate@12 (line 217)
                      ; - com.sun.javafx.sg.prism.NGGroup::renderContent@329 (line 303)
  0x00007197b8f7636c: 9086 0d07 | e95a f1ff | ff48 8954 | 2408 4889 

  0x00007197b8f7637c: ;   {runtime_call monitorenter Runtime1 stub}
  0x00007197b8f7637c: 3424 e87d 

  0x00007197b8f76380: ; ImmutableOopMap {rdx=Oop [200]=Oop [224]=Oop [248]=Oop [264]=Oop [304]=Oop [384]=Oop }
                      ;*synchronization entry
                      ; - com.sun.scenario.effect.impl.prism.sw.PSWRenderer::getRendererState@-1 (line 161)
                      ; - com.sun.scenario.effect.impl.prism.sw.PSWRenderer::isImageDataCompatible@1 (line 301)
                      ; - com.sun.scenario.effect.ImageData::validate@12 (line 217)
                      ; - com.sun.javafx.sg.prism.NGGroup::renderContent@329 (line 303)
  0x00007197b8f76380: 640d 07e9 | a7f1 ffff | 488d 8424 | 7801 0000 | 4889 0424 

  0x00007197b8f76394: ;   {runtime_call monitorexit Runtime1 stub}
  0x00007197b8f76394: e867 6a0d | 07e9 c2f1 | ffff 4889 

  0x00007197b8f763a0: ;   {runtime_call throw_class_cast_exception Runtime1 stub}
  0x00007197b8f763a0: 3424 e859 

  0x00007197b8f763a4: ; ImmutableOopMap {rdi=Oop rdx=Oop rax=Oop [200]=Oop [224]=Oop [248]=Oop [264]=Oop }
                      ;*checkcast {reexecute=0 rethrow=0 return_oop=0}
                      ; - com.sun.javafx.sg.prism.NGGroup::renderContent@350 (line 305)
                      ;   {runtime_call throw_incompatible_class_change_error Runtime1 stub}
  0x00007197b8f763a4: 5b0d 07e8 

  0x00007197b8f763a8: ; ImmutableOopMap {rdi=Oop rdx=Oop rax=Oop rcx=Oop rsi=Oop [200]=Oop [224]=Oop [248]=Oop [264]=Oop }
                      ;*invokeinterface setTransform {reexecute=0 rethrow=0 return_oop=0}
                      ; - com.sun.javafx.sg.prism.NGGroup::renderContent@361 (line 306)
  0x00007197b8f763a8: 545e 0d07 

  0x00007197b8f763ac: ;   {runtime_call throw_null_pointer_exception Runtime1 stub}
  0x00007197b8f763ac: e84f 370d 

  0x00007197b8f763b0: ; ImmutableOopMap {rcx=Oop [200]=Oop [224]=Oop [248]=Oop [264]=Oop [304]=Oop [336]=Oop }
                      ;*invokevirtual getTextureObject {reexecute=0 rethrow=0 return_oop=0}
                      ; - com.sun.javafx.sg.prism.NGGroup::renderContent@369 (line 307)
                      ;   {metadata({method} {0x00007197550cf110} 'getTextureObject' '()Lcom/sun/prism/Texture;' in 'com/sun/scenario/effect/impl/prism/sw/PSWDrawable')}
  0x00007197b8f763b0: 0749 ba10 | f10c 5597 | 7100 004c | 8954 2408 | 48c7 0424 | ffff ffff 

  0x00007197b8f763c8: ;   {runtime_call counter_overflow Runtime1 stub}
  0x00007197b8f763c8: e833 860d 

  0x00007197b8f763cc: ; ImmutableOopMap {rcx=Oop [200]=Oop [224]=Oop [248]=Oop [264]=Oop [304]=Oop [336]=Oop }
                      ;*synchronization entry
                      ; - com.sun.scenario.effect.impl.prism.sw.PSWDrawable::getTextureObject@-1 (line 42)
                      ; - com.sun.javafx.sg.prism.NGGroup::renderContent@369 (line 307)
  0x00007197b8f763cc: 07e9 4af6 

  0x00007197b8f763d0: ;   {runtime_call throw_null_pointer_exception Runtime1 stub}
  0x00007197b8f763d0: ffff e829 

  0x00007197b8f763d4: ; ImmutableOopMap {rax=Oop rdx=Oop [200]=Oop [224]=Oop [248]=Oop [264]=Oop [304]=Oop }
                      ;*getfield x {reexecute=1 rethrow=0 return_oop=0}
                      ; - (reexecute) com.sun.javafx.sg.prism.NGGroup::renderContent@374 (line 307)
                      ;   {runtime_call throw_incompatible_class_change_error Runtime1 stub}
  0x00007197b8f763d4: 370d 07e8 

  0x00007197b8f763d8: ; ImmutableOopMap {rax=Oop rcx=Oop [200]=Oop [224]=Oop [248]=Oop [264]=Oop [304]=Oop }
                      ;*invokeinterface drawTexture {reexecute=0 rethrow=0 return_oop=0}
                      ; - com.sun.javafx.sg.prism.NGGroup::renderContent@396 (line 307)
  0x00007197b8f763d8: 245e 0d07 

  0x00007197b8f763dc: ;   {metadata({method} {0x00007197546ab2d8} 'renderContent' '(Lcom/sun/prism/Graphics;)V' in 'com/sun/javafx/sg/prism/NGGroup')}
  0x00007197b8f763dc: 49ba d8b2 | 6a54 9771 | 0000 4c89 | 5424 0848 | c704 2493 

  0x00007197b8f763f0: ;   {runtime_call counter_overflow Runtime1 stub}
  0x00007197b8f763f0: 0100 00e8 

  0x00007197b8f763f4: ; ImmutableOopMap {rdi=Oop [200]=Oop [224]=Oop [248]=Oop [264]=Oop }
                      ;*ifnull {reexecute=1 rethrow=0 return_oop=0}
                      ; - (reexecute) com.sun.javafx.sg.prism.NGGroup::renderContent@403 (line 310)
  0x00007197b8f763f4: 0886 0d07 | e944 f7ff 

  0x00007197b8f763fc: ;   {metadata({method} {0x00007197546ab2d8} 'renderContent' '(Lcom/sun/prism/Graphics;)V' in 'com/sun/javafx/sg/prism/NGGroup')}
  0x00007197b8f763fc: ff49 bad8 | b26a 5497 | 7100 004c | 8954 2408 | 48c7 0424 | 9801 0000 

  0x00007197b8f76414: ;   {runtime_call counter_overflow Runtime1 stub}
  0x00007197b8f76414: e8e7 850d 

  0x00007197b8f76418: ; ImmutableOopMap {rdi=Oop [200]=Oop [224]=Oop [248]=Oop [264]=Oop }
                      ;*ifeq {reexecute=1 rethrow=0 return_oop=0}
                      ; - (reexecute) com.sun.javafx.sg.prism.NGGroup::renderContent@408 (line 310)
  0x00007197b8f76418: 07e9 9ff7 

  0x00007197b8f7641c: ;   {runtime_call throw_null_pointer_exception Runtime1 stub}
  0x00007197b8f7641c: ffff e8dd 

  0x00007197b8f76420: ; ImmutableOopMap {rdi=Oop }
                      ;*invokevirtual unref {reexecute=0 rethrow=0 return_oop=0}
                      ; - com.sun.javafx.sg.prism.NGGroup::renderContent@418 (line 313)
                      ;   {internal_word}
  0x00007197b8f76420: 360d 0749 | baa4 5cf7 | b897 7100 | 004d 8997 | 6804 0000 

  0x00007197b8f76434: ;   {runtime_call SafepointBlob}
  0x00007197b8f76434: e9c7 5b01 

  0x00007197b8f76438: ;   {internal_word}
  0x00007197b8f76438: 0749 baba | 5cf7 b897 | 7100 004d | 8997 6804 

  0x00007197b8f76448: ;   {runtime_call SafepointBlob}
  0x00007197b8f76448: 0000 e9b1 

  0x00007197b8f7644c: ;   {internal_word}
  0x00007197b8f7644c: 5b01 0749 | bad0 5cf7 | b897 7100 | 004d 8997 | 6804 0000 

  0x00007197b8f76460: ;   {runtime_call SafepointBlob}
  0x00007197b8f76460: e99b 5b01 

  0x00007197b8f76464: ;   {metadata(nullptr)}
  0x00007197b8f76464: 0748 ba00 | 0000 0000 | 0000 00b8 | 000f 050a 

  0x00007197b8f76474: ;   {runtime_call load_klass_patching Runtime1 stub}
  0x00007197b8f76474: e887 760d 

  0x00007197b8f76478: ; ImmutableOopMap {[200]=Oop [224]=Oop [248]=Oop [360]=Oop }
                      ;*new {reexecute=1 rethrow=0 return_oop=0}
                      ; - (reexecute) com.sun.scenario.effect.FilterContext::<init>@8 (line 37)
                      ; - com.sun.scenario.effect.impl.prism.PrFilterContext::<init>@2 (line 52)
                      ; - com.sun.scenario.effect.impl.prism.PrFilterContext::getPrinterContext@11 (line 43)
                      ; - com.sun.javafx.sg.prism.NGNode::getFilterContext@17 (line 2411)
                      ; - com.sun.javafx.sg.prism.NGGroup::renderContent@177 (line 277)
  0x00007197b8f76478: 07e9 6af8 | ffff 488b 

  0x00007197b8f76480: ;   {runtime_call fast_new_instance Runtime1 stub}
  0x00007197b8f76480: d2e8 7a3f 

  0x00007197b8f76484: ; ImmutableOopMap {[200]=Oop [224]=Oop [248]=Oop [360]=Oop }
                      ;*new {reexecute=0 rethrow=0 return_oop=0}
                      ; - com.sun.scenario.effect.FilterContext::<init>@8 (line 37)
                      ; - com.sun.scenario.effect.impl.prism.PrFilterContext::<init>@2 (line 52)
                      ; - com.sun.scenario.effect.impl.prism.PrFilterContext::getPrinterContext@11 (line 43)
                      ; - com.sun.javafx.sg.prism.NGNode::getFilterContext@17 (line 2411)
                      ; - com.sun.javafx.sg.prism.NGGroup::renderContent@177 (line 277)
  0x00007197b8f76484: 0d07 e9b5 

  0x00007197b8f76488: ;   {metadata(nullptr)}
  0x00007197b8f76488: f8ff ff48 | ba00 0000 | 0000 0000 | 00b8 000f 

  0x00007197b8f76498: ;   {runtime_call load_klass_patching Runtime1 stub}
  0x00007197b8f76498: 050a e861 

  0x00007197b8f7649c: ; ImmutableOopMap {[192]=Oop [200]=Oop [216]=Oop [224]=Oop }
                      ;*new {reexecute=1 rethrow=0 return_oop=0}
                      ; - (reexecute) com.sun.javafx.sg.prism.NodePath::next@7 (line 55)
                      ; - com.sun.javafx.sg.prism.NGGroup::renderContent@32 (line 247)
  0x00007197b8f7649c: 760d 07e9 | ecf8 ffff 

  0x00007197b8f764a4: ;   {runtime_call throw_null_pointer_exception Runtime1 stub}
  0x00007197b8f764a4: e857 360d 

  0x00007197b8f764a8: ; ImmutableOopMap {[192]=Oop [200]=Oop [216]=Oop [224]=Oop }
                      ;*new {reexecute=0 rethrow=0 return_oop=0}
                      ; - com.sun.javafx.sg.prism.NodePath::next@7 (line 55)
                      ; - com.sun.javafx.sg.prism.NGGroup::renderContent@32 (line 247)
  0x00007197b8f764a8: 0748 8bd2 

  0x00007197b8f764ac: ;   {runtime_call fast_new_instance_init_check Runtime1 stub}
  0x00007197b8f764ac: e84f 420d 

  0x00007197b8f764b0: ; ImmutableOopMap {[192]=Oop [200]=Oop [216]=Oop [224]=Oop }
                      ;*new {reexecute=0 rethrow=0 return_oop=0}
                      ; - com.sun.javafx.sg.prism.NodePath::next@7 (line 55)
                      ; - com.sun.javafx.sg.prism.NGGroup::renderContent@32 (line 247)
  0x00007197b8f764b0: 07e9 3ff9 | ffff 488d | 8424 7801 | 0000 4889 

  0x00007197b8f764c0: ;   {runtime_call monitorexit Runtime1 stub}
  0x00007197b8f764c0: 0424 e839 | 690d 07e9 | adf9 ffff | 498b 8700 | 0500 0049 | c787 0005 | 0000 0000 | 0000 49c7 
  0x00007197b8f764e0: 8708 0500 | 0000 0000 | 0048 81c4 | 9001 0000 

  0x00007197b8f764f0: ;   {runtime_call unwind_exception Runtime1 stub}
  0x00007197b8f764f0: 5de9 0a27 | 0d07 f4f4 
[Stub Code]
  0x00007197b8f764f8: ;   {no_reloc}
  0x00007197b8f764f8: 0f1f 4400 

  0x00007197b8f764fc: ;   {static_stub}
  0x00007197b8f764fc: 0048 bb00 | 0000 0000 

  0x00007197b8f76504: ;   {runtime_call}
  0x00007197b8f76504: 0000 00e9 | fbff ffff 

  0x00007197b8f7650c: ;   {static_stub}
  0x00007197b8f7650c: 9048 bb00 | 0000 0000 

  0x00007197b8f76514: ;   {runtime_call}
  0x00007197b8f76514: 0000 00e9 | fbff ffff 

  0x00007197b8f7651c: ;   {static_stub}
  0x00007197b8f7651c: 9048 bb00 | 0000 0000 

  0x00007197b8f76524: ;   {runtime_call}
  0x00007197b8f76524: 0000 00e9 | fbff ffff 

  0x00007197b8f7652c: ;   {static_stub}
  0x00007197b8f7652c: 9048 bb00 | 0000 0000 

  0x00007197b8f76534: ;   {runtime_call}
  0x00007197b8f76534: 0000 00e9 | fbff ffff 

  0x00007197b8f7653c: ;   {static_stub}
  0x00007197b8f7653c: 9048 bb00 | 0000 0000 

  0x00007197b8f76544: ;   {runtime_call}
  0x00007197b8f76544: 0000 00e9 | fbff ffff 

  0x00007197b8f7654c: ;   {static_stub}
  0x00007197b8f7654c: 9048 bb00 | 0000 0000 

  0x00007197b8f76554: ;   {runtime_call}
  0x00007197b8f76554: 0000 00e9 | fbff ffff 

  0x00007197b8f7655c: ;   {static_stub}
  0x00007197b8f7655c: 9048 bb00 | 0000 0000 

  0x00007197b8f76564: ;   {runtime_call}
  0x00007197b8f76564: 0000 00e9 | fbff ffff 

  0x00007197b8f7656c: ;   {static_stub}
  0x00007197b8f7656c: 9048 bb00 | 0000 0000 

  0x00007197b8f76574: ;   {runtime_call}
  0x00007197b8f76574: 0000 00e9 | fbff ffff 

  0x00007197b8f7657c: ;   {static_stub}
  0x00007197b8f7657c: 9048 bb00 | 0000 0000 

  0x00007197b8f76584: ;   {runtime_call}
  0x00007197b8f76584: 0000 00e9 | fbff ffff 

  0x00007197b8f7658c: ;   {static_stub}
  0x00007197b8f7658c: 9048 bb00 | 0000 0000 

  0x00007197b8f76594: ;   {runtime_call}
  0x00007197b8f76594: 0000 00e9 | fbff ffff 

  0x00007197b8f7659c: ;   {static_stub}
  0x00007197b8f7659c: 9048 bb00 | 0000 0000 

  0x00007197b8f765a4: ;   {runtime_call}
  0x00007197b8f765a4: 0000 00e9 | fbff ffff 

  0x00007197b8f765ac: ;   {static_stub}
  0x00007197b8f765ac: 9048 bb00 | 0000 0000 

  0x00007197b8f765b4: ;   {runtime_call}
  0x00007197b8f765b4: 0000 00e9 | fbff ffff 

  0x00007197b8f765bc: ;   {static_stub}
  0x00007197b8f765bc: 9048 bb00 | 0000 0000 

  0x00007197b8f765c4: ;   {runtime_call}
  0x00007197b8f765c4: 0000 00e9 | fbff ffff 

  0x00007197b8f765cc: ;   {static_stub}
  0x00007197b8f765cc: 9048 bb00 | 0000 0000 

  0x00007197b8f765d4: ;   {runtime_call}
  0x00007197b8f765d4: 0000 00e9 | fbff ffff 

  0x00007197b8f765dc: ;   {static_stub}
  0x00007197b8f765dc: 9048 bb00 | 0000 0000 

  0x00007197b8f765e4: ;   {runtime_call}
  0x00007197b8f765e4: 0000 00e9 | fbff ffff 

  0x00007197b8f765ec: ;   {static_stub}
  0x00007197b8f765ec: 9048 bb00 | 0000 0000 

  0x00007197b8f765f4: ;   {runtime_call}
  0x00007197b8f765f4: 0000 00e9 | fbff ffff 

  0x00007197b8f765fc: ;   {static_stub}
  0x00007197b8f765fc: 9048 bb00 | 0000 0000 

  0x00007197b8f76604: ;   {runtime_call}
  0x00007197b8f76604: 0000 00e9 | fbff ffff 

  0x00007197b8f7660c: ;   {static_stub}
  0x00007197b8f7660c: 9048 bb00 | 0000 0000 

  0x00007197b8f76614: ;   {runtime_call}
  0x00007197b8f76614: 0000 00e9 | fbff ffff 

  0x00007197b8f7661c: ;   {static_stub}
  0x00007197b8f7661c: 9048 bb00 | 0000 0000 

  0x00007197b8f76624: ;   {runtime_call}
  0x00007197b8f76624: 0000 00e9 | fbff ffff 

  0x00007197b8f7662c: ;   {static_stub}
  0x00007197b8f7662c: 9048 bb00 | 0000 0000 

  0x00007197b8f76634: ;   {runtime_call}
  0x00007197b8f76634: 0000 00e9 | fbff ffff 

  0x00007197b8f7663c: ;   {static_stub}
  0x00007197b8f7663c: 9048 bb00 | 0000 0000 

  0x00007197b8f76644: ;   {runtime_call}
  0x00007197b8f76644: 0000 00e9 | fbff ffff 

  0x00007197b8f7664c: ;   {static_stub}
  0x00007197b8f7664c: 9048 bb00 | 0000 0000 

  0x00007197b8f76654: ;   {runtime_call}
  0x00007197b8f76654: 0000 00e9 | fbff ffff 

  0x00007197b8f7665c: ;   {static_stub}
  0x00007197b8f7665c: 9048 bb00 | 0000 0000 

  0x00007197b8f76664: ;   {runtime_call}
  0x00007197b8f76664: 0000 00e9 | fbff ffff 

  0x00007197b8f7666c: ;   {static_stub}
  0x00007197b8f7666c: 9048 bb00 | 0000 0000 

  0x00007197b8f76674: ;   {runtime_call}
  0x00007197b8f76674: 0000 00e9 | fbff ffff 

  0x00007197b8f7667c: ;   {static_stub}
  0x00007197b8f7667c: 9048 bb00 | 0000 0000 

  0x00007197b8f76684: ;   {runtime_call}
  0x00007197b8f76684: 0000 00e9 | fbff ffff 

  0x00007197b8f7668c: ;   {static_stub}
  0x00007197b8f7668c: 48bb 0000 | 0000 0000 

  0x00007197b8f76694: ;   {runtime_call}
  0x00007197b8f76694: 0000 e9fb 

  0x00007197b8f76698: ;   {static_stub}
  0x00007197b8f76698: ffff ff48 | bb00 0000 | 0000 0000 

  0x00007197b8f766a4: ;   {runtime_call}
  0x00007197b8f766a4: 00e9 fbff 

  0x00007197b8f766a8: ;   {static_stub}
  0x00007197b8f766a8: ffff 48bb | 0000 0000 | 0000 0000 

  0x00007197b8f766b4: ;   {runtime_call}
  0x00007197b8f766b4: e9fb ffff 

  0x00007197b8f766b8: ;   {static_stub}
  0x00007197b8f766b8: ff48 bb00 | 0000 0000 

  0x00007197b8f766c0: ;   {runtime_call}
  0x00007197b8f766c0: 0000 00e9 | fbff ffff 

  0x00007197b8f766c8: ;   {static_stub}
  0x00007197b8f766c8: 48bb 0000 | 0000 0000 

  0x00007197b8f766d0: ;   {runtime_call}
  0x00007197b8f766d0: 0000 e9fb 

  0x00007197b8f766d4: ;   {static_stub}
  0x00007197b8f766d4: ffff ff48 | bb00 0000 | 0000 0000 

  0x00007197b8f766e0: ;   {runtime_call}
  0x00007197b8f766e0: 00e9 fbff 

  0x00007197b8f766e4: ;   {runtime_call handle_exception_from_callee Runtime1 stub}
  0x00007197b8f766e4: ffff e815 

  0x00007197b8f766e8: ;   {external_word}
  0x00007197b8f766e8: 520d 0748 | bfdb ff03 | d997 7100 | 0048 83e4 

  0x00007197b8f766f8: ;   {runtime_call MacroAssembler::debug64(char*, long, long*)}
  0x00007197b8f766f8: f0e8 e2a7 

  0x00007197b8f766fc: ;   {section_word}
  0x00007197b8f766fc: c41f f449 | baff 66f7 | b897 7100 

  0x00007197b8f76708: ;   {runtime_call DeoptimizationBlob}
  0x00007197b8f76708: 0041 52e9 | 904b 0107 
[/MachCode]


---------------  P R O C E S S  ---------------

Threads class SMR info:
_java_thread_list=0x000071972c005330, length=23, elements={
0x00007197d002a630, 0x00007197d0129a00, 0x00007197d012b050, 0x00007197d012cb30,
0x00007197d012e170, 0x00007197d012f710, 0x00007197d0131250, 0x00007197d0132910,
0x00007197d0150540, 0x00007197d01f5730, 0x00007197d01f6930, 0x00007197d0279b60,
0x0000719748000ff0, 0x00007197d04b3ad0, 0x00007197d03ec620, 0x00007197d0421070,
0x00007196ecdec3c0, 0x00007197180740f0, 0x00007196eccbea20, 0x00007196ecdfca20,
0x0000719720057560, 0x0000719720059210, 0x000071972005b1f0
}

Java Threads: ( => current thread )
  0x00007197d002a630 JavaThread "main"                              [_thread_blocked, id=345, stack(0x00007197d7e17000,0x00007197d7f17000) (1024K)]
  0x00007197d0129a00 JavaThread "Reference Handler"          daemon [_thread_blocked, id=353, stack(0x000071975eb00000,0x000071975ec00000) (1024K)]
  0x00007197d012b050 JavaThread "Finalizer"                  daemon [_thread_blocked, id=354, stack(0x000071975ea00000,0x000071975eb00000) (1024K)]
  0x00007197d012cb30 JavaThread "Signal Dispatcher"          daemon [_thread_blocked, id=355, stack(0x000071975e900000,0x000071975ea00000) (1024K)]
  0x00007197d012e170 JavaThread "Service Thread"             daemon [_thread_blocked, id=356, stack(0x000071975e800000,0x000071975e900000) (1024K)]
  0x00007197d012f710 JavaThread "Monitor Deflation Thread"   daemon [_thread_blocked, id=357, stack(0x000071975e700000,0x000071975e800000) (1024K)]
  0x00007197d0131250 JavaThread "C2 CompilerThread0"         daemon [_thread_blocked, id=358, stack(0x000071975e600000,0x000071975e700000) (1024K)]
  0x00007197d0132910 JavaThread "C1 CompilerThread0"         daemon [_thread_blocked, id=359, stack(0x000071975e500000,0x000071975e600000) (1024K)]
  0x00007197d0150540 JavaThread "Common-Cleaner"             daemon [_thread_blocked, id=360, stack(0x000071975e330000,0x000071975e430000) (1024K)]
  0x00007197d01f5730 JavaThread "Monitor Ctrl-Break"         daemon [_thread_in_native, id=362, stack(0x000071975e130000,0x000071975e230000) (1024K)]
  0x00007197d01f6930 JavaThread "Notification Thread"        daemon [_thread_blocked, id=363, stack(0x000071975e030000,0x000071975e130000) (1024K)]
=>0x00007197d0279b60 JavaThread "QuantumRenderer-0"          daemon [_thread_in_native, id=367, stack(0x000071975dc2d000,0x000071975dd2d000) (1024K)]
  0x0000719748000ff0 JavaThread "Attach Listener"            daemon [_thread_blocked, id=368, stack(0x000071975db2d000,0x000071975dc2d000) (1024K)]
  0x00007197d04b3ad0 JavaThread "InvokeLaterDispatcher"      daemon [_thread_blocked, id=383, stack(0x000071975e230000,0x000071975e330000) (1024K)]
  0x00007197d03ec620 JavaThread "JavaFX Application Thread"         [_thread_in_native, id=384, stack(0x00007196e6700000,0x00007196e6800000) (1024K)]
  0x00007197d0421070 JavaThread "JavaFX-Launcher"                   [_thread_blocked, id=386, stack(0x00007196e6600000,0x00007196e6700000) (1024K)]
  0x00007196ecdec3c0 JavaThread "Prism Font Disposer"        daemon [_thread_blocked, id=390, stack(0x00007196e6500000,0x00007196e6600000) (1024K)]
  0x00007197180740f0 JavaThread "Cleaner-0"                  daemon [_thread_blocked, id=394, stack(0x00007196e6047000,0x00007196e6147000) (1024K)]
  0x00007196eccbea20 JavaThread "process reaper"             daemon [_thread_blocked, id=396, stack(0x00007196e641e000,0x00007196e6440000) (136K)]
  0x00007196ecdfca20 JavaThread "SwingWorker-pool-2-thread-1" daemon [_thread_in_native, id=399, stack(0x00007196e5700000,0x00007196e5800000) (1024K)]
  0x0000719720057560 JavaThread "Java2D Disposer"            daemon [_thread_blocked, id=400, stack(0x00007196e5300000,0x00007196e5400000) (1024K)]
  0x0000719720059210 JavaThread "AWT-XAWT"                   daemon [_thread_in_native, id=401, stack(0x00007196e5200000,0x00007196e5300000) (1024K)]
  0x000071972005b1f0 JavaThread "TimerQueue"                 daemon [_thread_blocked, id=402, stack(0x00007196e5100000,0x00007196e5200000) (1024K)]
Total: 23

Other Threads:
  0x00007197d0118750 VMThread "VM Thread"                           [id=352, stack(0x000071975ef00000,0x000071975f000000) (1024K)]
  0x00007197d00fe670 WatcherThread "VM Periodic Task Thread"        [id=351, stack(0x00007197b406d000,0x00007197b416d000) (1024K)]
  0x00007197d00947b0 WorkerThread "GC Thread#0"                     [id=346, stack(0x00007197d65b9000,0x00007197d66b9000) (1024K)]
  0x000071974c0067b0 WorkerThread "GC Thread#1"                     [id=364, stack(0x000071975df30000,0x000071975e030000) (1024K)]
  0x000071974c0072c0 WorkerThread "GC Thread#2"                     [id=365, stack(0x000071975de2f000,0x000071975df2f000) (1024K)]
  0x000071974c007dd0 WorkerThread "GC Thread#3"                     [id=366, stack(0x000071975dd2e000,0x000071975de2e000) (1024K)]
  0x00007197d009e9b0 ConcurrentGCThread "G1 Main Marker"            [id=347, stack(0x00007197d64b8000,0x00007197d65b8000) (1024K)]
  0x00007197d009f950 WorkerThread "G1 Conc#0"                       [id=348, stack(0x00007197d63b7000,0x00007197d64b7000) (1024K)]
  0x00007197d00ecf70 ConcurrentGCThread "G1 Refine#0"               [id=349, stack(0x00007197b42f0000,0x00007197b43f0000) (1024K)]
  0x00007197d00edf20 ConcurrentGCThread "G1 Service"                [id=350, stack(0x00007197b41ef000,0x00007197b42ef000) (1024K)]
Total: 10

Threads with active compile tasks:
Total: 0

VM state: not at safepoint (normal execution)

VM Mutex/Monitor currently owned by a thread: None

Heap address: 0x00000006e7c00000, size: 4484 MB, Compressed Oops mode: Zero based, Oop shift amount: 3

CDS archive(s) mapped at: [0x000071975f000000-0x000071975fca6000-0x000071975fca6000), size 13262848, SharedBaseAddress: 0x000071975f000000, ArchiveRelocationMode: 1.
Compressed class space mapped at: 0x0000719760000000-0x00007197a0000000, reserved size: 1073741824
Narrow klass base: 0x000071975f000000, Narrow klass shift: 0, Narrow klass range: 0x100000000

GC Precious Log:
 CardTable entry size: 512
 Card Set container configuration: InlinePtr #cards 4 size 8 Array Of Cards #cards 32 size 80 Howl #buckets 8 coarsen threshold 7372 Howl Bitmap #cards 1024 size 144 coarsen threshold 921 Card regions per heap region 1 cards per card region 8192
 CPUs: 16 total, 4 available
 Memory: 17924M
 Large Page Support: Disabled
 NUMA Support: Disabled
 Compressed Oops: Enabled (Zero based)
 Heap Region Size: 4M
 Heap Min Capacity: 8M
 Heap Initial Capacity: 284M
 Heap Max Capacity: 4484M
 Pre-touch: Disabled
 Parallel Workers: 4
 Concurrent Workers: 1
 Concurrent Refinement Workers: 4
 Periodic GC: Disabled

Heap:
 garbage-first heap   total 139264K, used 31440K [0x00000006e7c00000, 0x0000000800000000)
  region size 4096K, 3 young (12288K), 2 survivors (8192K)
 Metaspace       used 22800K, committed 23232K, reserved 1114112K
  class space    used 3094K, committed 3328K, reserved 1048576K

Heap Regions: E=young(eden), S=young(survivor), O=old, HS=humongous(starts), HC=humongous(continues), CS=collection set, F=free, TAMS=top-at-mark-start, PB=parsable bottom
|   0|0x00000006e7c00000, 0x00000006e8000000, 0x00000006e8000000|100%|HS|  |TAMS 0x00000006e7c00000| PB 0x00000006e7c00000| Complete 
|   1|0x00000006e8000000, 0x00000006e8400000, 0x00000006e8400000|100%|HC|  |TAMS 0x00000006e8000000| PB 0x00000006e8000000| Complete 
|   2|0x00000006e8400000, 0x00000006e8800000, 0x00000006e8800000|100%|HC|  |TAMS 0x00000006e8400000| PB 0x00000006e8400000| Complete 
|   3|0x00000006e8800000, 0x00000006e8800000, 0x00000006e8c00000|  0%| F|  |TAMS 0x00000006e8800000| PB 0x00000006e8800000| Untracked 
|   4|0x00000006e8c00000, 0x00000006e9000000, 0x00000006e9000000|100%|HS|  |TAMS 0x00000006e8c00000| PB 0x00000006e8c00000| Complete 
|   5|0x00000006e9000000, 0x00000006e9400000, 0x00000006e9400000|100%| O|  |TAMS 0x00000006e9000000| PB 0x00000006e9000000| Untracked 
|   6|0x00000006e9400000, 0x00000006e9608010, 0x00000006e9800000| 50%| O|Cm|TAMS 0x00000006e9400000| PB 0x00000006e9400000| Complete 
|   7|0x00000006e9800000, 0x00000006e9800000, 0x00000006e9c00000|  0%| F|  |TAMS 0x00000006e9800000| PB 0x00000006e9800000| Untracked 
|   8|0x00000006e9c00000, 0x00000006e9c00000, 0x00000006ea000000|  0%| F|  |TAMS 0x00000006e9c00000| PB 0x00000006e9c00000| Untracked 
|   9|0x00000006ea000000, 0x00000006ea000000, 0x00000006ea400000|  0%| F|  |TAMS 0x00000006ea000000| PB 0x00000006ea000000| Untracked 
|  10|0x00000006ea400000, 0x00000006ea400000, 0x00000006ea800000|  0%| F|  |TAMS 0x00000006ea400000| PB 0x00000006ea400000| Untracked 
|  11|0x00000006ea800000, 0x00000006ea800000, 0x00000006eac00000|  0%| F|  |TAMS 0x00000006ea800000| PB 0x00000006ea800000| Untracked 
|  12|0x00000006eac00000, 0x00000006eac00000, 0x00000006eb000000|  0%| F|  |TAMS 0x00000006eac00000| PB 0x00000006eac00000| Untracked 
|  13|0x00000006eb000000, 0x00000006eb000000, 0x00000006eb400000|  0%| F|  |TAMS 0x00000006eb000000| PB 0x00000006eb000000| Untracked 
|  14|0x00000006eb400000, 0x00000006eb400000, 0x00000006eb800000|  0%| F|  |TAMS 0x00000006eb400000| PB 0x00000006eb400000| Untracked 
|  15|0x00000006eb800000, 0x00000006eb800000, 0x00000006ebc00000|  0%| F|  |TAMS 0x00000006eb800000| PB 0x00000006eb800000| Untracked 
|  16|0x00000006ebc00000, 0x00000006ebc00000, 0x00000006ec000000|  0%| F|  |TAMS 0x00000006ebc00000| PB 0x00000006ebc00000| Untracked 
|  17|0x00000006ec000000, 0x00000006ec000000, 0x00000006ec400000|  0%| F|  |TAMS 0x00000006ec000000| PB 0x00000006ec000000| Untracked 
|  18|0x00000006ec400000, 0x00000006ec400000, 0x00000006ec800000|  0%| F|  |TAMS 0x00000006ec400000| PB 0x00000006ec400000| Untracked 
|  19|0x00000006ec800000, 0x00000006ec800000, 0x00000006ecc00000|  0%| F|  |TAMS 0x00000006ec800000| PB 0x00000006ec800000| Untracked 
|  20|0x00000006ecc00000, 0x00000006ecc00000, 0x00000006ed000000|  0%| F|  |TAMS 0x00000006ecc00000| PB 0x00000006ecc00000| Untracked 
|  21|0x00000006ed000000, 0x00000006ed000000, 0x00000006ed400000|  0%| F|  |TAMS 0x00000006ed000000| PB 0x00000006ed000000| Untracked 
|  22|0x00000006ed400000, 0x00000006ed400000, 0x00000006ed800000|  0%| F|  |TAMS 0x00000006ed400000| PB 0x00000006ed400000| Untracked 
|  23|0x00000006ed800000, 0x00000006ed800000, 0x00000006edc00000|  0%| F|  |TAMS 0x00000006ed800000| PB 0x00000006ed800000| Untracked 
|  24|0x00000006edc00000, 0x00000006edc00000, 0x00000006ee000000|  0%| F|  |TAMS 0x00000006edc00000| PB 0x00000006edc00000| Untracked 
|  25|0x00000006ee000000, 0x00000006ee000000, 0x00000006ee400000|  0%| F|  |TAMS 0x00000006ee000000| PB 0x00000006ee000000| Untracked 
|  26|0x00000006ee400000, 0x00000006ee400000, 0x00000006ee800000|  0%| F|  |TAMS 0x00000006ee400000| PB 0x00000006ee400000| Untracked 
|  27|0x00000006ee800000, 0x00000006ee800000, 0x00000006eec00000|  0%| F|  |TAMS 0x00000006ee800000| PB 0x00000006ee800000| Untracked 
|  28|0x00000006eec00000, 0x00000006eec00000, 0x00000006ef000000|  0%| F|  |TAMS 0x00000006eec00000| PB 0x00000006eec00000| Untracked 
|  29|0x00000006ef000000, 0x00000006ef000000, 0x00000006ef400000|  0%| F|  |TAMS 0x00000006ef000000| PB 0x00000006ef000000| Untracked 
|  54|0x00000006f5400000, 0x00000006f57a4c00, 0x00000006f5800000| 91%| S|CS|TAMS 0x00000006f5400000| PB 0x00000006f5400000| Complete 
|  55|0x00000006f5800000, 0x00000006f5c00000, 0x00000006f5c00000|100%| S|CS|TAMS 0x00000006f5800000| PB 0x00000006f5800000| Complete 
|  70|0x00000006f9400000, 0x00000006f9800000, 0x00000006f9800000|100%| E|  |TAMS 0x00000006f9400000| PB 0x00000006f9400000| Complete 
|1120|0x00000007ffc00000, 0x00000007ffd07778, 0x0000000800000000| 25%| O|  |TAMS 0x00000007ffc00000| PB 0x00000007ffc00000| Untracked 

Card table byte_map: [0x00007197d66b9000,0x00007197d6f7b000] _byte_map_base: 0x00007197d2f7b000

Marking Bits: (CMBitMap*) 0x00007197d00952d0
 Bits: [0x00007197b43f0000, 0x00007197b8a00000)

Polling page: 0x00007197d9767000

Metaspace:

Usage:
  Non-class:     19,24 MB used.
      Class:      3,02 MB used.
       Both:     22,27 MB used.

Virtual space:
  Non-class space:       64,00 MB reserved,      19,44 MB ( 30%) committed,  1 nodes.
      Class space:        1,00 GB reserved,       3,25 MB ( <1%) committed,  1 nodes.
             Both:        1,06 GB reserved,      22,69 MB (  2%) committed. 

Chunk freelists:
   Non-Class:  12,47 MB
       Class:  12,73 MB
        Both:  25,20 MB

MaxMetaspaceSize: unlimited
CompressedClassSpaceSize: 1,00 GB
Initial GC threshold: 21,00 MB
Current GC threshold: 35,31 MB
CDS: on
 - commit_granule_bytes: 65536.
 - commit_granule_words: 8192.
 - virtual_space_node_default_size: 8388608.
 - enlarge_chunks_in_place: 1.
 - use_allocation_guard: 0.


Internal statistics:

num_allocs_failed_limit: 3.
num_arena_births: 426.
num_arena_deaths: 0.
num_vsnodes_births: 2.
num_vsnodes_deaths: 0.
num_space_committed: 363.
num_space_uncommitted: 0.
num_chunks_returned_to_freelist: 3.
num_chunks_taken_from_freelist: 1111.
num_chunk_merges: 3.
num_chunk_splits: 755.
num_chunks_enlarged: 539.
num_inconsistent_stats: 0.

CodeHeap 'non-profiled nmethods': size=120032Kb used=1493Kb max_used=1493Kb free=118538Kb
 bounds [0x00007197c04c8000, 0x00007197c0738000, 0x00007197c7a00000]
CodeHeap 'profiled nmethods': size=120028Kb used=7385Kb max_used=7385Kb free=112642Kb
 bounds [0x00007197b8a00000, 0x00007197b9140000, 0x00007197bff37000]
CodeHeap 'non-nmethods': size=5700Kb used=1834Kb max_used=1856Kb free=3865Kb
 bounds [0x00007197bff37000, 0x00007197c01a7000, 0x00007197c04c8000]
 total_blobs=4618 nmethods=3747 adapters=775
 compilation: enabled
              stopped_count=0, restarted_count=0
 full_count=0

Compilation events (20 events):
Event: 62,813 Thread 0x00007197d0132910 nmethod 3736 0x00007197c0637d90 code [0x00007197c0637f20, 0x00007197c0637fe0]
Event: 63,748 Thread 0x00007197d0132910 3737       3       com.sun.javafx.animation.TickCalculation::fromMillis (9 bytes)
Event: 63,749 Thread 0x00007197d0132910 nmethod 3737 0x00007197b9130d90 code [0x00007197b9130f60, 0x00007197b9131080]
Event: 63,763 Thread 0x00007197d0132910 3738       3       javafx.beans.property.ReadOnlyBooleanWrapper::fireValueChangedEvent (19 bytes)
Event: 63,763 Thread 0x00007197d0132910 nmethod 3738 0x00007197b9131110 code [0x00007197b9131300, 0x00007197b9131840]
Event: 63,803 Thread 0x00007197d0132910 3739       3       javafx.scene.control.skin.LabeledSkinBase::bottomLabelPadding (18 bytes)
Event: 63,804 Thread 0x00007197d0131250 3742       4       com.sun.javafx.geom.BoxBounds::getBoundsType (4 bytes)
Event: 63,804 Thread 0x00007197d0131250 nmethod 3742 0x00007197c0638090 code [0x00007197c0638200, 0x00007197c0638290]
Event: 63,805 Thread 0x00007197d0132910 nmethod 3739 0x00007197b9131a10 code [0x00007197b9131ca0, 0x00007197b9132940]
Event: 63,805 Thread 0x00007197d0132910 3740       3       javafx.scene.layout.Region::computeYOffset (64 bytes)
Event: 63,806 Thread 0x00007197d0132910 nmethod 3740 0x00007197b9132d10 code [0x00007197b9132f00, 0x00007197b9133228]
Event: 63,806 Thread 0x00007197d0132910 3741       1       com.sun.javafx.tk.quantum.ViewScene::getPlatformView (5 bytes)
Event: 63,807 Thread 0x00007197d0132910 nmethod 3741 0x00007197c0638390 code [0x00007197c0638520, 0x00007197c06385e8]
Event: 63,869 Thread 0x00007197d0132910 3743       3       java.util.AbstractCollection::toArray (144 bytes)
Event: 63,871 Thread 0x00007197d0132910 nmethod 3743 0x00007197b9133390 code [0x00007197b9133680, 0x00007197b9134878]
Event: 63,875 Thread 0x00007197d0131250 3744       4       com.sun.marlin.Renderer::_endRendering (2473 bytes)
Event: 63,876 Thread 0x00007197d0132910 3745       3       com.sun.marlin.Renderer::curveBreakIntoLinesAndAdd (485 bytes)
Event: 63,878 Thread 0x00007197d0132910 nmethod 3745 0x00007197b9134c90 code [0x00007197b9135020, 0x00007197b9135770]
Event: 63,878 Thread 0x00007197d0132910 3746       3       com.sun.marlin.IntArrayCache$Reference::putArray (55 bytes)
Event: 63,880 Thread 0x00007197d0132910 nmethod 3746 0x00007197b9135b90 code [0x00007197b9135da0, 0x00007197b91362e8]

GC Heap History (6 events):
Event: 1,090 GC heap before
{Heap before GC invocations=0 (full 0):
 garbage-first heap   total 294912K, used 9245K [0x00000006e7c00000, 0x0000000800000000)
  region size 4096K, 3 young (12288K), 0 survivors (0K)
 Metaspace       used 1715K, committed 1856K, reserved 1114112K
  class space    used 165K, committed 192K, reserved 1048576K
}
Event: 1,144 GC heap after
{Heap after GC invocations=1 (full 0):
 garbage-first heap   total 294912K, used 2191K [0x00000006e7c00000, 0x0000000800000000)
  region size 4096K, 1 young (4096K), 1 survivors (4096K)
 Metaspace       used 1715K, committed 1856K, reserved 1114112K
  class space    used 165K, committed 192K, reserved 1048576K
}
Event: 3,942 GC heap before
{Heap before GC invocations=1 (full 0):
 garbage-first heap   total 294912K, used 39055K [0x00000006e7c00000, 0x0000000800000000)
  region size 4096K, 10 young (40960K), 1 survivors (4096K)
 Metaspace       used 11037K, committed 11328K, reserved 1114112K
  class space    used 1473K, committed 1600K, reserved 1048576K
}
Event: 3,957 GC heap after
{Heap after GC invocations=2 (full 0):
 garbage-first heap   total 294912K, used 7372K [0x00000006e7c00000, 0x0000000800000000)
  region size 4096K, 2 young (8192K), 2 survivors (8192K)
 Metaspace       used 11037K, committed 11328K, reserved 1114112K
  class space    used 1473K, committed 1600K, reserved 1048576K
}
Event: 46,314 GC heap before
{Heap before GC invocations=2 (full 0):
 garbage-first heap   total 294912K, used 77004K [0x00000006e7c00000, 0x0000000800000000)
  region size 4096K, 15 young (61440K), 2 survivors (8192K)
 Metaspace       used 21229K, committed 21504K, reserved 1114112K
  class space    used 2944K, committed 3072K, reserved 1048576K
}
Event: 46,328 GC heap after
{Heap after GC invocations=3 (full 0):
 garbage-first heap   total 294912K, used 31440K [0x00000006e7c00000, 0x0000000800000000)
  region size 4096K, 2 young (8192K), 2 survivors (8192K)
 Metaspace       used 21229K, committed 21504K, reserved 1114112K
  class space    used 2944K, committed 3072K, reserved 1048576K
}

Dll operation events (20 events):
Event: 0,037 Loaded shared library /home/tars/.jdks/openjdk-21.0.2/lib/libjava.so
Event: 0,243 Loaded shared library /home/tars/.jdks/openjdk-21.0.2/lib/libjsvml.so
Event: 0,262 Loaded shared library /home/tars/.jdks/openjdk-21.0.2/lib/libnio.so
Event: 0,350 Loaded shared library /home/tars/.jdks/openjdk-21.0.2/lib/libzip.so
Event: 0,465 Loaded shared library /home/tars/.jdks/openjdk-21.0.2/lib/libnet.so
Event: 0,889 Loaded shared library /home/tars/.jdks/openjdk-21.0.2/lib/libzip.so
Event: 0,894 Loaded shared library /home/tars/.jdks/openjdk-21.0.2/lib/libinstrument.so
Event: 1,457 Loaded shared library /home/tars/.openjfx/cache/17.0.6/libprism_es2.so
Event: 1,511 Loaded shared library /home/tars/.jdks/openjdk-21.0.2/lib/libjimage.so
Event: 2,081 Loaded shared library /home/tars/.openjfx/cache/17.0.6/libprism_sw.so
Event: 2,124 Loaded shared library /home/tars/.openjfx/cache/17.0.6/libglass.so
Event: 2,209 Loaded shared library /home/tars/.openjfx/cache/17.0.6/libglassgtk3.so
Event: 3,080 Loaded shared library /home/tars/.openjfx/cache/17.0.6/libjavafx_font.so
Event: 3,454 Loaded shared library /home/tars/.openjfx/cache/17.0.6/libjavafx_font_freetype.so
Event: 4,464 Loaded shared library /home/tars/.openjfx/cache/17.0.6/libjavafx_font_pango.so
Event: 17,655 Loaded shared library /tmp/sqlite-3.36.0.1-810db42d-5753-4855-9b89-5742cedf785d-libsqlitejdbc.so
Event: 18,216 Loaded shared library /home/tars/.openjfx/cache/17.0.6/libdecora_sse.so
Event: 46,279 Loaded shared library /home/tars/.jdks/openjdk-21.0.2/lib/libawt.so
Event: 46,284 Loaded shared library /home/tars/.jdks/openjdk-21.0.2/lib/libawt_xawt.so
Event: 46,358 Loaded shared library /home/tars/.jdks/openjdk-21.0.2/lib/libfontmanager.so

Deoptimization events (20 events):
Event: 40,323 Thread 0x00007197d03ec620 Uncommon trap: trap_request=0xffffff45 fr.pc=0x00007197c05fbe38 relative=0x0000000000000578
Event: 40,323 Thread 0x00007197d03ec620 Uncommon trap: reason=unstable_if action=reinterpret pc=0x00007197c05fbe38 method=javafx.scene.Node.updateBounds()V @ 47 c2
Event: 40,323 Thread 0x00007197d03ec620 DEOPT PACKING pc=0x00007197c05fbe38 sp=0x00007196e67fdb60
Event: 40,323 Thread 0x00007197d03ec620 DEOPT UNPACKING pc=0x00007197bff8af99 sp=0x00007196e67fdb10 mode 2
Event: 44,238 Thread 0x00007197d03ec620 Uncommon trap: trap_request=0xffffff6e fr.pc=0x00007197c061a828 relative=0x0000000000000a28
Event: 44,238 Thread 0x00007197d03ec620 Uncommon trap: reason=loop_limit_check action=maybe_recompile pc=0x00007197c061a828 method=javafx.scene.Parent.pickChildrenNode(Lcom/sun/javafx/geom/PickRay;Lcom/sun/javafx/scene/input/PickResultChooser;)Z @ 17 c2
Event: 44,238 Thread 0x00007197d03ec620 DEOPT PACKING pc=0x00007197c061a828 sp=0x00007196e67fd260
Event: 44,238 Thread 0x00007197d03ec620 DEOPT UNPACKING pc=0x00007197bff8af99 sp=0x00007196e67fd030 mode 2
Event: 45,878 Thread 0x00007197d03ec620 Uncommon trap: trap_request=0xffffff45 fr.pc=0x00007197c06171cc relative=0x0000000000000f2c
Event: 45,878 Thread 0x00007197d03ec620 Uncommon trap: reason=unstable_if action=reinterpret pc=0x00007197c06171cc method=javafx.scene.Node.intersectsBounds(Lcom/sun/javafx/geom/PickRay;)D @ 902 c2
Event: 45,878 Thread 0x00007197d03ec620 DEOPT PACKING pc=0x00007197c06171cc sp=0x00007196e67fd340
Event: 45,878 Thread 0x00007197d03ec620 DEOPT UNPACKING pc=0x00007197bff8af99 sp=0x00007196e67fd228 mode 2
Event: 46,269 Thread 0x00007197d03ec620 Uncommon trap: trap_request=0xffffff45 fr.pc=0x00007197c05f9fdc relative=0x000000000000013c
Event: 46,269 Thread 0x00007197d03ec620 Uncommon trap: reason=unstable_if action=reinterpret pc=0x00007197c05f9fdc method=java.lang.ThreadLocal$ThreadLocalMap.getEntry(Ljava/lang/ThreadLocal;)Ljava/lang/ThreadLocal$ThreadLocalMap$Entry; @ 21 c2
Event: 46,269 Thread 0x00007197d03ec620 DEOPT PACKING pc=0x00007197c05f9fdc sp=0x00007196e67fc310
Event: 46,269 Thread 0x00007197d03ec620 DEOPT UNPACKING pc=0x00007197bff8af99 sp=0x00007196e67fc240 mode 2
Event: 63,875 Thread 0x00007197d0279b60 DEOPT PACKING pc=0x00007197b8f988f2 sp=0x000071975dd2a140
Event: 63,875 Thread 0x00007197d0279b60 DEOPT UNPACKING pc=0x00007197bff8b72f sp=0x000071975dd29598 mode 0
Event: 63,877 Thread 0x00007197d0279b60 DEOPT PACKING pc=0x00007197b8d95ffb sp=0x000071975dd2a2a0
Event: 63,877 Thread 0x00007197d0279b60 DEOPT UNPACKING pc=0x00007197bff8b72f sp=0x000071975dd296e0 mode 0

Classes loaded (20 events):
Event: 46,448 Loading class java/awt/EventQueue$4
Event: 46,449 Loading class java/awt/EventQueue$4 done
Event: 46,449 Loading class java/awt/MenuComponent
Event: 46,449 Loading class java/awt/MenuComponent done
Event: 46,449 Loading class java/awt/TrayIcon
Event: 46,450 Loading class java/awt/TrayIcon done
Event: 46,450 Loading class java/awt/event/InputEvent
Event: 46,450 Loading class java/awt/event/ComponentEvent
Event: 46,450 Loading class java/awt/event/ComponentEvent done
Event: 46,450 Loading class java/awt/event/InputEvent done
Event: 46,450 Loading class java/awt/event/InputMethodEvent
Event: 46,450 Loading class java/awt/event/InputMethodEvent done
Event: 46,450 Loading class java/awt/event/ActionEvent
Event: 46,450 Loading class java/awt/event/ActionEvent done
Event: 47,450 Loading class java/util/IdentityHashMap$ValueIterator
Event: 47,451 Loading class java/util/IdentityHashMap$ValueIterator done
Event: 47,451 Loading class sun/awt/AppContext$PostShutdownEventRunnable
Event: 47,451 Loading class sun/awt/AppContext$PostShutdownEventRunnable done
Event: 47,451 Loading class sun/awt/AWTAutoShutdown$1
Event: 47,451 Loading class sun/awt/AWTAutoShutdown$1 done

Classes unloaded (0 events):
No events

Classes redefined (0 events):
No events

Internal exceptions (20 events):
Event: 4,729 Thread 0x00007197d0279b60 Exception <a 'java/lang/NoSuchMethodError'{0x00000006f84b1488}: 'int java.lang.invoke.DirectMethodHandle$Holder.invokeStaticInit(java.lang.Object, java.lang.Object)'> (0x00000006f84b1488) 
thrown [open/src/hotspot/share/interpreter/linkResolver.cpp, line 772]
Event: 4,766 Thread 0x00007197d03ec620 Exception <a 'java/lang/NoSuchMethodError'{0x00000006f8691ac0}: 'long java.lang.invoke.DirectMethodHandle$Holder.invokeStatic(java.lang.Object, java.lang.Object, java.lang.Object)'> (0x00000006f8691ac0) 
thrown [open/src/hotspot/share/interpreter/linkResolver.cpp, line 772]
Event: 4,769 Thread 0x00007197d03ec620 Exception <a 'java/lang/NoSuchMethodError'{0x00000006f8694e90}: 'long java.lang.invoke.DirectMethodHandle$Holder.invokeStaticInit(java.lang.Object, java.lang.Object, java.lang.Object)'> (0x00000006f8694e90) 
thrown [open/src/hotspot/share/interpreter/linkResolver.cpp, line 772]
Event: 4,787 Thread 0x00007197d03ec620 Exception <a 'java/lang/NoSuchMethodError'{0x00000006f86a9488}: 'java.lang.Object java.lang.invoke.DirectMethodHandle$Holder.newInvokeSpecial(java.lang.Object, java.lang.Object, long)'> (0x00000006f86a9488) 
thrown [open/src/hotspot/share/interpreter/linkResolver.cpp, line 772]
Event: 4,787 Thread 0x00007197d03ec620 Exception <a 'java/lang/NoSuchMethodError'{0x00000006f86acd80}: 'java.lang.Object java.lang.invoke.Invokers$Holder.linkToTargetMethod(java.lang.Object, long, java.lang.Object)'> (0x00000006f86acd80) 
thrown [open/src/hotspot/share/interpreter/linkResolver.cpp, line 772]
Event: 17,586 Thread 0x00007197d03ec620 Exception <a 'java/lang/NoSuchMethodError'{0x00000006f7c49d48}: 'java.lang.Object java.lang.invoke.DirectMethodHandle$Holder.invokeStatic(java.lang.Object, long, java.lang.Object)'> (0x00000006f7c49d48) 
thrown [open/src/hotspot/share/interpreter/linkResolver.cpp, line 772]
Event: 17,587 Thread 0x00007197d03ec620 Exception <a 'java/lang/NoSuchMethodError'{0x00000006f7c4d900}: 'java.lang.Object java.lang.invoke.DirectMethodHandle$Holder.invokeStaticInit(java.lang.Object, long, java.lang.Object)'> (0x00000006f7c4d900) 
thrown [open/src/hotspot/share/interpreter/linkResolver.cpp, line 772]
Event: 17,587 Thread 0x00007197d03ec620 Exception <a 'java/lang/NoSuchMethodError'{0x00000006f7c534d0}: 'java.lang.Object java.lang.invoke.DirectMethodHandle$Holder.newInvokeSpecial(java.lang.Object, long)'> (0x00000006f7c534d0) 
thrown [open/src/hotspot/share/interpreter/linkResolver.cpp, line 772]
Event: 17,594 Thread 0x00007197d03ec620 Exception <a 'java/lang/NoSuchMethodError'{0x00000006f7c62a48}: 'java.lang.Object java.lang.invoke.DirectMethodHandle$Holder.invokeStatic(java.lang.Object, java.lang.Object, int)'> (0x00000006f7c62a48) 
thrown [open/src/hotspot/share/interpreter/linkResolver.cpp, line 772]
Event: 17,596 Thread 0x00007197d03ec620 Implicit null exception at 0x00007197c0530a11 to 0x00007197c0530efc
Event: 17,733 Thread 0x00007197d03ec620 Exception <a 'java/lang/NoSuchMethodError'{0x00000006f7ff4c00}: 'java.lang.Object java.lang.invoke.DirectMethodHandle$Holder.newInvokeSpecial(java.lang.Object, double)'> (0x00000006f7ff4c00) 
thrown [open/src/hotspot/share/interpreter/linkResolver.cpp, line 772]
Event: 17,747 Thread 0x00007197d03ec620 Exception <a 'java/lang/NoSuchMethodError'{0x00000006f78caf40}: 'java.lang.Object java.lang.invoke.DirectMethodHandle$Holder.newInvokeSpecial(java.lang.Object, java.lang.Object, int, int)'> (0x00000006f78caf40) 
thrown [open/src/hotspot/share/interpreter/linkResolver.cpp, line 772]
Event: 17,747 Thread 0x00007197d03ec620 Exception <a 'java/lang/NoSuchMethodError'{0x00000006f78cf150}: 'java.lang.Object java.lang.invoke.DirectMethodHandle$Holder.invokeSpecial(java.lang.Object, java.lang.Object, java.lang.Object, int, int)'> (0x00000006f78cf150) 
thrown [open/src/hotspot/share/interpreter/linkResolver.cpp, line 772]
Event: 17,749 Thread 0x00007197d03ec620 Exception <a 'java/lang/NoSuchMethodError'{0x00000006f78e6b48}: 'java.lang.Object java.lang.invoke.DirectMethodHandle$Holder.newInvokeSpecial(java.lang.Object, java.lang.Object, java.lang.Object, java.lang.Object, java.lang.Object, int)'> (0x00000006f78e6b48) 
thrown [open/src/hotspot/share/interpreter/linkResolver.cpp, line 772]
Event: 17,749 Thread 0x00007197d03ec620 Exception <a 'java/lang/NoSuchMethodError'{0x00000006f78eb1d0}: 'java.lang.Object java.lang.invoke.DirectMethodHandle$Holder.invokeSpecial(java.lang.Object, java.lang.Object, java.lang.Object, java.lang.Object, java.lang.Object, java.lang.Object, int)'> (0x00000006f78eb1d0) 
thrown [open/src/hotspot/share/interpreter/linkResolver.cpp, line 772]
Event: 18,252 Thread 0x00007197d0279b60 Exception <a 'java/lang/NoSuchMethodError'{0x00000006f66fda50}: 'java.lang.Object java.lang.invoke.DirectMethodHandle$Holder.invokeStaticInit(java.lang.Object, int)'> (0x00000006f66fda50) 
thrown [open/src/hotspot/share/interpreter/linkResolver.cpp, line 772]
Event: 46,269 Thread 0x00007197d03ec620 Implicit null exception at 0x00007197c05f9f06 to 0x00007197c05f9fbc
Event: 46,275 Thread 0x00007197d03ec620 Exception <a 'java/lang/ClassNotFoundException'{0x00000006f5ca0f98}: sun/awt/resources/spi/awtProvider> (0x00000006f5ca0f98) 
thrown [open/src/hotspot/share/classfile/systemDictionary.cpp, line 312]
Event: 46,285 Thread 0x00007197d03ec620 Exception <a 'java/io/FileNotFoundException'{0x00000006f5caa750}> (0x00000006f5caa750) 
thrown [open/src/hotspot/share/prims/jni.cpp, line 520]
Event: 46,285 Thread 0x00007197d03ec620 Exception <a 'java/io/FileNotFoundException'{0x00000006f5cac210}> (0x00000006f5cac210) 
thrown [open/src/hotspot/share/prims/jni.cpp, line 520]

ZGC Phase Switch (0 events):
No events

VM Operations (20 events):
Event: 48,386 Executing VM operation: Cleanup
Event: 48,386 Executing VM operation: Cleanup done
Event: 49,386 Executing VM operation: Cleanup
Event: 49,386 Executing VM operation: Cleanup done
Event: 50,386 Executing VM operation: Cleanup
Event: 50,386 Executing VM operation: Cleanup done
Event: 51,386 Executing VM operation: Cleanup
Event: 51,386 Executing VM operation: Cleanup done
Event: 52,386 Executing VM operation: Cleanup
Event: 52,386 Executing VM operation: Cleanup done
Event: 57,388 Executing VM operation: Cleanup
Event: 57,388 Executing VM operation: Cleanup done
Event: 59,388 Executing VM operation: Cleanup
Event: 59,388 Executing VM operation: Cleanup done
Event: 60,264 Executing VM operation: HandshakeAllThreads (HandshakeForDeflation)
Event: 60,264 Executing VM operation: HandshakeAllThreads (HandshakeForDeflation) done
Event: 60,264 Executing VM operation: RendezvousGCThreads
Event: 60,264 Executing VM operation: RendezvousGCThreads done
Event: 61,265 Executing VM operation: Cleanup
Event: 61,265 Executing VM operation: Cleanup done

Events (20 events):
Event: 17,612 Thread 0x0000719734209f50 Thread added: 0x0000719734209f50
Event: 17,612 Protecting memory [0x00007196e5700000,0x00007196e5704000] with protection modes 0
Event: 18,410 Thread 0x0000719734209f50 Thread exited: 0x0000719734209f50
Event: 40,317 Thread 0x0000719738510150 Thread added: 0x0000719738510150
Event: 40,319 Protecting memory [0x00007196e5700000,0x00007196e5704000] with protection modes 0
Event: 40,805 Thread 0x0000719738510150 Thread exited: 0x0000719738510150
Event: 46,291 Thread 0x00007196ecdfca20 Thread added: 0x00007196ecdfca20
Event: 46,291 Protecting memory [0x00007196e5700000,0x00007196e5704000] with protection modes 0
Event: 46,402 Thread 0x0000719720057560 Thread added: 0x0000719720057560
Event: 46,402 Protecting memory [0x00007196e5300000,0x00007196e5304000] with protection modes 0
Event: 46,405 Thread 0x0000719720059210 Thread added: 0x0000719720059210
Event: 46,405 Protecting memory [0x00007196e5200000,0x00007196e5204000] with protection modes 0
Event: 46,408 Thread 0x000071972005b1f0 Thread added: 0x000071972005b1f0
Event: 46,408 Protecting memory [0x00007196e5100000,0x00007196e5104000] with protection modes 0
Event: 46,445 Thread 0x000071972400c980 Thread added: 0x000071972400c980
Event: 46,445 Protecting memory [0x00007196e4eb6000,0x00007196e4eba000] with protection modes 0
Event: 46,445 Thread 0x000071972400dc20 Thread added: 0x000071972400dc20
Event: 46,445 Protecting memory [0x00007196e4b00000,0x00007196e4b04000] with protection modes 0
Event: 47,451 Thread 0x000071972400c980 Thread exited: 0x000071972400c980
Event: 47,451 Thread 0x000071972400dc20 Thread exited: 0x000071972400dc20


Dynamic libraries:
6e7c00000-6ef400000 rw-p 00000000 00:00 0 
6ef400000-6f5400000 ---p 00000000 00:00 0 
6f5400000-6f5c00000 rw-p 00000000 00:00 0 
6f5c00000-6f9400000 ---p 00000000 00:00 0 
6f9400000-6f9800000 rw-p 00000000 00:00 0 
6f9800000-7ffc00000 ---p 00000000 00:00 0 
7ffc00000-7ffd08000 rw-p 00ce5000 08:02 1190016                          /home/tars/.jdks/openjdk-21.0.2/lib/server/classes.jsa
7ffd08000-800000000 rw-p 00000000 00:00 0 
620fd7c5e000-620fd7c5f000 r-xp 00000000 08:02 1189401                    /home/tars/.jdks/openjdk-21.0.2/bin/java
620fd7c60000-620fd7c61000 r--p 00001000 08:02 1189401                    /home/tars/.jdks/openjdk-21.0.2/bin/java
620fd7c61000-620fd7c62000 rw-p 00002000 08:02 1189401                    /home/tars/.jdks/openjdk-21.0.2/bin/java
620fd9480000-620fd94c7000 rw-p 00000000 00:00 0                          [heap]
7196e2033000-7196e4033000 rw-s 00000000 00:01 32808                      /SYSV00000000 (deleted)
7196e4400000-7196e440f000 r-xp 00000000 08:02 2657245                    /home/tars/.openjfx/cache/17.0.6/libdecora_sse.so
7196e440f000-7196e460e000 ---p 0000f000 08:02 2657245                    /home/tars/.openjfx/cache/17.0.6/libdecora_sse.so
7196e460e000-7196e460f000 r--p 0000e000 08:02 2657245                    /home/tars/.openjfx/cache/17.0.6/libdecora_sse.so
7196e460f000-7196e4610000 rw-p 0000f000 08:02 2657245                    /home/tars/.openjfx/cache/17.0.6/libdecora_sse.so
7196e4800000-7196e48e3000 r-xp 00000000 00:3b 514                        /tmp/sqlite-3.36.0.1-810db42d-5753-4855-9b89-5742cedf785d-libsqlitejdbc.so
7196e48e3000-7196e4ae2000 ---p 000e3000 00:3b 514                        /tmp/sqlite-3.36.0.1-810db42d-5753-4855-9b89-5742cedf785d-libsqlitejdbc.so
7196e4ae2000-7196e4ae9000 rw-p 000e2000 00:3b 514                        /tmp/sqlite-3.36.0.1-810db42d-5753-4855-9b89-5742cedf785d-libsqlitejdbc.so
7196e4b00000-7196e4b04000 ---p 00000000 00:00 0 
7196e4b04000-7196e4c00000 rw-p 00000000 00:00 0 
7196e4c00000-7196e4e2f000 r-xp 00000000 08:02 1189976                    /home/tars/.jdks/openjdk-21.0.2/lib/libfontmanager.so
7196e4e2f000-7196e4e30000 ---p 0022f000 08:02 1189976                    /home/tars/.jdks/openjdk-21.0.2/lib/libfontmanager.so
7196e4e30000-7196e4e32000 r--p 0022f000 08:02 1189976                    /home/tars/.jdks/openjdk-21.0.2/lib/libfontmanager.so
7196e4e32000-7196e4e33000 rw-p 00231000 08:02 1189976                    /home/tars/.jdks/openjdk-21.0.2/lib/libfontmanager.so
7196e4e33000-7196e4e34000 rw-p 00000000 00:00 0 
7196e4eb6000-7196e4eba000 ---p 00000000 00:00 0 
7196e4eba000-7196e4fb6000 rw-p 00000000 00:00 0 
7196e4fb6000-7196e5025000 r-xp 00000000 08:02 1189973                    /home/tars/.jdks/openjdk-21.0.2/lib/libawt_xawt.so
7196e5025000-7196e5026000 ---p 0006f000 08:02 1189973                    /home/tars/.jdks/openjdk-21.0.2/lib/libawt_xawt.so
7196e5026000-7196e502b000 r--p 0006f000 08:02 1189973                    /home/tars/.jdks/openjdk-21.0.2/lib/libawt_xawt.so
7196e502b000-7196e502d000 rw-p 00074000 08:02 1189973                    /home/tars/.jdks/openjdk-21.0.2/lib/libawt_xawt.so
7196e502d000-7196e502f000 rw-p 00000000 00:00 0 
7196e5100000-7196e5104000 ---p 00000000 00:00 0 
7196e5104000-7196e5200000 rw-p 00000000 00:00 0 
7196e5200000-7196e5204000 ---p 00000000 00:00 0 
7196e5204000-7196e5300000 rw-p 00000000 00:00 0 
7196e5300000-7196e5304000 ---p 00000000 00:00 0 
7196e5304000-7196e5400000 rw-p 00000000 00:00 0 
7196e5400000-7196e5404000 r-xp 00000000 08:02 2657244                    /home/tars/.openjfx/cache/17.0.6/libjavafx_font_pango.so
7196e5404000-7196e5603000 ---p 00004000 08:02 2657244                    /home/tars/.openjfx/cache/17.0.6/libjavafx_font_pango.so
7196e5603000-7196e5604000 r--p 00003000 08:02 2657244                    /home/tars/.openjfx/cache/17.0.6/libjavafx_font_pango.so
7196e5604000-7196e5605000 rw-p 00004000 08:02 2657244                    /home/tars/.openjfx/cache/17.0.6/libjavafx_font_pango.so
7196e5622000-7196e56cf000 r-xp 00000000 08:02 1189971                    /home/tars/.jdks/openjdk-21.0.2/lib/libawt.so
7196e56cf000-7196e56d0000 r--p 000ac000 08:02 1189971                    /home/tars/.jdks/openjdk-21.0.2/lib/libawt.so
7196e56d0000-7196e56db000 rw-p 000ad000 08:02 1189971                    /home/tars/.jdks/openjdk-21.0.2/lib/libawt.so
7196e56db000-7196e5700000 rw-p 00000000 00:00 0 
7196e5700000-7196e5704000 ---p 00000000 00:00 0 
7196e5704000-7196e5800000 rw-p 00000000 00:00 0 
7196e5800000-7196e5c3f000 r--s 00000000 08:02 1087050                    /home/tars/.var/app/com.jetbrains.IntelliJ-IDEA-Community/cache/fontconfig/0bd3dc0958fa2205aaaa8ebb13e2872b-le64.cache-9
7196e5c68000-7196e5d15000 r--p 00000000 08:02 3950642                    /usr/share/fonts/dejavu/DejaVuSans-Bold.ttf
7196e5e00000-7196e5e05000 r-xp 00000000 08:02 2657243                    /home/tars/.openjfx/cache/17.0.6/libjavafx_font_freetype.so
7196e5e05000-7196e6004000 ---p 00005000 08:02 2657243                    /home/tars/.openjfx/cache/17.0.6/libjavafx_font_freetype.so
7196e6004000-7196e6005000 r--p 00004000 08:02 2657243                    /home/tars/.openjfx/cache/17.0.6/libjavafx_font_freetype.so
7196e6005000-7196e6006000 rw-p 00005000 08:02 2657243                    /home/tars/.openjfx/cache/17.0.6/libjavafx_font_freetype.so
7196e6047000-7196e604b000 ---p 00000000 00:00 0 
7196e604b000-7196e6147000 rw-p 00000000 00:00 0 
7196e6147000-7196e6200000 r--p 00000000 08:02 3954308                    /usr/share/fonts/dejavu/DejaVuSans.ttf
7196e6200000-7196e6203000 r-xp 00000000 08:02 2657242                    /home/tars/.openjfx/cache/17.0.6/libjavafx_font.so
7196e6203000-7196e6402000 ---p 00003000 08:02 2657242                    /home/tars/.openjfx/cache/17.0.6/libjavafx_font.so
7196e6402000-7196e6403000 r--p 00002000 08:02 2657242                    /home/tars/.openjfx/cache/17.0.6/libjavafx_font.so
7196e6403000-7196e6404000 rw-p 00003000 08:02 2657242                    /home/tars/.openjfx/cache/17.0.6/libjavafx_font.so
7196e641e000-7196e6422000 ---p 00000000 00:00 0 
7196e6422000-7196e6440000 rw-p 00000000 00:00 0 
7196e6440000-7196e6446000 r--s 00000000 08:02 1087085                    /home/tars/.var/app/com.jetbrains.IntelliJ-IDEA-Community/cache/fontconfig/93a229ddef8289df64ac13624924bd14-le64.cache-9
7196e6446000-7196e644a000 r--s 00000000 08:02 1087082                    /home/tars/.var/app/com.jetbrains.IntelliJ-IDEA-Community/cache/fontconfig/62a296f92cd800a49657533f3dfe810f-le64.cache-9
7196e644a000-7196e644c000 r--s 00000000 08:02 1087080                    /home/tars/.var/app/com.jetbrains.IntelliJ-IDEA-Community/cache/fontconfig/3bd6a00a1059ca9725da3f0d7afa935d-le64.cache-9
7196e644c000-7196e645a000 r--s 00000000 08:02 1087079                    /home/tars/.var/app/com.jetbrains.IntelliJ-IDEA-Community/cache/fontconfig/a4e60e8d1e10d2fdff3fe3037a1845fb-le64.cache-9
7196e645a000-7196e6468000 r--s 00000000 08:02 1086956                    /home/tars/.var/app/com.jetbrains.IntelliJ-IDEA-Community/cache/fontconfig/945677eb7aeaf62f1d50efc3fb3ec7d8-le64.cache-9
7196e6468000-7196e646f000 r--s 00000000 08:02 1087070                    /home/tars/.var/app/com.jetbrains.IntelliJ-IDEA-Community/cache/fontconfig/2300eef321c393bfd76478a5c0e95b23-le64.cache-9
7196e646f000-7196e6470000 r--s 00000000 08:02 1087068                    /home/tars/.var/app/com.jetbrains.IntelliJ-IDEA-Community/cache/fontconfig/0d8c3b2ac0904cb8a57a757ad11a4a08-le64.cache-9
7196e6470000-7196e6489000 r--s 00000000 08:02 1087067                    /home/tars/.var/app/com.jetbrains.IntelliJ-IDEA-Community/cache/fontconfig/04aabc0a78ac019cf9454389977116d2-le64.cache-9
7196e6489000-7196e6492000 r--s 00000000 08:02 1087066                    /home/tars/.var/app/com.jetbrains.IntelliJ-IDEA-Community/cache/fontconfig/7ff0f27471eb627658d24321507a1276-le64.cache-9
7196e6492000-7196e6493000 r--s 00000000 08:02 1087065                    /home/tars/.var/app/com.jetbrains.IntelliJ-IDEA-Community/cache/fontconfig/1ac9eb803944fde146138c791f5cc56a-le64.cache-9
7196e6493000-7196e649c000 r--s 00000000 08:02 1087064                    /home/tars/.var/app/com.jetbrains.IntelliJ-IDEA-Community/cache/fontconfig/2151c34eae6ab8b65f2db52eba5f75d1-le64.cache-9
7196e649c000-7196e649e000 r--s 00000000 08:02 1087061                    /home/tars/.var/app/com.jetbrains.IntelliJ-IDEA-Community/cache/fontconfig/c3dfd998036b05e4c1c8d0d12a83012e-le64.cache-9
7196e649e000-7196e649f000 r--s 00000000 08:02 1087060                    /home/tars/.var/app/com.jetbrains.IntelliJ-IDEA-Community/cache/fontconfig/dc05db6664285cc2f12bf69c139ae4c3-le64.cache-9
7196e649f000-7196e64a2000 r--s 00000000 08:02 1087059                    /home/tars/.var/app/com.jetbrains.IntelliJ-IDEA-Community/cache/fontconfig/708e5799b37abf90e21f0fbb44b0e143-le64.cache-9
7196e64a2000-7196e64a4000 r--s 00000000 08:02 1087058                    /home/tars/.var/app/com.jetbrains.IntelliJ-IDEA-Community/cache/fontconfig/14a5e22175779b556eaa434240950366-le64.cache-9
7196e64a4000-7196e64a5000 r--s 00000000 08:02 1087057                    /home/tars/.var/app/com.jetbrains.IntelliJ-IDEA-Community/cache/fontconfig/660208299946a285a940457d1287da33-le64.cache-9
7196e64a5000-7196e64aa000 r--s 00000000 08:02 1087056                    /home/tars/.var/app/com.jetbrains.IntelliJ-IDEA-Community/cache/fontconfig/1d7fd6019ebd18f3e419755c41124483-le64.cache-9
7196e64aa000-7196e64ac000 r--s 00000000 08:02 1087054                    /home/tars/.var/app/com.jetbrains.IntelliJ-IDEA-Community/cache/fontconfig/4f3e3037c9980c83b53a9351efadef62-le64.cache-9
7196e64ac000-7196e64ae000 r--s 00000000 08:02 1087053                    /home/tars/.var/app/com.jetbrains.IntelliJ-IDEA-Community/cache/fontconfig/767a8244fc0220cfb567a839d0392e0b-le64.cache-9
7196e64ae000-7196e64af000 r--s 00000000 08:02 1087020                    /home/tars/.var/app/com.jetbrains.IntelliJ-IDEA-Community/cache/fontconfig/14450a1e823b83df5890662531ce5911-le64.cache-9
7196e64af000-7196e64b4000 r--s 00000000 08:02 1087019                    /home/tars/.var/app/com.jetbrains.IntelliJ-IDEA-Community/cache/fontconfig/def309198bfa603429122923fa2bb2d4-le64.cache-9
7196e64b4000-7196e64b5000 r--s 00000000 08:02 1087018                    /home/tars/.var/app/com.jetbrains.IntelliJ-IDEA-Community/cache/fontconfig/b872e6e592da6075ffa4ab0a1fcc0c75-le64.cache-9
7196e64b5000-7196e64b6000 r--s 00000000 08:02 1087017                    /home/tars/.var/app/com.jetbrains.IntelliJ-IDEA-Community/cache/fontconfig/f6d4eedfaab2589bde49f7a3ff831d22-le64.cache-9
7196e64b6000-7196e64b7000 r--s 00000000 08:02 1087016                    /home/tars/.var/app/com.jetbrains.IntelliJ-IDEA-Community/cache/fontconfig/589f83ef4c36d296ce6e1c846f468f08-le64.cache-9
7196e64b7000-7196e64b8000 r--s 00000000 08:02 1087015                    /home/tars/.var/app/com.jetbrains.IntelliJ-IDEA-Community/cache/fontconfig/bab58bb527bb656aaa9f116d68a48d89-le64.cache-9
7196e64b8000-7196e64b9000 r--s 00000000 08:02 1087014                    /home/tars/.var/app/com.jetbrains.IntelliJ-IDEA-Community/cache/fontconfig/2171a34dccabdb6bcbbc728186263178-le64.cache-9
7196e64b9000-7196e64ba000 r--s 00000000 08:02 1087013                    /home/tars/.var/app/com.jetbrains.IntelliJ-IDEA-Community/cache/fontconfig/c5c45a61289222e0d30b1a26ef4effbe-le64.cache-9
7196e64ba000-7196e64bb000 r--s 00000000 08:02 1087012                    /home/tars/.var/app/com.jetbrains.IntelliJ-IDEA-Community/cache/fontconfig/aec30016f93e1b46d1a973dce0d74068-le64.cache-9
7196e64bb000-7196e64bc000 r--s 00000000 08:02 1087011                    /home/tars/.var/app/com.jetbrains.IntelliJ-IDEA-Community/cache/fontconfig/3f589640d34b7dc9042c8d453f7c8b9c-le64.cache-9
7196e64bc000-7196e64bd000 r--s 00000000 08:02 1087010                    /home/tars/.var/app/com.jetbrains.IntelliJ-IDEA-Community/cache/fontconfig/16c2fda60d1b4b719f4b3d06fd951d25-le64.cache-9
7196e64bd000-7196e64be000 r--s 00000000 08:02 1087009                    /home/tars/.var/app/com.jetbrains.IntelliJ-IDEA-Community/cache/fontconfig/a48eab177a16e4f3713381162db2f3e9-le64.cache-9
7196e64be000-7196e64bf000 r--s 00000000 08:02 1087008                    /home/tars/.var/app/com.jetbrains.IntelliJ-IDEA-Community/cache/fontconfig/564b2e68ac9bc4e36a6f7f6d6125ec1c-le64.cache-9
7196e64bf000-7196e64c0000 r--s 00000000 08:02 1106814                    /home/tars/.var/app/com.jetbrains.IntelliJ-IDEA-Community/cache/fontconfig/da43223dd54fb3bb4243ae19d4b583b2-le64.cache-9
7196e64c0000-7196e64c6000 r--s 00000000 08:02 1087006                    /home/tars/.var/app/com.jetbrains.IntelliJ-IDEA-Community/cache/fontconfig/9d2451b1fd30e5bffe8383fd27c35478-le64.cache-9
7196e64c6000-7196e64cd000 r--s 00000000 08:02 1087005                    /home/tars/.var/app/com.jetbrains.IntelliJ-IDEA-Community/cache/fontconfig/3047814df9a2f067bd2d96a2b9c36e5a-le64.cache-9
7196e64cd000-7196e64d4000 r--s 00000000 08:02 1087002                    /home/tars/.var/app/com.jetbrains.IntelliJ-IDEA-Community/cache/fontconfig/b47c4e1ecd0709278f4910c18777a504-le64.cache-9
7196e64d4000-7196e64e3000 r--s 00000000 08:02 1087001                    /home/tars/.var/app/com.jetbrains.IntelliJ-IDEA-Community/cache/fontconfig/4185983152e2e5ec38f5804935a67635-le64.cache-9
7196e64e3000-7196e64ec000 r--s 00000000 08:02 1086997                    /home/tars/.var/app/com.jetbrains.IntelliJ-IDEA-Community/cache/fontconfig/0670f0e3141d59d4d08dacb1b39c1bed-le64.cache-9
7196e64ec000-7196e6500000 r--s 00000000 08:02 1086995                    /home/tars/.var/app/com.jetbrains.IntelliJ-IDEA-Community/cache/fontconfig/d52a8644073d54c13679302ca1180695-le64.cache-9
7196e6500000-7196e6504000 ---p 00000000 00:00 0 
7196e6504000-7196e6600000 rw-p 00000000 00:00 0 
7196e6600000-7196e6604000 ---p 00000000 00:00 0 
7196e6604000-7196e6700000 rw-p 00000000 00:00 0 
7196e6700000-7196e6704000 ---p 00000000 00:00 0 
7196e6704000-7196e6800000 rw-p 00000000 00:00 0 
7196e6800000-7196e6860000 r-xp 00000000 08:02 2657241                    /home/tars/.openjfx/cache/17.0.6/libglassgtk3.so
7196e6860000-7196e6a5f000 ---p 00060000 08:02 2657241                    /home/tars/.openjfx/cache/17.0.6/libglassgtk3.so
7196e6a5f000-7196e6a62000 r--p 0005f000 08:02 2657241                    /home/tars/.openjfx/cache/17.0.6/libglassgtk3.so
7196e6a62000-7196e6a64000 rw-p 00062000 08:02 2657241                    /home/tars/.openjfx/cache/17.0.6/libglassgtk3.so
7196e6a64000-7196e6a65000 r--s 00000000 08:02 1087004                    /home/tars/.var/app/com.jetbrains.IntelliJ-IDEA-Community/cache/fontconfig/56cf4f4769d0f4abc89a4895d7bd3ae1-le64.cache-9
7196e6a65000-7196e6a66000 r--s 00000000 08:02 1087003                    /home/tars/.var/app/com.jetbrains.IntelliJ-IDEA-Community/cache/fontconfig/b9d506c9ac06c20b433354fa67a72993-le64.cache-9
7196e6a66000-7196e6a67000 r--s 00000000 08:02 1055639                    /home/tars/.var/app/com.jetbrains.IntelliJ-IDEA-Community/cache/fontconfig/89034621ae2a8922916bb6bfa5799546-le64.cache-9
7196e6a67000-7196e6a6b000 r--s 00000000 08:02 1086996                    /home/tars/.var/app/com.jetbrains.IntelliJ-IDEA-Community/cache/fontconfig/6f0718c5812be863696fcef0d120f581-le64.cache-9
7196e6a6b000-7196e6a72000 r--s 00000000 08:02 1086994                    /home/tars/.var/app/com.jetbrains.IntelliJ-IDEA-Community/cache/fontconfig/7ab2eb8330e5664a2b0e875ad8d37ad9-le64.cache-9
7196e6a72000-7196e6a73000 r--s 00000000 08:02 1086993                    /home/tars/.var/app/com.jetbrains.IntelliJ-IDEA-Community/cache/fontconfig/370e5b74bf5dafc30834de68e24a87a4-le64.cache-9
7196e6a73000-7196e6a74000 r--s 00000000 08:02 1086992                    /home/tars/.var/app/com.jetbrains.IntelliJ-IDEA-Community/cache/fontconfig/6b2c5944714ca7831b25bed9e85cb5c8-le64.cache-9
7196e6a74000-7196e6a77000 r--s 00000000 08:02 1086989                    /home/tars/.var/app/com.jetbrains.IntelliJ-IDEA-Community/cache/fontconfig/f259c2cffa685e28062317905db73c4a-le64.cache-9
7196e6a77000-7196e6a84000 r--s 00000000 08:02 1095327                    /home/tars/.var/app/com.jetbrains.IntelliJ-IDEA-Community/cache/fontconfig/d589a48862398ed80a3d6066f4f56f4c-le64.cache-9
7196e6a84000-7196e6a94000 r--s 00000000 08:02 1086973                    /home/tars/.var/app/com.jetbrains.IntelliJ-IDEA-Community/cache/fontconfig/6cc790b63b123a6a96ee260fcdad32a9-le64.cache-9
7196e6a94000-7196e6abc000 r--s 00000000 08:02 1086971                    /home/tars/.var/app/com.jetbrains.IntelliJ-IDEA-Community/cache/fontconfig/9b89f8e3dae116d678bbf48e5f21f69b-le64.cache-9
7196e6abc000-7196e6ae6000 r--s 00000000 08:02 1086967                    /home/tars/.var/app/com.jetbrains.IntelliJ-IDEA-Community/cache/fontconfig/cabbd14511b9e8a55e92af97fb3a0461-le64.cache-9
7196e6ae6000-7196e6af7000 r--s 00000000 08:02 1095097                    /home/tars/.var/app/com.jetbrains.IntelliJ-IDEA-Community/cache/fontconfig/e13b20fdb08344e0e664864cc2ede53d-le64.cache-9
7196e6af7000-7196e6b43000 rw-p 00000000 00:00 0 
7196e6b43000-7196e6b45000 r--s 00000000 08:02 1086988                    /home/tars/.var/app/com.jetbrains.IntelliJ-IDEA-Community/cache/fontconfig/550f3886151c940c12a5ed35f6a00586-le64.cache-9
7196e6b45000-7196e6b48000 r--s 00000000 08:02 1086987                    /home/tars/.var/app/com.jetbrains.IntelliJ-IDEA-Community/cache/fontconfig/674d1711f2d1d2a09646eb0bdcadee49-le64.cache-9
7196e6b48000-7196e6b57000 r--s 00000000 08:02 1086950                    /home/tars/.var/app/com.jetbrains.IntelliJ-IDEA-Community/cache/fontconfig/bd0b27592510dd38245c5997654c5344-le64.cache-9
7196e6b57000-7196e6b6b000 r--s 00000000 08:02 1086944                    /home/tars/.var/app/com.jetbrains.IntelliJ-IDEA-Community/cache/fontconfig/8b64213a80fcb19471d737a06915b11a-le64.cache-9
7196e6b6b000-7196e6b78000 r--s 00000000 08:02 1086942                    /home/tars/.var/app/com.jetbrains.IntelliJ-IDEA-Community/cache/fontconfig/8e40d008f6cd844f40c0f249a322be61-le64.cache-9
7196e6b78000-7196e6b9b000 r--p 00000000 08:02 3971315                    /usr/share/runtime/locale/es/share/es/LC_MESSAGES/glib20.mo
7196e6b9b000-7196e6bd0000 r--p 00000000 08:02 3971601                    /usr/share/runtime/locale/es/share/es/LC_MESSAGES/gtk30-properties.mo
7196e6bd0000-7196e6bec000 r--p 00000000 08:02 3971561                    /usr/share/runtime/locale/es/share/es/LC_MESSAGES/gtk30.mo
7196e6bec000-7196e6bf1000 r--p 00000000 08:02 3949613                    /usr/lib/x86_64-linux-gnu/libgpg-error.so.0.34.0
7196e6bf1000-7196e6c09000 r-xp 00005000 08:02 3949613                    /usr/lib/x86_64-linux-gnu/libgpg-error.so.0.34.0
7196e6c09000-7196e6c13000 r--p 0001d000 08:02 3949613                    /usr/lib/x86_64-linux-gnu/libgpg-error.so.0.34.0
7196e6c13000-7196e6c14000 r--p 00027000 08:02 3949613                    /usr/lib/x86_64-linux-gnu/libgpg-error.so.0.34.0
7196e6c14000-7196e6c15000 rw-p 00028000 08:02 3949613                    /usr/lib/x86_64-linux-gnu/libgpg-error.so.0.34.0
7196e6c15000-7196e6c19000 r--p 00000000 08:02 4728138                    /usr/lib/x86_64-linux-gnu/liblzma.so.5.4.1
7196e6c19000-7196e6c38000 r-xp 00004000 08:02 4728138                    /usr/lib/x86_64-linux-gnu/liblzma.so.5.4.1
7196e6c38000-7196e6c43000 r--p 00023000 08:02 4728138                    /usr/lib/x86_64-linux-gnu/liblzma.so.5.4.1
7196e6c43000-7196e6c44000 r--p 0002e000 08:02 4728138                    /usr/lib/x86_64-linux-gnu/liblzma.so.5.4.1
7196e6c44000-7196e6c45000 rw-p 0002f000 08:02 4728138                    /usr/lib/x86_64-linux-gnu/liblzma.so.5.4.1
7196e6c45000-7196e6c55000 r--p 00000000 08:02 3944699                    /usr/lib/x86_64-linux-gnu/libgcrypt.so.20.4.3
7196e6c55000-7196e6d45000 r-xp 00010000 08:02 3944699                    /usr/lib/x86_64-linux-gnu/libgcrypt.so.20.4.3
7196e6d45000-7196e6d83000 r--p 00100000 08:02 3944699                    /usr/lib/x86_64-linux-gnu/libgcrypt.so.20.4.3
7196e6d83000-7196e6d88000 r--p 0013e000 08:02 3944699                    /usr/lib/x86_64-linux-gnu/libgcrypt.so.20.4.3
7196e6d88000-7196e6d8c000 rw-p 00143000 08:02 3944699                    /usr/lib/x86_64-linux-gnu/libgcrypt.so.20.4.3
7196e6d8c000-7196e6d8d000 rw-p 00000000 00:00 0 
7196e6d8d000-7196e6da5000 r--p 00000000 08:02 4726294                    /usr/lib/x86_64-linux-gnu/libsystemd.so.0.37.0
7196e6da5000-7196e6e3f000 r-xp 00018000 08:02 4726294                    /usr/lib/x86_64-linux-gnu/libsystemd.so.0.37.0
7196e6e3f000-7196e6e73000 r--p 000b2000 08:02 4726294                    /usr/lib/x86_64-linux-gnu/libsystemd.so.0.37.0
7196e6e73000-7196e6e7f000 r--p 000e5000 08:02 4726294                    /usr/lib/x86_64-linux-gnu/libsystemd.so.0.37.0
7196e6e7f000-7196e6e80000 rw-p 000f1000 08:02 4726294                    /usr/lib/x86_64-linux-gnu/libsystemd.so.0.37.0
7196e6e80000-7196e6e81000 rw-p 00000000 00:00 0 
7196e6e81000-7196e6e8b000 r--p 00000000 08:02 3947044                    /usr/lib/x86_64-linux-gnu/libblkid.so.1.1.0
7196e6e8b000-7196e6ec8000 r-xp 0000a000 08:02 3947044                    /usr/lib/x86_64-linux-gnu/libblkid.so.1.1.0
7196e6ec8000-7196e6ed8000 r--p 00047000 08:02 3947044                    /usr/lib/x86_64-linux-gnu/libblkid.so.1.1.0
7196e6ed8000-7196e6ede000 r--p 00057000 08:02 3947044                    /usr/lib/x86_64-linux-gnu/libblkid.so.1.1.0
7196e6ede000-7196e6edf000 rw-p 0005d000 08:02 3947044                    /usr/lib/x86_64-linux-gnu/libblkid.so.1.1.0
7196e6edf000-7196e6eee000 r--p 00000000 08:02 3950069                    /usr/lib/x86_64-linux-gnu/libdbus-1.so.3.32.4
7196e6eee000-7196e6f22000 r-xp 0000f000 08:02 3950069                    /usr/lib/x86_64-linux-gnu/libdbus-1.so.3.32.4
7196e6f22000-7196e6f35000 r--p 00043000 08:02 3950069                    /usr/lib/x86_64-linux-gnu/libdbus-1.so.3.32.4
7196e6f35000-7196e6f37000 r--p 00055000 08:02 3950069                    /usr/lib/x86_64-linux-gnu/libdbus-1.so.3.32.4
7196e6f37000-7196e6f38000 rw-p 00057000 08:02 3950069                    /usr/lib/x86_64-linux-gnu/libdbus-1.so.3.32.4
7196e6f38000-7196e6f3e000 r--p 00000000 08:02 3943450                    /usr/lib/x86_64-linux-gnu/libjpeg.so.62.4.0
7196e6f3e000-7196e6fd8000 r-xp 00006000 08:02 3943450                    /usr/lib/x86_64-linux-gnu/libjpeg.so.62.4.0
7196e6fd8000-7196e6ffe000 r--p 000a0000 08:02 3943450                    /usr/lib/x86_64-linux-gnu/libjpeg.so.62.4.0
7196e6ffe000-7196e6fff000 r--p 000c6000 08:02 3943450                    /usr/lib/x86_64-linux-gnu/libjpeg.so.62.4.0
7196e6fff000-7196e7000000 rw-p 000c7000 08:02 3943450                    /usr/lib/x86_64-linux-gnu/libjpeg.so.62.4.0
7196e7000000-7196e7090000 r--p 00000000 08:02 4728639                    /usr/lib/x86_64-linux-gnu/libgtk-3.so.0.2409.32
7196e7090000-7196e7440000 r-xp 00090000 08:02 4728639                    /usr/lib/x86_64-linux-gnu/libgtk-3.so.0.2409.32
7196e7440000-7196e77bc000 r--p 00440000 08:02 4728639                    /usr/lib/x86_64-linux-gnu/libgtk-3.so.0.2409.32
7196e77bc000-7196e77cc000 r--p 007bb000 08:02 4728639                    /usr/lib/x86_64-linux-gnu/libgtk-3.so.0.2409.32
7196e77cc000-7196e77ce000 rw-p 007cb000 08:02 4728639                    /usr/lib/x86_64-linux-gnu/libgtk-3.so.0.2409.32
7196e77ce000-7196e77d3000 rw-p 00000000 00:00 0 
7196e77d3000-7196e77d4000 r--s 00000000 08:02 1086991                    /home/tars/.var/app/com.jetbrains.IntelliJ-IDEA-Community/cache/fontconfig/d5178ab6d91b49bf20a416737dcea9e8-le64.cache-9
7196e77d4000-7196e77da000 r--s 00000000 08:02 1086983                    /home/tars/.var/app/com.jetbrains.IntelliJ-IDEA-Community/cache/fontconfig/b25010134a2e462c779c1c1d5ccbff7b-le64.cache-9
7196e77da000-7196e77dd000 r--p 00000000 08:02 3949605                    /usr/lib/x86_64-linux-gnu/liblz4.so.1.9.4
7196e77dd000-7196e77fb000 r-xp 00003000 08:02 3949605                    /usr/lib/x86_64-linux-gnu/liblz4.so.1.9.4
7196e77fb000-7196e77fe000 r--p 00021000 08:02 3949605                    /usr/lib/x86_64-linux-gnu/liblz4.so.1.9.4
7196e77fe000-7196e77ff000 r--p 00023000 08:02 3949605                    /usr/lib/x86_64-linux-gnu/liblz4.so.1.9.4
7196e77ff000-7196e7800000 rw-p 00024000 08:02 3949605                    /usr/lib/x86_64-linux-gnu/liblz4.so.1.9.4
7196e7800000-7196e7801000 r-xp 00000000 08:02 2657240                    /home/tars/.openjfx/cache/17.0.6/libglass.so
7196e7801000-7196e7a01000 ---p 00001000 08:02 2657240                    /home/tars/.openjfx/cache/17.0.6/libglass.so
7196e7a01000-7196e7a02000 r--p 00001000 08:02 2657240                    /home/tars/.openjfx/cache/17.0.6/libglass.so
7196e7a02000-7196e7a03000 rw-p 00002000 08:02 2657240                    /home/tars/.openjfx/cache/17.0.6/libglass.so
7196e7a03000-7196e7a07000 r--s 00000000 08:02 1086984                    /home/tars/.var/app/com.jetbrains.IntelliJ-IDEA-Community/cache/fontconfig/246184dc75a16901ca37d96895904249-le64.cache-9
7196e7a07000-7196e7a09000 r--s 00000000 08:02 1086982                    /home/tars/.var/app/com.jetbrains.IntelliJ-IDEA-Community/cache/fontconfig/ef7bf7dc830923e12ba087d269cb05f0-le64.cache-9
7196e7a09000-7196e7a0f000 r--s 00000000 08:02 1086948                    /home/tars/.var/app/com.jetbrains.IntelliJ-IDEA-Community/cache/fontconfig/ed01b5f140c20461ecbf3a3983649760-le64.cache-9
7196e7a0f000-7196e7a12000 r--p 00000000 08:02 3952301                    /usr/lib/x86_64-linux-gnu/libcap.so.2.69
7196e7a12000-7196e7a18000 r-xp 00003000 08:02 3952301                    /usr/lib/x86_64-linux-gnu/libcap.so.2.69
7196e7a18000-7196e7a1a000 r--p 00009000 08:02 3952301                    /usr/lib/x86_64-linux-gnu/libcap.so.2.69
7196e7a1a000-7196e7a1b000 r--p 0000a000 08:02 3952301                    /usr/lib/x86_64-linux-gnu/libcap.so.2.69
7196e7a1b000-7196e7a1c000 rw-p 0000b000 08:02 3952301                    /usr/lib/x86_64-linux-gnu/libcap.so.2.69
7196e7a1c000-7196e7a1d000 r--p 00000000 08:02 3947559                    /usr/lib/x86_64-linux-gnu/libbrotlicommon.so.1.0.9
7196e7a1d000-7196e7a1e000 r-xp 00001000 08:02 3947559                    /usr/lib/x86_64-linux-gnu/libbrotlicommon.so.1.0.9
7196e7a1e000-7196e7a3d000 r--p 00002000 08:02 3947559                    /usr/lib/x86_64-linux-gnu/libbrotlicommon.so.1.0.9
7196e7a3d000-7196e7a3e000 r--p 00020000 08:02 3947559                    /usr/lib/x86_64-linux-gnu/libbrotlicommon.so.1.0.9
7196e7a3e000-7196e7a3f000 rw-p 00021000 08:02 3947559                    /usr/lib/x86_64-linux-gnu/libbrotlicommon.so.1.0.9
7196e7a3f000-7196e7a41000 r--p 00000000 08:02 3953960                    /usr/lib/x86_64-linux-gnu/libbz2.so.1.0.8
7196e7a41000-7196e7a4f000 r-xp 00002000 08:02 3953960                    /usr/lib/x86_64-linux-gnu/libbz2.so.1.0.8
7196e7a4f000-7196e7a51000 r--p 00010000 08:02 3953960                    /usr/lib/x86_64-linux-gnu/libbz2.so.1.0.8
7196e7a51000-7196e7a52000 r--p 00011000 08:02 3953960                    /usr/lib/x86_64-linux-gnu/libbz2.so.1.0.8
7196e7a52000-7196e7a53000 rw-p 00012000 08:02 3953960                    /usr/lib/x86_64-linux-gnu/libbz2.so.1.0.8
7196e7a53000-7196e7a64000 r--p 00000000 08:02 3945147                    /usr/lib/x86_64-linux-gnu/libatspi.so.0.0.1
7196e7a64000-7196e7a7c000 r-xp 00011000 08:02 3945147                    /usr/lib/x86_64-linux-gnu/libatspi.so.0.0.1
7196e7a7c000-7196e7a88000 r--p 00029000 08:02 3945147                    /usr/lib/x86_64-linux-gnu/libatspi.so.0.0.1
7196e7a88000-7196e7a8c000 r--p 00035000 08:02 3945147                    /usr/lib/x86_64-linux-gnu/libatspi.so.0.0.1
7196e7a8c000-7196e7a8d000 rw-p 00039000 08:02 3945147                    /usr/lib/x86_64-linux-gnu/libatspi.so.0.0.1
7196e7a8d000-7196e7a98000 r--p 00000000 08:02 3949383                    /usr/lib/x86_64-linux-gnu/libpixman-1.so.0.42.2
7196e7a98000-7196e7b26000 r-xp 0000b000 08:02 3949383                    /usr/lib/x86_64-linux-gnu/libpixman-1.so.0.42.2
7196e7b26000-7196e7b35000 r--p 00099000 08:02 3949383                    /usr/lib/x86_64-linux-gnu/libpixman-1.so.0.42.2
7196e7b35000-7196e7b3d000 r--p 000a7000 08:02 3949383                    /usr/lib/x86_64-linux-gnu/libpixman-1.so.0.42.2
7196e7b3d000-7196e7b3e000 rw-p 000af000 08:02 3949383                    /usr/lib/x86_64-linux-gnu/libpixman-1.so.0.42.2
7196e7b3e000-7196e7b4c000 r--p 00000000 08:02 4223805                    /usr/lib/x86_64-linux-gnu/libfreetype.so.6.20.1
7196e7b4c000-7196e7bd2000 r-xp 0000e000 08:02 4223805                    /usr/lib/x86_64-linux-gnu/libfreetype.so.6.20.1
7196e7bd2000-7196e7bf7000 r--p 00094000 08:02 4223805                    /usr/lib/x86_64-linux-gnu/libfreetype.so.6.20.1
7196e7bf7000-7196e7bff000 r--p 000b8000 08:02 4223805                    /usr/lib/x86_64-linux-gnu/libfreetype.so.6.20.1
7196e7bff000-7196e7c00000 rw-p 000c0000 08:02 4223805                    /usr/lib/x86_64-linux-gnu/libfreetype.so.6.20.1
7196e7c00000-7196e7c0e000 r-xp 00000000 08:02 2657239                    /home/tars/.openjfx/cache/17.0.6/libprism_sw.so
7196e7c0e000-7196e7e0e000 ---p 0000e000 08:02 2657239                    /home/tars/.openjfx/cache/17.0.6/libprism_sw.so
7196e7e0e000-7196e7e0f000 r--p 0000e000 08:02 2657239                    /home/tars/.openjfx/cache/17.0.6/libprism_sw.so
7196e7e0f000-7196e7e10000 rw-p 0000f000 08:02 2657239                    /home/tars/.openjfx/cache/17.0.6/libprism_sw.so
7196e7e10000-7196e7e11000 r--s 00000000 08:02 1086990                    /home/tars/.var/app/com.jetbrains.IntelliJ-IDEA-Community/cache/fontconfig/551ecf3b0e8b0bca0f25c0944f561853-le64.cache-9
7196e7e11000-7196e7e15000 r--s 00000000 08:02 1086972                    /home/tars/.var/app/com.jetbrains.IntelliJ-IDEA-Community/cache/fontconfig/0843ca893a93b5446bad221815920e23-le64.cache-9
7196e7e15000-7196e7e16000 r--p 00000000 08:02 3947519                    /usr/lib/x86_64-linux-gnu/libbrotlidec.so.1.0.9
7196e7e16000-7196e7e1d000 r-xp 00001000 08:02 3947519                    /usr/lib/x86_64-linux-gnu/libbrotlidec.so.1.0.9
7196e7e1d000-7196e7e20000 r--p 00008000 08:02 3947519                    /usr/lib/x86_64-linux-gnu/libbrotlidec.so.1.0.9
7196e7e20000-7196e7e21000 r--p 0000a000 08:02 3947519                    /usr/lib/x86_64-linux-gnu/libbrotlidec.so.1.0.9
7196e7e21000-7196e7e22000 rw-p 0000b000 08:02 3947519                    /usr/lib/x86_64-linux-gnu/libbrotlidec.so.1.0.9
7196e7e22000-7196e7e24000 r--p 00000000 08:02 3952663                    /usr/lib/x86_64-linux-gnu/libdatrie.so.1.4.0
7196e7e24000-7196e7e28000 r-xp 00002000 08:02 3952663                    /usr/lib/x86_64-linux-gnu/libdatrie.so.1.4.0
7196e7e28000-7196e7e2a000 r--p 00006000 08:02 3952663                    /usr/lib/x86_64-linux-gnu/libdatrie.so.1.4.0
7196e7e2a000-7196e7e2b000 r--p 00007000 08:02 3952663                    /usr/lib/x86_64-linux-gnu/libdatrie.so.1.4.0
7196e7e2b000-7196e7e2c000 rw-p 00008000 08:02 3952663                    /usr/lib/x86_64-linux-gnu/libdatrie.so.1.4.0
7196e7e2c000-7196e7e32000 r--p 00000000 08:02 4224054                    /usr/lib/x86_64-linux-gnu/libpng16.so.16.43.0
7196e7e32000-7196e7e59000 r-xp 00006000 08:02 4224054                    /usr/lib/x86_64-linux-gnu/libpng16.so.16.43.0
7196e7e59000-7196e7e64000 r--p 0002d000 08:02 4224054                    /usr/lib/x86_64-linux-gnu/libpng16.so.16.43.0
7196e7e64000-7196e7e65000 r--p 00037000 08:02 4224054                    /usr/lib/x86_64-linux-gnu/libpng16.so.16.43.0
7196e7e65000-7196e7e66000 rw-p 00038000 08:02 4224054                    /usr/lib/x86_64-linux-gnu/libpng16.so.16.43.0
7196e7e66000-7196e7e73000 r--p 00000000 08:02 3948060                    /usr/lib/x86_64-linux-gnu/libmount.so.1.1.0
7196e7e73000-7196e7ec0000 r-xp 0000d000 08:02 3948060                    /usr/lib/x86_64-linux-gnu/libmount.so.1.1.0
7196e7ec0000-7196e7ed4000 r--p 0005a000 08:02 3948060                    /usr/lib/x86_64-linux-gnu/libmount.so.1.1.0
7196e7ed4000-7196e7ed7000 r--p 0006e000 08:02 3948060                    /usr/lib/x86_64-linux-gnu/libmount.so.1.1.0
7196e7ed7000-7196e7ed8000 rw-p 00071000 08:02 3948060                    /usr/lib/x86_64-linux-gnu/libmount.so.1.1.0
7196e7ed8000-7196e7f3d000 r--p 00000000 08:02 4727993                    /usr/lib/x86_64-linux-gnu/libepoxy.so.0.0.0
7196e7f3d000-7196e7fa3000 r-xp 00065000 08:02 4727993                    /usr/lib/x86_64-linux-gnu/libepoxy.so.0.0.0
7196e7fa3000-7196e7ff1000 r--p 000cb000 08:02 4727993                    /usr/lib/x86_64-linux-gnu/libepoxy.so.0.0.0
7196e7ff1000-7196e7ff9000 r--p 00118000 08:02 4727993                    /usr/lib/x86_64-linux-gnu/libepoxy.so.0.0.0
7196e7ff9000-7196e8000000 rw-p 00120000 08:02 4727993                    /usr/lib/x86_64-linux-gnu/libepoxy.so.0.0.0
7196e8000000-7196e8021000 rw-p 00000000 00:00 0 
7196e8021000-7196ec000000 ---p 00000000 00:00 0 
7196ec000000-7196ecf97000 rw-p 00000000 00:00 0 
7196ecf97000-7196f0000000 ---p 00000000 00:00 0 
7196f0000000-7196f0021000 rw-p 00000000 00:00 0 
7196f0021000-7196f4000000 ---p 00000000 00:00 0 
7196f4000000-7196f40e4000 rw-p 00000000 00:00 0 
7196f40e4000-7196f8000000 ---p 00000000 00:00 0 
7196f8000000-7196f80ad000 rw-p 00000000 00:00 0 
7196f80ad000-7196fc000000 ---p 00000000 00:00 0 
7196fc000000-7196fc021000 rw-p 00000000 00:00 0 
7196fc021000-719700000000 ---p 00000000 00:00 0 
719700000000-719700021000 rw-p 00000000 00:00 0 
719700021000-719704000000 ---p 00000000 00:00 0 
719704000000-719704002000 r--p 00000000 08:02 4728146                    /usr/lib/x86_64-linux-gnu/libXtst.so.6.1.0
719704002000-719704005000 r-xp 00002000 08:02 4728146                    /usr/lib/x86_64-linux-gnu/libXtst.so.6.1.0
719704005000-719704006000 r--p 00005000 08:02 4728146                    /usr/lib/x86_64-linux-gnu/libXtst.so.6.1.0
719704006000-719704007000 r--p 00005000 08:02 4728146                    /usr/lib/x86_64-linux-gnu/libXtst.so.6.1.0
719704007000-719704008000 rw-p 00006000 08:02 4728146                    /usr/lib/x86_64-linux-gnu/libXtst.so.6.1.0
719704008000-71970400e000 r--p 00000000 08:02 3949957                    /usr/lib/x86_64-linux-gnu/libxcb-render.so.0.0.0
71970400e000-719704013000 r-xp 00006000 08:02 3949957                    /usr/lib/x86_64-linux-gnu/libxcb-render.so.0.0.0
719704013000-719704016000 r--p 0000b000 08:02 3949957                    /usr/lib/x86_64-linux-gnu/libxcb-render.so.0.0.0
719704016000-719704017000 r--p 0000d000 08:02 3949957                    /usr/lib/x86_64-linux-gnu/libxcb-render.so.0.0.0
719704017000-719704018000 rw-p 0000e000 08:02 3949957                    /usr/lib/x86_64-linux-gnu/libxcb-render.so.0.0.0
719704018000-71970401a000 r--p 00000000 08:02 4727819                    /usr/lib/x86_64-linux-gnu/libXrender.so.1.3.0
71970401a000-719704021000 r-xp 00002000 08:02 4727819                    /usr/lib/x86_64-linux-gnu/libXrender.so.1.3.0
719704021000-719704022000 r--p 00009000 08:02 4727819                    /usr/lib/x86_64-linux-gnu/libXrender.so.1.3.0
719704022000-719704023000 r--p 0000a000 08:02 4727819                    /usr/lib/x86_64-linux-gnu/libXrender.so.1.3.0
719704023000-719704024000 rw-p 0000b000 08:02 4727819                    /usr/lib/x86_64-linux-gnu/libXrender.so.1.3.0
719704024000-719704027000 r--p 00000000 08:02 3949385                    /usr/lib/x86_64-linux-gnu/libgraphite2.so.3.2.1
719704027000-719704040000 r-xp 00003000 08:02 3949385                    /usr/lib/x86_64-linux-gnu/libgraphite2.so.3.2.1
719704040000-719704044000 r--p 0001c000 08:02 3949385                    /usr/lib/x86_64-linux-gnu/libgraphite2.so.3.2.1
719704044000-719704046000 r--p 00020000 08:02 3949385                    /usr/lib/x86_64-linux-gnu/libgraphite2.so.3.2.1
719704046000-719704047000 rw-p 00022000 08:02 3949385                    /usr/lib/x86_64-linux-gnu/libgraphite2.so.3.2.1
719704047000-71970404a000 r--p 00000000 08:02 3951458                    /usr/lib/x86_64-linux-gnu/libthai.so.0.3.1
71970404a000-71970404f000 r-xp 00003000 08:02 3951458                    /usr/lib/x86_64-linux-gnu/libthai.so.0.3.1
71970404f000-719704052000 r--p 00008000 08:02 3951458                    /usr/lib/x86_64-linux-gnu/libthai.so.0.3.1
719704052000-719704053000 r--p 0000a000 08:02 3951458                    /usr/lib/x86_64-linux-gnu/libthai.so.0.3.1
719704053000-719704054000 rw-p 0000b000 08:02 3951458                    /usr/lib/x86_64-linux-gnu/libthai.so.0.3.1
719704054000-719704057000 r--p 00000000 08:02 3946132                    /usr/lib/x86_64-linux-gnu/libpcre2-8.so.0.11.2
719704057000-7197040c5000 r-xp 00003000 08:02 3946132                    /usr/lib/x86_64-linux-gnu/libpcre2-8.so.0.11.2
7197040c5000-7197040ed000 r--p 00071000 08:02 3946132                    /usr/lib/x86_64-linux-gnu/libpcre2-8.so.0.11.2
7197040ed000-7197040ee000 r--p 00098000 08:02 3946132                    /usr/lib/x86_64-linux-gnu/libpcre2-8.so.0.11.2
7197040ee000-7197040ef000 rw-p 00099000 08:02 3946132                    /usr/lib/x86_64-linux-gnu/libpcre2-8.so.0.11.2
7197040ef000-719704103000 r--p 00000000 08:02 4728750                    /usr/lib/x86_64-linux-gnu/libcairo.so.2.11800.0
719704103000-7197041f1000 r-xp 00014000 08:02 4728750                    /usr/lib/x86_64-linux-gnu/libcairo.so.2.11800.0
7197041f1000-719704221000 r--p 00102000 08:02 4728750                    /usr/lib/x86_64-linux-gnu/libcairo.so.2.11800.0
719704221000-719704225000 r--p 00132000 08:02 4728750                    /usr/lib/x86_64-linux-gnu/libcairo.so.2.11800.0
719704225000-719704227000 rw-p 00136000 08:02 4728750                    /usr/lib/x86_64-linux-gnu/libcairo.so.2.11800.0
719704227000-719704228000 rw-p 00000000 00:00 0 
719704228000-719704266000 r--p 00000000 08:02 3949168                    /usr/lib/x86_64-linux-gnu/libgio-2.0.so.0.7600.6
719704266000-71970437b000 r-xp 0003e000 08:02 3949168                    /usr/lib/x86_64-linux-gnu/libgio-2.0.so.0.7600.6
71970437b000-7197043f0000 r--p 00153000 08:02 3949168                    /usr/lib/x86_64-linux-gnu/libgio-2.0.so.0.7600.6
7197043f0000-7197043f8000 r--p 001c7000 08:02 3949168                    /usr/lib/x86_64-linux-gnu/libgio-2.0.so.0.7600.6
7197043f8000-7197043f9000 rw-p 001cf000 08:02 3949168                    /usr/lib/x86_64-linux-gnu/libgio-2.0.so.0.7600.6
7197043f9000-7197043fb000 rw-p 00000000 00:00 0 
7197043fb000-7197043fc000 ---p 00000000 00:00 0 
7197043fc000-719704bfc000 rw-p 00000000 00:00 0 
719704bfc000-719704bfd000 ---p 00000000 00:00 0 
719704bfd000-7197053fd000 rw-p 00000000 00:00 0 
7197053fd000-7197053fe000 ---p 00000000 00:00 0 
7197053fe000-719705bfe000 rw-p 00000000 00:00 0 
719705bfe000-719705bff000 ---p 00000000 00:00 0 
719705bff000-7197063ff000 rw-p 00000000 00:00 0 
7197063ff000-719706400000 ---p 00000000 00:00 0 
719706400000-719706c00000 rw-p 00000000 00:00 0 
719706c00000-7197072e8000 r--p 00000000 08:02 3953365                    /usr/lib/x86_64-linux-gnu/GL/default/lib/libLLVM-17.so
7197072e8000-71970a153000 r-xp 006e8000 08:02 3953365                    /usr/lib/x86_64-linux-gnu/GL/default/lib/libLLVM-17.so
71970a153000-71970bc9a000 r--p 03553000 08:02 3953365                    /usr/lib/x86_64-linux-gnu/GL/default/lib/libLLVM-17.so
71970bc9a000-71970bd90000 r--p 0509a000 08:02 3953365                    /usr/lib/x86_64-linux-gnu/GL/default/lib/libLLVM-17.so
71970bd90000-71970bdd2000 rw-p 05190000 08:02 3953365                    /usr/lib/x86_64-linux-gnu/GL/default/lib/libLLVM-17.so
71970bdd2000-71970be4c000 rw-p 00000000 00:00 0 
71970be4c000-71970be4d000 r--s 00000000 08:02 1055635                    /home/tars/.var/app/com.jetbrains.IntelliJ-IDEA-Community/cache/fontconfig/8a687c406b77f27d99abfeeba937fcce-le64.cache-9
71970be4d000-71970be52000 r--p 00000000 08:02 3948097                    /usr/lib/x86_64-linux-gnu/libxkbcommon.so.0.0.0
71970be52000-71970be72000 r-xp 00005000 08:02 3948097                    /usr/lib/x86_64-linux-gnu/libxkbcommon.so.0.0.0
71970be72000-71970be92000 r--p 00025000 08:02 3948097                    /usr/lib/x86_64-linux-gnu/libxkbcommon.so.0.0.0
71970be92000-71970be94000 r--p 00044000 08:02 3948097                    /usr/lib/x86_64-linux-gnu/libxkbcommon.so.0.0.0
71970be94000-71970be95000 rw-p 00046000 08:02 3948097                    /usr/lib/x86_64-linux-gnu/libxkbcommon.so.0.0.0
71970be95000-71970bea2000 r--p 00000000 08:02 3944075                    /usr/lib/x86_64-linux-gnu/libatk-bridge-2.0.so.0.0.0
71970bea2000-71970bebc000 r-xp 0000d000 08:02 3944075                    /usr/lib/x86_64-linux-gnu/libatk-bridge-2.0.so.0.0.0
71970bebc000-71970becf000 r--p 00027000 08:02 3944075                    /usr/lib/x86_64-linux-gnu/libatk-bridge-2.0.so.0.0.0
71970becf000-71970bed1000 r--p 00039000 08:02 3944075                    /usr/lib/x86_64-linux-gnu/libatk-bridge-2.0.so.0.0.0
71970bed1000-71970bed3000 rw-p 0003b000 08:02 3944075                    /usr/lib/x86_64-linux-gnu/libatk-bridge-2.0.so.0.0.0
71970bed3000-71970bee0000 r--p 00000000 08:02 3948251                    /usr/lib/x86_64-linux-gnu/libharfbuzz.so.0.60811.0
71970bee0000-71970bfc7000 r-xp 0000d000 08:02 3948251                    /usr/lib/x86_64-linux-gnu/libharfbuzz.so.0.60811.0
71970bfc7000-71970bffe000 r--p 000f4000 08:02 3948251                    /usr/lib/x86_64-linux-gnu/libharfbuzz.so.0.60811.0
71970bffe000-71970bfff000 r--p 0012b000 08:02 3948251                    /usr/lib/x86_64-linux-gnu/libharfbuzz.so.0.60811.0
71970bfff000-71970c000000 rw-p 0012c000 08:02 3948251                    /usr/lib/x86_64-linux-gnu/libharfbuzz.so.0.60811.0
71970c000000-71970c08b000 rw-p 00000000 00:00 0 
71970c08b000-719710000000 ---p 00000000 00:00 0 
719710000000-719710001000 r--s 00000000 08:02 1086986                    /home/tars/.var/app/com.jetbrains.IntelliJ-IDEA-Community/cache/fontconfig/3f7329c5293ffd510edef78f73874cfd-le64.cache-9
719710001000-719710002000 r--s 00000000 08:02 1086980                    /home/tars/.var/app/com.jetbrains.IntelliJ-IDEA-Community/cache/fontconfig/0c9eb80ebd1c36541ebe2852d3bb0c49-le64.cache-9
719710002000-719710003000 r--p 00000000 08:02 3946757                    /usr/lib/x86_64-linux-gnu/libgthread-2.0.so.0.7600.6
719710003000-719710004000 r-xp 00001000 08:02 3946757                    /usr/lib/x86_64-linux-gnu/libgthread-2.0.so.0.7600.6
719710004000-719710005000 r--p 00002000 08:02 3946757                    /usr/lib/x86_64-linux-gnu/libgthread-2.0.so.0.7600.6
719710005000-719710006000 r--p 00002000 08:02 3946757                    /usr/lib/x86_64-linux-gnu/libgthread-2.0.so.0.7600.6
719710006000-719710007000 rw-p 00003000 08:02 3946757                    /usr/lib/x86_64-linux-gnu/libgthread-2.0.so.0.7600.6
719710007000-719710008000 r--p 00000000 08:02 4727989                    /usr/lib/x86_64-linux-gnu/libXinerama.so.1.0.0
719710008000-719710009000 r-xp 00001000 08:02 4727989                    /usr/lib/x86_64-linux-gnu/libXinerama.so.1.0.0
719710009000-71971000a000 r--p 00002000 08:02 4727989                    /usr/lib/x86_64-linux-gnu/libXinerama.so.1.0.0
71971000a000-71971000b000 r--p 00002000 08:02 4727989                    /usr/lib/x86_64-linux-gnu/libXinerama.so.1.0.0
71971000b000-71971000c000 rw-p 00003000 08:02 4727989                    /usr/lib/x86_64-linux-gnu/libXinerama.so.1.0.0
71971000c000-71971000e000 r--p 00000000 08:02 4727977                    /usr/lib/x86_64-linux-gnu/libXrandr.so.2.2.0
71971000e000-719710015000 r-xp 00002000 08:02 4727977                    /usr/lib/x86_64-linux-gnu/libXrandr.so.2.2.0
719710015000-719710017000 r--p 00009000 08:02 4727977                    /usr/lib/x86_64-linux-gnu/libXrandr.so.2.2.0
719710017000-719710018000 r--p 0000a000 08:02 4727977                    /usr/lib/x86_64-linux-gnu/libXrandr.so.2.2.0
719710018000-719710019000 rw-p 0000b000 08:02 4727977                    /usr/lib/x86_64-linux-gnu/libXrandr.so.2.2.0
719710019000-71971001a000 r--p 00000000 08:02 4727804                    /usr/lib/x86_64-linux-gnu/libXcomposite.so.1.0.0
71971001a000-71971001b000 r-xp 00001000 08:02 4727804                    /usr/lib/x86_64-linux-gnu/libXcomposite.so.1.0.0
71971001b000-71971001c000 r--p 00002000 08:02 4727804                    /usr/lib/x86_64-linux-gnu/libXcomposite.so.1.0.0
71971001c000-71971001d000 r--p 00002000 08:02 4727804                    /usr/lib/x86_64-linux-gnu/libXcomposite.so.1.0.0
71971001d000-71971001e000 rw-p 00003000 08:02 4727804                    /usr/lib/x86_64-linux-gnu/libXcomposite.so.1.0.0
71971001e000-719710021000 r--p 00000000 08:02 4728183                    /usr/lib/x86_64-linux-gnu/libXcursor.so.1.0.2
719710021000-719710027000 r-xp 00003000 08:02 4728183                    /usr/lib/x86_64-linux-gnu/libXcursor.so.1.0.2
719710027000-719710029000 r--p 00009000 08:02 4728183                    /usr/lib/x86_64-linux-gnu/libXcursor.so.1.0.2
719710029000-71971002a000 r--p 0000a000 08:02 4728183                    /usr/lib/x86_64-linux-gnu/libXcursor.so.1.0.2
71971002a000-71971002b000 rw-p 0000b000 08:02 4728183                    /usr/lib/x86_64-linux-gnu/libXcursor.so.1.0.2
71971002b000-719710031000 r--p 00000000 08:02 3948748                    /usr/lib/x86_64-linux-gnu/libwayland-client.so.0.22.0
719710031000-719710037000 r-xp 00006000 08:02 3948748                    /usr/lib/x86_64-linux-gnu/libwayland-client.so.0.22.0
719710037000-719710039000 r--p 0000c000 08:02 3948748                    /usr/lib/x86_64-linux-gnu/libwayland-client.so.0.22.0
719710039000-71971003b000 r--p 0000e000 08:02 3948748                    /usr/lib/x86_64-linux-gnu/libwayland-client.so.0.22.0
71971003b000-71971003c000 rw-p 00010000 08:02 3948748                    /usr/lib/x86_64-linux-gnu/libwayland-client.so.0.22.0
71971003c000-71971003f000 r--p 00000000 08:02 4728007                    /usr/lib/x86_64-linux-gnu/libXi.so.6.1.0
71971003f000-71971004b000 r-xp 00003000 08:02 4728007                    /usr/lib/x86_64-linux-gnu/libXi.so.6.1.0
71971004b000-71971004d000 r--p 0000f000 08:02 4728007                    /usr/lib/x86_64-linux-gnu/libXi.so.6.1.0
71971004d000-71971004e000 r--p 00011000 08:02 4728007                    /usr/lib/x86_64-linux-gnu/libXi.so.6.1.0
71971004e000-71971004f000 rw-p 00012000 08:02 4728007                    /usr/lib/x86_64-linux-gnu/libXi.so.6.1.0
71971004f000-71971005a000 r--p 00000000 08:02 3954654                    /usr/lib/x86_64-linux-gnu/libatk-1.0.so.0.24812.1
71971005a000-719710069000 r-xp 0000b000 08:02 3954654                    /usr/lib/x86_64-linux-gnu/libatk-1.0.so.0.24812.1
719710069000-719710074000 r--p 0001a000 08:02 3954654                    /usr/lib/x86_64-linux-gnu/libatk-1.0.so.0.24812.1
719710074000-719710077000 r--p 00024000 08:02 3954654                    /usr/lib/x86_64-linux-gnu/libatk-1.0.so.0.24812.1
719710077000-719710078000 rw-p 00027000 08:02 3954654                    /usr/lib/x86_64-linux-gnu/libatk-1.0.so.0.24812.1
719710078000-719710080000 r--p 00000000 08:02 4726233                    /usr/lib/x86_64-linux-gnu/libgdk_pixbuf-2.0.so.0.4200.11
719710080000-71971009b000 r-xp 00008000 08:02 4726233                    /usr/lib/x86_64-linux-gnu/libgdk_pixbuf-2.0.so.0.4200.11
71971009b000-7197100a4000 r--p 00023000 08:02 4726233                    /usr/lib/x86_64-linux-gnu/libgdk_pixbuf-2.0.so.0.4200.11
7197100a4000-7197100a5000 r--p 0002c000 08:02 4726233                    /usr/lib/x86_64-linux-gnu/libgdk_pixbuf-2.0.so.0.4200.11
7197100a5000-7197100a6000 rw-p 0002d000 08:02 4726233                    /usr/lib/x86_64-linux-gnu/libgdk_pixbuf-2.0.so.0.4200.11
7197100a6000-7197100ae000 r--p 00000000 08:02 3950349                    /usr/lib/x86_64-linux-gnu/libfontconfig.so.1.12.1
7197100ae000-7197100d9000 r-xp 00008000 08:02 3950349                    /usr/lib/x86_64-linux-gnu/libfontconfig.so.1.12.1
7197100d9000-7197100f1000 r--p 00033000 08:02 3950349                    /usr/lib/x86_64-linux-gnu/libfontconfig.so.1.12.1
7197100f1000-7197100f3000 r--p 0004a000 08:02 3950349                    /usr/lib/x86_64-linux-gnu/libfontconfig.so.1.12.1
7197100f3000-7197100f4000 rw-p 0004c000 08:02 3950349                    /usr/lib/x86_64-linux-gnu/libfontconfig.so.1.12.1
7197100f4000-719710107000 r--p 00000000 08:02 4728478                    /usr/lib/x86_64-linux-gnu/libpango-1.0.so.0.5102.0
719710107000-719710140000 r-xp 00013000 08:02 4728478                    /usr/lib/x86_64-linux-gnu/libpango-1.0.so.0.5102.0
719710140000-71971015a000 r--p 0004c000 08:02 4728478                    /usr/lib/x86_64-linux-gnu/libpango-1.0.so.0.5102.0
71971015a000-71971015e000 r--p 00065000 08:02 4728478                    /usr/lib/x86_64-linux-gnu/libpango-1.0.so.0.5102.0
71971015e000-71971015f000 rw-p 00069000 08:02 4728478                    /usr/lib/x86_64-linux-gnu/libpango-1.0.so.0.5102.0
71971015f000-71971016f000 r--p 00000000 08:02 3954735                    /usr/lib/x86_64-linux-gnu/libgobject-2.0.so.0.7600.6
71971016f000-7197101a6000 r-xp 00010000 08:02 3954735                    /usr/lib/x86_64-linux-gnu/libgobject-2.0.so.0.7600.6
7197101a6000-7197101be000 r--p 00047000 08:02 3954735                    /usr/lib/x86_64-linux-gnu/libgobject-2.0.so.0.7600.6
7197101be000-7197101c1000 r--p 0005f000 08:02 3954735                    /usr/lib/x86_64-linux-gnu/libgobject-2.0.so.0.7600.6
7197101c1000-7197101c2000 rw-p 00062000 08:02 3954735                    /usr/lib/x86_64-linux-gnu/libgobject-2.0.so.0.7600.6
7197101c2000-7197101e4000 r--p 00000000 08:02 3944637                    /usr/lib/x86_64-linux-gnu/libglib-2.0.so.0.7600.6
7197101e4000-719710281000 r-xp 00022000 08:02 3944637                    /usr/lib/x86_64-linux-gnu/libglib-2.0.so.0.7600.6
719710281000-719710308000 r--p 000bf000 08:02 3944637                    /usr/lib/x86_64-linux-gnu/libglib-2.0.so.0.7600.6
719710308000-719710309000 r--p 00146000 08:02 3944637                    /usr/lib/x86_64-linux-gnu/libglib-2.0.so.0.7600.6
719710309000-71971030a000 rw-p 00147000 08:02 3944637                    /usr/lib/x86_64-linux-gnu/libglib-2.0.so.0.7600.6
71971030a000-71971030b000 rw-p 00000000 00:00 0 
71971030b000-719710337000 r--p 00000000 08:02 4726295                    /usr/lib/x86_64-linux-gnu/libgdk-3.so.0.2409.32
719710337000-7197103b4000 r-xp 0002c000 08:02 4726295                    /usr/lib/x86_64-linux-gnu/libgdk-3.so.0.2409.32
7197103b4000-7197103f2000 r--p 000a9000 08:02 4726295                    /usr/lib/x86_64-linux-gnu/libgdk-3.so.0.2409.32
7197103f2000-7197103fb000 r--p 000e6000 08:02 4726295                    /usr/lib/x86_64-linux-gnu/libgdk-3.so.0.2409.32
7197103fb000-7197103fd000 rw-p 000ef000 08:02 4726295                    /usr/lib/x86_64-linux-gnu/libgdk-3.so.0.2409.32
7197103fd000-7197105fd000 rw-s 104477000 00:05 394                       /dev/dri/renderD128
7197105fd000-7197105fe000 ---p 00000000 00:00 0 
7197105fe000-719710dfe000 rw-p 00000000 00:00 0 
719710dfe000-719710dff000 ---p 00000000 00:00 0 
719710dff000-7197115ff000 rw-p 00000000 00:00 0 
7197115ff000-719711600000 ---p 00000000 00:00 0 
719711600000-719711e00000 rw-p 00000000 00:00 0 
719711e00000-719711e95000 r--p 00000000 08:02 4238431                    /usr/lib/x86_64-linux-gnu/GL/default/lib/dri/libgallium_dri.so
719711e95000-71971321c000 r-xp 00095000 08:02 4238431                    /usr/lib/x86_64-linux-gnu/GL/default/lib/dri/libgallium_dri.so
71971321c000-719713cb6000 r--p 0141c000 08:02 4238431                    /usr/lib/x86_64-linux-gnu/GL/default/lib/dri/libgallium_dri.so
719713cb6000-719713d46000 r--p 01eb6000 08:02 4238431                    /usr/lib/x86_64-linux-gnu/GL/default/lib/dri/libgallium_dri.so
719713d46000-719713d80000 rw-p 01f46000 08:02 4238431                    /usr/lib/x86_64-linux-gnu/GL/default/lib/dri/libgallium_dri.so
719713d80000-719713f45000 rw-p 00000000 00:00 0 
719713f45000-719713f49000 r--s 00000000 08:02 1086970                    /home/tars/.var/app/com.jetbrains.IntelliJ-IDEA-Community/cache/fontconfig/b2d60264172c9fafc2f82e9237d8d959-le64.cache-9
719713f49000-719713f4b000 r--p 00000000 08:02 3946342                    /usr/lib/x86_64-linux-gnu/libwayland-cursor.so.0.22.0
719713f4b000-719713f4d000 r-xp 00002000 08:02 3946342                    /usr/lib/x86_64-linux-gnu/libwayland-cursor.so.0.22.0
719713f4d000-719713f4e000 r--p 00004000 08:02 3946342                    /usr/lib/x86_64-linux-gnu/libwayland-cursor.so.0.22.0
719713f4e000-719713f4f000 r--p 00004000 08:02 3946342                    /usr/lib/x86_64-linux-gnu/libwayland-cursor.so.0.22.0
719713f4f000-719713f53000 rw-p 00005000 08:02 3946342                    /usr/lib/x86_64-linux-gnu/libwayland-cursor.so.0.22.0
719713f53000-719713f57000 r--p 00000000 08:02 4728549                    /usr/lib/x86_64-linux-gnu/libcairo-gobject.so.2.11800.0
719713f57000-719713f59000 r-xp 00004000 08:02 4728549                    /usr/lib/x86_64-linux-gnu/libcairo-gobject.so.2.11800.0
719713f59000-719713f5c000 r--p 00006000 08:02 4728549                    /usr/lib/x86_64-linux-gnu/libcairo-gobject.so.2.11800.0
719713f5c000-719713f5e000 r--p 00008000 08:02 4728549                    /usr/lib/x86_64-linux-gnu/libcairo-gobject.so.2.11800.0
719713f5e000-719713f5f000 rw-p 0000a000 08:02 4728549                    /usr/lib/x86_64-linux-gnu/libcairo-gobject.so.2.11800.0
719713f5f000-719713f61000 r--p 00000000 08:02 4726248                    /usr/lib/x86_64-linux-gnu/libfribidi.so.0.4.0
719713f61000-719713f66000 r-xp 00002000 08:02 4726248                    /usr/lib/x86_64-linux-gnu/libfribidi.so.0.4.0
719713f66000-719713f7d000 r--p 00007000 08:02 4726248                    /usr/lib/x86_64-linux-gnu/libfribidi.so.0.4.0
719713f7d000-719713f7e000 r--p 0001d000 08:02 4726248                    /usr/lib/x86_64-linux-gnu/libfribidi.so.0.4.0
719713f7e000-719713f7f000 rw-p 0001e000 08:02 4726248                    /usr/lib/x86_64-linux-gnu/libfribidi.so.0.4.0
719713f7f000-719714072000 rw-p 00000000 00:00 0 
719714072000-719718000000 ---p 00000000 00:00 0 
719718000000-719718c44000 rw-p 00000000 00:00 0 
719718c44000-71971c000000 ---p 00000000 00:00 0 
71971c000000-71971c021000 rw-p 00000000 00:00 0 
71971c021000-719720000000 ---p 00000000 00:00 0 
719720000000-71972005f000 rw-p 00000000 00:00 0 
71972005f000-719724000000 ---p 00000000 00:00 0 
719724000000-719724028000 rw-p 00000000 00:00 0 
719724028000-719728000000 ---p 00000000 00:00 0 
719728000000-719728021000 rw-p 00000000 00:00 0 
719728021000-71972c000000 ---p 00000000 00:00 0 
71972c000000-71972c021000 rw-p 00000000 00:00 0 
71972c021000-719730000000 ---p 00000000 00:00 0 
719730000000-7197301ec000 rw-p 00000000 00:00 0 
7197301ec000-719734000000 ---p 00000000 00:00 0 
719734000000-719734b6c000 rw-p 00000000 00:00 0 
719734b6c000-719738000000 ---p 00000000 00:00 0 
719738000000-7197385d3000 rw-p 00000000 00:00 0 
7197385d3000-71973c000000 ---p 00000000 00:00 0 
71973c000000-71973c021000 rw-p 00000000 00:00 0 
71973c021000-719740000000 ---p 00000000 00:00 0 
719740000000-719740021000 rw-p 00000000 00:00 0 
719740021000-719744000000 ---p 00000000 00:00 0 
719744000000-719744021000 rw-p 00000000 00:00 0 
719744021000-719748000000 ---p 00000000 00:00 0 
719748000000-719748021000 rw-p 00000000 00:00 0 
719748021000-71974c000000 ---p 00000000 00:00 0 
71974c000000-71974c021000 rw-p 00000000 00:00 0 
71974c021000-719750000000 ---p 00000000 00:00 0 
719750000000-719750021000 rw-p 00000000 00:00 0 
719750021000-719754000000 ---p 00000000 00:00 0 
719754000000-7197543f0000 rw-p 00000000 00:00 0 
7197543f0000-719754970000 rw-p 00000000 00:00 0 
719754970000-7197549f0000 rw-p 00000000 00:00 0 
7197549f0000-719754cf0000 rw-p 00000000 00:00 0 
719754cf0000-719754df0000 rw-p 00000000 00:00 0 
719754df0000-7197551b0000 rw-p 00000000 00:00 0 
7197551b0000-7197552f0000 rw-p 00000000 00:00 0 
7197552f0000-719755310000 rw-p 00000000 00:00 0 
719755310000-719755380000 ---p 00000000 00:00 0 
719755380000-7197553e0000 rw-p 00000000 00:00 0 
7197553e0000-719758000000 ---p 00000000 00:00 0 
719758000000-719758021000 rw-p 00000000 00:00 0 
719758021000-71975c000000 ---p 00000000 00:00 0 
71975c000000-71975c001000 r--s 00000000 08:02 1086979                    /home/tars/.var/app/com.jetbrains.IntelliJ-IDEA-Community/cache/fontconfig/22368d551a680bfe5a62c02760edf4ea-le64.cache-9
71975c001000-71975c002000 r--s 00000000 08:02 1086978                    /home/tars/.var/app/com.jetbrains.IntelliJ-IDEA-Community/cache/fontconfig/4d9c95eba1cb85bbcf2878543262124a-le64.cache-9
71975c002000-71975c003000 r--s 00000000 08:02 1086977                    /home/tars/.var/app/com.jetbrains.IntelliJ-IDEA-Community/cache/fontconfig/85e0a52ce643a7ba2ae53e5d6949cead-le64.cache-9
71975c003000-71975c00b000 r--p 00000000 08:02 4728476                    /usr/lib/x86_64-linux-gnu/libpangoft2-1.0.so.0.5102.0
71975c00b000-71975c018000 r-xp 00008000 08:02 4728476                    /usr/lib/x86_64-linux-gnu/libpangoft2-1.0.so.0.5102.0
71975c018000-71975c01c000 r--p 00015000 08:02 4728476                    /usr/lib/x86_64-linux-gnu/libpangoft2-1.0.so.0.5102.0
71975c01c000-71975c01d000 r--p 00019000 08:02 4728476                    /usr/lib/x86_64-linux-gnu/libpangoft2-1.0.so.0.5102.0
71975c01d000-71975c01e000 rw-p 0001a000 08:02 4728476                    /usr/lib/x86_64-linux-gnu/libpangoft2-1.0.so.0.5102.0
71975c01e000-71975c023000 r--p 00000000 08:02 4728553                    /usr/lib/x86_64-linux-gnu/libpangocairo-1.0.so.0.5102.0
71975c023000-71975c02b000 r-xp 00005000 08:02 4728553                    /usr/lib/x86_64-linux-gnu/libpangocairo-1.0.so.0.5102.0
71975c02b000-71975c02d000 r--p 0000d000 08:02 4728553                    /usr/lib/x86_64-linux-gnu/libpangocairo-1.0.so.0.5102.0
71975c02d000-71975c02e000 r--p 0000f000 08:02 4728553                    /usr/lib/x86_64-linux-gnu/libpangocairo-1.0.so.0.5102.0
71975c02e000-71975c02f000 rw-p 00010000 08:02 4728553                    /usr/lib/x86_64-linux-gnu/libpangocairo-1.0.so.0.5102.0
71975c02f000-71975c033000 r--s 00000000 08:02 1086969                    /home/tars/.var/app/com.jetbrains.IntelliJ-IDEA-Community/cache/fontconfig/6afa1bb216ce958c1589e297e8008489-le64.cache-9
71975c033000-71975c03d000 r--p 00000000 08:02 4728028                    /usr/share/glib-2.0/schemas/gschemas.compiled
71975c03d000-71975c23d000 rw-s 11486e000 00:05 394                       /dev/dri/renderD128
71975c23d000-71975c2be000 rw-p 00000000 00:00 0 
71975c2be000-71975c4be000 rw-s 100a65000 00:05 394                       /dev/dri/renderD128
71975c4be000-71975c6be000 rw-s 1122f4000 00:05 394                       /dev/dri/renderD128
71975c6be000-71975c7ff000 rw-s 00000000 08:02 3550932                    /home/tars/.var/app/com.jetbrains.IntelliJ-IDEA-Community/cache/mesa_shader_cache/index
71975c7ff000-71975c800000 ---p 00000000 00:00 0 
71975c800000-71975d000000 rw-p 00000000 00:00 0 
71975d000000-71975d0a4000 r--p 00000000 08:02 3949282                    /usr/lib/x86_64-linux-gnu/libstdc++.so.6.0.32
71975d0a4000-71975d1e5000 r-xp 000a4000 08:02 3949282                    /usr/lib/x86_64-linux-gnu/libstdc++.so.6.0.32
71975d1e5000-71975d274000 r--p 001e5000 08:02 3949282                    /usr/lib/x86_64-linux-gnu/libstdc++.so.6.0.32
71975d274000-71975d27f000 r--p 00274000 08:02 3949282                    /usr/lib/x86_64-linux-gnu/libstdc++.so.6.0.32
71975d27f000-71975d282000 rw-p 0027f000 08:02 3949282                    /usr/lib/x86_64-linux-gnu/libstdc++.so.6.0.32
71975d282000-71975d286000 rw-p 00000000 00:00 0 
71975d286000-71975d287000 r--p 00000000 08:02 4728754                    /usr/lib/x86_64-linux-gnu/libXdamage.so.1.1.0
71975d287000-71975d288000 r-xp 00001000 08:02 4728754                    /usr/lib/x86_64-linux-gnu/libXdamage.so.1.1.0
71975d288000-71975d289000 r--p 00002000 08:02 4728754                    /usr/lib/x86_64-linux-gnu/libXdamage.so.1.1.0
71975d289000-71975d28a000 r--p 00002000 08:02 4728754                    /usr/lib/x86_64-linux-gnu/libXdamage.so.1.1.0
71975d28a000-71975d28b000 rw-p 00003000 08:02 4728754                    /usr/lib/x86_64-linux-gnu/libXdamage.so.1.1.0
71975d28b000-71975d3b7000 rw-p 00000000 00:00 0 
71975d3b7000-71975d3ba000 r--p 00000000 08:02 3947437                    /usr/lib/x86_64-linux-gnu/libpciaccess.so.0.11.1
71975d3ba000-71975d3bf000 r-xp 00003000 08:02 3947437                    /usr/lib/x86_64-linux-gnu/libpciaccess.so.0.11.1
71975d3bf000-71975d3c1000 r--p 00008000 08:02 3947437                    /usr/lib/x86_64-linux-gnu/libpciaccess.so.0.11.1
71975d3c1000-71975d3c2000 r--p 00009000 08:02 3947437                    /usr/lib/x86_64-linux-gnu/libpciaccess.so.0.11.1
71975d3c2000-71975d3c3000 rw-p 0000a000 08:02 3947437                    /usr/lib/x86_64-linux-gnu/libpciaccess.so.0.11.1
71975d3c3000-71975d3d3000 r--p 00000000 08:02 3942017                    /usr/lib/x86_64-linux-gnu/libtinfo.so.6.4
71975d3d3000-71975d3f0000 r-xp 00010000 08:02 3942017                    /usr/lib/x86_64-linux-gnu/libtinfo.so.6.4
71975d3f0000-71975d400000 r--p 0002d000 08:02 3942017                    /usr/lib/x86_64-linux-gnu/libtinfo.so.6.4
71975d400000-71975d404000 r--p 0003c000 08:02 3942017                    /usr/lib/x86_64-linux-gnu/libtinfo.so.6.4
71975d404000-71975d405000 rw-p 00040000 08:02 3942017                    /usr/lib/x86_64-linux-gnu/libtinfo.so.6.4
71975d405000-71975d407000 r--p 00000000 08:02 3951689                    /usr/lib/x86_64-linux-gnu/libffi.so.8.1.4
71975d407000-71975d411000 r-xp 00002000 08:02 3951689                    /usr/lib/x86_64-linux-gnu/libffi.so.8.1.4
71975d411000-71975d413000 r--p 0000c000 08:02 3951689                    /usr/lib/x86_64-linux-gnu/libffi.so.8.1.4
71975d413000-71975d414000 r--p 0000d000 08:02 3951689                    /usr/lib/x86_64-linux-gnu/libffi.so.8.1.4
71975d414000-71975d415000 rw-p 0000e000 08:02 3951689                    /usr/lib/x86_64-linux-gnu/libffi.so.8.1.4
71975d415000-71975d419000 r--p 00000000 08:02 3950042                    /usr/lib/x86_64-linux-gnu/libgcc_s.so.1
71975d419000-71975d434000 r-xp 00004000 08:02 3950042                    /usr/lib/x86_64-linux-gnu/libgcc_s.so.1
71975d434000-71975d438000 r--p 0001f000 08:02 3950042                    /usr/lib/x86_64-linux-gnu/libgcc_s.so.1
71975d438000-71975d439000 r--p 00022000 08:02 3950042                    /usr/lib/x86_64-linux-gnu/libgcc_s.so.1
71975d439000-71975d43a000 rw-p 00023000 08:02 3950042                    /usr/lib/x86_64-linux-gnu/libgcc_s.so.1
71975d43a000-71975d43e000 r--p 00000000 08:02 3951783                    /usr/lib/x86_64-linux-gnu/GL/default/lib/libdrm_intel.so.1.0.0
71975d43e000-71975d454000 r-xp 00004000 08:02 3951783                    /usr/lib/x86_64-linux-gnu/GL/default/lib/libdrm_intel.so.1.0.0
71975d454000-71975d45d000 r--p 0001a000 08:02 3951783                    /usr/lib/x86_64-linux-gnu/GL/default/lib/libdrm_intel.so.1.0.0
71975d45d000-71975d45e000 r--p 00023000 08:02 3951783                    /usr/lib/x86_64-linux-gnu/GL/default/lib/libdrm_intel.so.1.0.0
71975d45e000-71975d45f000 rw-p 00024000 08:02 3951783                    /usr/lib/x86_64-linux-gnu/GL/default/lib/libdrm_intel.so.1.0.0
71975d45f000-71975d462000 r--p 00000000 08:02 3949630                    /usr/lib/x86_64-linux-gnu/GL/default/lib/libdrm_amdgpu.so.1.0.0
71975d462000-71975d468000 r-xp 00003000 08:02 3949630                    /usr/lib/x86_64-linux-gnu/GL/default/lib/libdrm_amdgpu.so.1.0.0
71975d468000-71975d46a000 r--p 00009000 08:02 3949630                    /usr/lib/x86_64-linux-gnu/GL/default/lib/libdrm_amdgpu.so.1.0.0
71975d46a000-71975d46b000 r--p 0000a000 08:02 3949630                    /usr/lib/x86_64-linux-gnu/GL/default/lib/libdrm_amdgpu.so.1.0.0
71975d46b000-71975d46c000 rw-p 0000b000 08:02 3949630                    /usr/lib/x86_64-linux-gnu/GL/default/lib/libdrm_amdgpu.so.1.0.0
71975d46c000-71975d470000 r--p 00000000 08:02 3952039                    /usr/lib/x86_64-linux-gnu/libelf-0.189.so
71975d470000-71975d482000 r-xp 00004000 08:02 3952039                    /usr/lib/x86_64-linux-gnu/libelf-0.189.so
71975d482000-71975d486000 r--p 00016000 08:02 3952039                    /usr/lib/x86_64-linux-gnu/libelf-0.189.so
71975d486000-71975d487000 r--p 0001a000 08:02 3952039                    /usr/lib/x86_64-linux-gnu/libelf-0.189.so
71975d487000-71975d488000 rw-p 0001b000 08:02 3952039                    /usr/lib/x86_64-linux-gnu/libelf-0.189.so
71975d488000-71975d48a000 r--p 00000000 08:02 3952481                    /usr/lib/x86_64-linux-gnu/GL/default/lib/libdrm_radeon.so.1.0.1
71975d48a000-71975d490000 r-xp 00002000 08:02 3952481                    /usr/lib/x86_64-linux-gnu/GL/default/lib/libdrm_radeon.so.1.0.1
71975d490000-71975d494000 r--p 00008000 08:02 3952481                    /usr/lib/x86_64-linux-gnu/GL/default/lib/libdrm_radeon.so.1.0.1
71975d494000-71975d495000 r--p 0000b000 08:02 3952481                    /usr/lib/x86_64-linux-gnu/GL/default/lib/libdrm_radeon.so.1.0.1
71975d495000-71975d496000 rw-p 0000c000 08:02 3952481                    /usr/lib/x86_64-linux-gnu/GL/default/lib/libdrm_radeon.so.1.0.1
71975d496000-71975d498000 r--p 00000000 08:02 3943522                    /usr/lib/x86_64-linux-gnu/GL/default/lib/libdrm_nouveau.so.2.0.0
71975d498000-71975d49d000 r-xp 00002000 08:02 3943522                    /usr/lib/x86_64-linux-gnu/GL/default/lib/libdrm_nouveau.so.2.0.0
71975d49d000-71975d49e000 r--p 00007000 08:02 3943522                    /usr/lib/x86_64-linux-gnu/GL/default/lib/libdrm_nouveau.so.2.0.0
71975d49e000-71975d49f000 r--p 00008000 08:02 3943522                    /usr/lib/x86_64-linux-gnu/GL/default/lib/libdrm_nouveau.so.2.0.0
71975d49f000-71975d4a0000 rw-p 00009000 08:02 3943522                    /usr/lib/x86_64-linux-gnu/GL/default/lib/libdrm_nouveau.so.2.0.0
71975d4a0000-71975d4a5000 r--p 00000000 08:02 3941857                    /usr/lib/x86_64-linux-gnu/libzstd.so.1.5.5
71975d4a5000-71975d550000 r-xp 00005000 08:02 3941857                    /usr/lib/x86_64-linux-gnu/libzstd.so.1.5.5
71975d550000-71975d560000 r--p 000b0000 08:02 3941857                    /usr/lib/x86_64-linux-gnu/libzstd.so.1.5.5
71975d560000-71975d561000 r--p 000c0000 08:02 3941857                    /usr/lib/x86_64-linux-gnu/libzstd.so.1.5.5
71975d561000-71975d562000 rw-p 000c1000 08:02 3941857                    /usr/lib/x86_64-linux-gnu/libzstd.so.1.5.5
71975d562000-71975d584000 r--p 00000000 08:02 3971333                    /usr/share/runtime/locale/es/share/es/LC_MESSAGES/libc.mo
71975d584000-71975d588000 r--p 00000000 08:02 3950667                    /usr/lib/x86_64-linux-gnu/libxcb-xfixes.so.0.0.0
71975d588000-71975d58b000 r-xp 00004000 08:02 3950667                    /usr/lib/x86_64-linux-gnu/libxcb-xfixes.so.0.0.0
71975d58b000-71975d58d000 r--p 00007000 08:02 3950667                    /usr/lib/x86_64-linux-gnu/libxcb-xfixes.so.0.0.0
71975d58d000-71975d58e000 r--p 00008000 08:02 3950667                    /usr/lib/x86_64-linux-gnu/libxcb-xfixes.so.0.0.0
71975d58e000-71975d58f000 rw-p 00009000 08:02 3950667                    /usr/lib/x86_64-linux-gnu/libxcb-xfixes.so.0.0.0
71975d58f000-71975d592000 r--p 00000000 08:02 3950027                    /usr/lib/x86_64-linux-gnu/libxcb-sync.so.1.0.0
71975d592000-71975d595000 r-xp 00003000 08:02 3950027                    /usr/lib/x86_64-linux-gnu/libxcb-sync.so.1.0.0
71975d595000-71975d596000 r--p 00006000 08:02 3950027                    /usr/lib/x86_64-linux-gnu/libxcb-sync.so.1.0.0
71975d596000-71975d597000 r--p 00007000 08:02 3950027                    /usr/lib/x86_64-linux-gnu/libxcb-sync.so.1.0.0
71975d597000-71975d598000 rw-p 00008000 08:02 3950027                    /usr/lib/x86_64-linux-gnu/libxcb-sync.so.1.0.0
71975d598000-71975d599000 r--p 00000000 08:02 3949311                    /usr/lib/x86_64-linux-gnu/libxcb-present.so.0.0.0
71975d599000-71975d59a000 r-xp 00001000 08:02 3949311                    /usr/lib/x86_64-linux-gnu/libxcb-present.so.0.0.0
71975d59a000-71975d59b000 r--p 00002000 08:02 3949311                    /usr/lib/x86_64-linux-gnu/libxcb-present.so.0.0.0
71975d59b000-71975d59c000 r--p 00002000 08:02 3949311                    /usr/lib/x86_64-linux-gnu/libxcb-present.so.0.0.0
71975d59c000-71975d59d000 rw-p 00003000 08:02 3949311                    /usr/lib/x86_64-linux-gnu/libxcb-present.so.0.0.0
71975d59d000-71975d59f000 r--p 00000000 08:02 3942665                    /usr/lib/x86_64-linux-gnu/libxcb-dri3.so.0.1.0
71975d59f000-71975d5a1000 r-xp 00002000 08:02 3942665                    /usr/lib/x86_64-linux-gnu/libxcb-dri3.so.0.1.0
71975d5a1000-71975d5a2000 r--p 00004000 08:02 3942665                    /usr/lib/x86_64-linux-gnu/libxcb-dri3.so.0.1.0
71975d5a2000-71975d5a3000 r--p 00004000 08:02 3942665                    /usr/lib/x86_64-linux-gnu/libxcb-dri3.so.0.1.0
71975d5a3000-71975d5a4000 rw-p 00005000 08:02 3942665                    /usr/lib/x86_64-linux-gnu/libxcb-dri3.so.0.1.0
71975d5a4000-71975d5ac000 r--p 00000000 08:02 3952947                    /usr/lib/x86_64-linux-gnu/libxcb-randr.so.0.1.0
71975d5ac000-71975d5b2000 r-xp 00008000 08:02 3952947                    /usr/lib/x86_64-linux-gnu/libxcb-randr.so.0.1.0
71975d5b2000-71975d5b5000 r--p 0000e000 08:02 3952947                    /usr/lib/x86_64-linux-gnu/libxcb-randr.so.0.1.0
71975d5b5000-71975d5b6000 r--p 00011000 08:02 3952947                    /usr/lib/x86_64-linux-gnu/libxcb-randr.so.0.1.0
71975d5b6000-71975d5b7000 rw-p 00012000 08:02 3952947                    /usr/lib/x86_64-linux-gnu/libxcb-randr.so.0.1.0
71975d5b7000-71975d5b8000 r--p 00000000 08:02 3945855                    /usr/lib/x86_64-linux-gnu/libxshmfence.so.1.0.0
71975d5b8000-71975d5b9000 r-xp 00001000 08:02 3945855                    /usr/lib/x86_64-linux-gnu/libxshmfence.so.1.0.0
71975d5b9000-71975d5ba000 r--p 00002000 08:02 3945855                    /usr/lib/x86_64-linux-gnu/libxshmfence.so.1.0.0
71975d5ba000-71975d5bb000 r--p 00002000 08:02 3945855                    /usr/lib/x86_64-linux-gnu/libxshmfence.so.1.0.0
71975d5bb000-71975d5bc000 rw-p 00003000 08:02 3945855                    /usr/lib/x86_64-linux-gnu/libxshmfence.so.1.0.0
71975d5bc000-71975d5c0000 r--p 00000000 08:02 3953310                    /usr/lib/x86_64-linux-gnu/libexpat.so.1.8.10
71975d5c0000-71975d5dc000 r-xp 00004000 08:02 3953310                    /usr/lib/x86_64-linux-gnu/libexpat.so.1.8.10
71975d5dc000-71975d5e4000 r--p 00020000 08:02 3953310                    /usr/lib/x86_64-linux-gnu/libexpat.so.1.8.10
71975d5e4000-71975d5e6000 r--p 00028000 08:02 3953310                    /usr/lib/x86_64-linux-gnu/libexpat.so.1.8.10
71975d5e6000-71975d5e7000 rw-p 0002a000 08:02 3953310                    /usr/lib/x86_64-linux-gnu/libexpat.so.1.8.10
71975d5e7000-71975d5e8000 r--p 00000000 08:02 3954158                    /usr/lib/x86_64-linux-gnu/libxcb-shm.so.0.0.0
71975d5e8000-71975d5e9000 r-xp 00001000 08:02 3954158                    /usr/lib/x86_64-linux-gnu/libxcb-shm.so.0.0.0
71975d5e9000-71975d5ea000 r--p 00002000 08:02 3954158                    /usr/lib/x86_64-linux-gnu/libxcb-shm.so.0.0.0
71975d5ea000-71975d5eb000 r--p 00002000 08:02 3954158                    /usr/lib/x86_64-linux-gnu/libxcb-shm.so.0.0.0
71975d5eb000-71975d5ec000 rw-p 00003000 08:02 3954158                    /usr/lib/x86_64-linux-gnu/libxcb-shm.so.0.0.0
71975d5ec000-71975d5f0000 r--p 00000000 08:02 4728626                    /usr/lib/x86_64-linux-gnu/libXext.so.6.4.0
71975d5f0000-71975d5fb000 r-xp 00004000 08:02 4728626                    /usr/lib/x86_64-linux-gnu/libXext.so.6.4.0
71975d5fb000-71975d5fe000 r--p 0000f000 08:02 4728626                    /usr/lib/x86_64-linux-gnu/libXext.so.6.4.0
71975d5fe000-71975d5ff000 r--p 00011000 08:02 4728626                    /usr/lib/x86_64-linux-gnu/libXext.so.6.4.0
71975d5ff000-71975d600000 rw-p 00012000 08:02 4728626                    /usr/lib/x86_64-linux-gnu/libXext.so.6.4.0
71975d600000-71975d641000 r--p 00000000 08:02 4728600                    /usr/lib/x86_64-linux-gnu/libGLdispatch.so.0.0.0
71975d641000-71975d680000 r-xp 00041000 08:02 4728600                    /usr/lib/x86_64-linux-gnu/libGLdispatch.so.0.0.0
71975d680000-71975d693000 r--p 00080000 08:02 4728600                    /usr/lib/x86_64-linux-gnu/libGLdispatch.so.0.0.0
71975d693000-71975d6af000 r--p 00093000 08:02 4728600                    /usr/lib/x86_64-linux-gnu/libGLdispatch.so.0.0.0
71975d6af000-71975d6b0000 rw-p 000af000 08:02 4728600                    /usr/lib/x86_64-linux-gnu/libGLdispatch.so.0.0.0
71975d6b0000-71975d6b8000 rw-p 00000000 00:00 0 
71975d6b8000-71975d6d6000 r--p 00000000 08:02 4728747                    /usr/lib/x86_64-linux-gnu/libX11.so.6.4.0
71975d6d6000-71975d76a000 r-xp 0001e000 08:02 4728747                    /usr/lib/x86_64-linux-gnu/libX11.so.6.4.0
71975d76a000-71975d7f9000 r--p 000b2000 08:02 4728747                    /usr/lib/x86_64-linux-gnu/libX11.so.6.4.0
71975d7f9000-71975d7fc000 r--p 00140000 08:02 4728747                    /usr/lib/x86_64-linux-gnu/libX11.so.6.4.0
71975d7fc000-71975d800000 rw-p 00143000 08:02 4728747                    /usr/lib/x86_64-linux-gnu/libX11.so.6.4.0
71975d800000-71975d80c000 r-xp 00000000 08:02 2657238                    /home/tars/.openjfx/cache/17.0.6/libprism_es2.so
71975d80c000-71975da0b000 ---p 0000c000 08:02 2657238                    /home/tars/.openjfx/cache/17.0.6/libprism_es2.so
71975da0b000-71975da0c000 r--p 0000b000 08:02 2657238                    /home/tars/.openjfx/cache/17.0.6/libprism_es2.so
71975da0c000-71975da0d000 rw-p 0000c000 08:02 2657238                    /home/tars/.openjfx/cache/17.0.6/libprism_es2.so
71975da0d000-71975da0e000 r--s 00000000 08:02 1086976                    /home/tars/.var/app/com.jetbrains.IntelliJ-IDEA-Community/cache/fontconfig/49f0de54bdd920fe4f0dfd4cbac43e6b-le64.cache-9
71975da0e000-71975da0f000 r--s 00000000 08:02 1086975                    /home/tars/.var/app/com.jetbrains.IntelliJ-IDEA-Community/cache/fontconfig/f6e6e0a5c3d2f6ae0c0c2e0ecd42a997-le64.cache-9
71975da0f000-71975da10000 r--s 00000000 08:02 1086974                    /home/tars/.var/app/com.jetbrains.IntelliJ-IDEA-Community/cache/fontconfig/4b2eda6bb976bda485cb2176619421d5-le64.cache-9
71975da10000-71975da1c000 r--p 00000000 08:02 3942176                    /usr/lib/x86_64-linux-gnu/libxcb-glx.so.0.0.0
71975da1c000-71975da25000 r-xp 0000c000 08:02 3942176                    /usr/lib/x86_64-linux-gnu/libxcb-glx.so.0.0.0
71975da25000-71975da2a000 r--p 00015000 08:02 3942176                    /usr/lib/x86_64-linux-gnu/libxcb-glx.so.0.0.0
71975da2a000-71975da2c000 r--p 0001a000 08:02 3942176                    /usr/lib/x86_64-linux-gnu/libxcb-glx.so.0.0.0
71975da2c000-71975da2d000 rw-p 0001c000 08:02 3942176                    /usr/lib/x86_64-linux-gnu/libxcb-glx.so.0.0.0
71975da2d000-71975da49000 r--p 00000000 08:02 4238409                    /usr/lib/x86_64-linux-gnu/GL/default/lib/libGLX_mesa.so.0.0.0
71975da49000-71975da89000 r-xp 0001c000 08:02 4238409                    /usr/lib/x86_64-linux-gnu/GL/default/lib/libGLX_mesa.so.0.0.0
71975da89000-71975da9c000 r--p 0005c000 08:02 4238409                    /usr/lib/x86_64-linux-gnu/GL/default/lib/libGLX_mesa.so.0.0.0
71975da9c000-71975da9f000 r--p 0006e000 08:02 4238409                    /usr/lib/x86_64-linux-gnu/GL/default/lib/libGLX_mesa.so.0.0.0
71975da9f000-71975daa0000 rw-p 00071000 08:02 4238409                    /usr/lib/x86_64-linux-gnu/GL/default/lib/libGLX_mesa.so.0.0.0
71975daa0000-71975dae9000 r--p 00000000 08:02 4728767                    /usr/lib/x86_64-linux-gnu/libGL.so.1.7.0
71975dae9000-71975db09000 r-xp 00049000 08:02 4728767                    /usr/lib/x86_64-linux-gnu/libGL.so.1.7.0
71975db09000-71975db1d000 r--p 00069000 08:02 4728767                    /usr/lib/x86_64-linux-gnu/libGL.so.1.7.0
71975db1d000-71975db2b000 r--p 0007d000 08:02 4728767                    /usr/lib/x86_64-linux-gnu/libGL.so.1.7.0
71975db2b000-71975db2c000 rw-p 0008b000 08:02 4728767                    /usr/lib/x86_64-linux-gnu/libGL.so.1.7.0
71975db2c000-71975db2d000 rw-p 00000000 00:00 0 
71975db2d000-71975db31000 ---p 00000000 00:00 0 
71975db31000-71975dc2d000 rw-p 00000000 00:00 0 
71975dc2d000-71975dc31000 ---p 00000000 00:00 0 
71975dc31000-71975dd2d000 rw-p 00000000 00:00 0 
71975dd2d000-71975dd2e000 ---p 00000000 00:00 0 
71975dd2e000-71975de2e000 rw-p 00000000 00:00 0 
71975de2e000-71975de2f000 ---p 00000000 00:00 0 
71975de2f000-71975df2f000 rw-p 00000000 00:00 0 
71975df2f000-71975df30000 ---p 00000000 00:00 0 
71975df30000-71975e030000 rw-p 00000000 00:00 0 
71975e030000-71975e034000 ---p 00000000 00:00 0 
71975e034000-71975e130000 rw-p 00000000 00:00 0 
71975e130000-71975e134000 ---p 00000000 00:00 0 
71975e134000-71975e230000 rw-p 00000000 00:00 0 
71975e230000-71975e234000 ---p 00000000 00:00 0 
71975e234000-71975e330000 rw-p 00000000 00:00 0 
71975e330000-71975e334000 ---p 00000000 00:00 0 
71975e334000-71975e430000 rw-p 00000000 00:00 0 
71975e430000-71975e4fe000 r-xp 00000000 08:02 1189990                    /home/tars/.jdks/openjdk-21.0.2/lib/libjsvml.so
71975e4fe000-71975e4ff000 r--p 000cd000 08:02 1189990                    /home/tars/.jdks/openjdk-21.0.2/lib/libjsvml.so
71975e4ff000-71975e500000 rw-p 000ce000 08:02 1189990                    /home/tars/.jdks/openjdk-21.0.2/lib/libjsvml.so
71975e500000-71975e504000 ---p 00000000 00:00 0 
71975e504000-71975e600000 rw-p 00000000 00:00 0 
71975e600000-71975e604000 ---p 00000000 00:00 0 
71975e604000-71975e700000 rw-p 00000000 00:00 0 
71975e700000-71975e704000 ---p 00000000 00:00 0 
71975e704000-71975e800000 rw-p 00000000 00:00 0 
71975e800000-71975e804000 ---p 00000000 00:00 0 
71975e804000-71975e900000 rw-p 00000000 00:00 0 
71975e900000-71975e904000 ---p 00000000 00:00 0 
71975e904000-71975ea00000 rw-p 00000000 00:00 0 
71975ea00000-71975ea04000 ---p 00000000 00:00 0 
71975ea04000-71975eb00000 rw-p 00000000 00:00 0 
71975eb00000-71975eb04000 ---p 00000000 00:00 0 
71975eb04000-71975ec00000 rw-p 00000000 00:00 0 
71975ec00000-71975ee78000 r--p 00000000 08:02 3971438                    /usr/share/runtime/locale/es/lib/es_CO.utf8/LC_COLLATE
71975ee78000-71975ee79000 r--s 00000000 08:02 1055632                    /home/tars/.var/app/com.jetbrains.IntelliJ-IDEA-Community/cache/fontconfig/c277e94e32b20404286a1ddafa5a80f0-le64.cache-9
71975ee79000-71975ee7a000 r--p 00000000 08:02 4728143                    /usr/lib/x86_64-linux-gnu/libXxf86vm.so.1.0.0
71975ee7a000-71975ee7d000 r-xp 00001000 08:02 4728143                    /usr/lib/x86_64-linux-gnu/libXxf86vm.so.1.0.0
71975ee7d000-71975ee7e000 r--p 00004000 08:02 4728143                    /usr/lib/x86_64-linux-gnu/libXxf86vm.so.1.0.0
71975ee7e000-71975ee7f000 r--p 00004000 08:02 4728143                    /usr/lib/x86_64-linux-gnu/libXxf86vm.so.1.0.0
71975ee7f000-71975ee80000 rw-p 00005000 08:02 4728143                    /usr/lib/x86_64-linux-gnu/libXxf86vm.so.1.0.0
71975ee80000-71975ee86000 r--p 00000000 08:02 3950049                    /usr/lib/x86_64-linux-gnu/libdrm.so.2.4.0
71975ee86000-71975ee92000 r-xp 00006000 08:02 3950049                    /usr/lib/x86_64-linux-gnu/libdrm.so.2.4.0
71975ee92000-71975ee96000 r--p 00012000 08:02 3950049                    /usr/lib/x86_64-linux-gnu/libdrm.so.2.4.0
71975ee96000-71975ee97000 r--p 00016000 08:02 3950049                    /usr/lib/x86_64-linux-gnu/libdrm.so.2.4.0
71975ee97000-71975ee98000 rw-p 00017000 08:02 3950049                    /usr/lib/x86_64-linux-gnu/libdrm.so.2.4.0
71975ee98000-71975eea5000 r--p 00000000 08:02 3951715                    /usr/lib/x86_64-linux-gnu/GL/default/lib/libglapi.so.0.0.0
71975eea5000-71975eeb3000 r-xp 0000d000 08:02 3951715                    /usr/lib/x86_64-linux-gnu/GL/default/lib/libglapi.so.0.0.0
71975eeb3000-71975eec7000 r--p 0001b000 08:02 3951715                    /usr/lib/x86_64-linux-gnu/GL/default/lib/libglapi.so.0.0.0
71975eec7000-71975eecb000 r--p 0002f000 08:02 3951715                    /usr/lib/x86_64-linux-gnu/GL/default/lib/libglapi.so.0.0.0
71975eecb000-71975eecc000 rw-p 00033000 08:02 3951715                    /usr/lib/x86_64-linux-gnu/GL/default/lib/libglapi.so.0.0.0
71975eecc000-71975eecf000 r--p 00000000 08:02 4728725                    /usr/lib/x86_64-linux-gnu/libGLX.so.0.0.0
71975eecf000-71975eeea000 r-xp 00003000 08:02 4728725                    /usr/lib/x86_64-linux-gnu/libGLX.so.0.0.0
71975eeea000-71975eeed000 r--p 0001e000 08:02 4728725                    /usr/lib/x86_64-linux-gnu/libGLX.so.0.0.0
71975eeed000-71975eeee000 r--p 00020000 08:02 4728725                    /usr/lib/x86_64-linux-gnu/libGLX.so.0.0.0
71975eeee000-71975eeef000 rw-p 00021000 08:02 4728725                    /usr/lib/x86_64-linux-gnu/libGLX.so.0.0.0
71975eeef000-71975eeff000 rw-p 00000000 00:00 0 
71975eeff000-71975ef00000 ---p 00000000 00:00 0 
71975ef00000-71975f000000 rw-p 00000000 00:00 0 
71975f000000-71975fca6000 rw-p 00001000 08:02 1190016                    /home/tars/.jdks/openjdk-21.0.2/lib/server/classes.jsa
71975fca6000-719760000000 ---p 00000000 00:00 0 
719760000000-719760030000 rw-p 00000000 00:00 0 
719760030000-7197600b0000 rw-p 00000000 00:00 0 
7197600b0000-7197600f0000 rw-p 00000000 00:00 0 
7197600f0000-719760330000 rw-p 00000000 00:00 0 
719760330000-719760340000 ---p 00000000 00:00 0 
719760340000-719760350000 rw-p 00000000 00:00 0 
719760350000-7197a0000000 ---p 00000000 00:00 0 
7197a0000000-7197a0021000 rw-p 00000000 00:00 0 
7197a0021000-7197a4000000 ---p 00000000 00:00 0 
7197a4000000-7197a4021000 rw-p 00000000 00:00 0 
7197a4021000-7197a8000000 ---p 00000000 00:00 0 
7197a8000000-7197a8021000 rw-p 00000000 00:00 0 
7197a8021000-7197ac000000 ---p 00000000 00:00 0 
7197ac000000-7197ac021000 rw-p 00000000 00:00 0 
7197ac021000-7197b0000000 ---p 00000000 00:00 0 
7197b0000000-7197b0021000 rw-p 00000000 00:00 0 
7197b0021000-7197b4000000 ---p 00000000 00:00 0 
7197b4000000-7197b4002000 r--p 00000000 08:02 4728697                    /usr/lib/x86_64-linux-gnu/libXfixes.so.3.1.0
7197b4002000-7197b4005000 r-xp 00002000 08:02 4728697                    /usr/lib/x86_64-linux-gnu/libXfixes.so.3.1.0
7197b4005000-7197b4006000 r--p 00005000 08:02 4728697                    /usr/lib/x86_64-linux-gnu/libXfixes.so.3.1.0
7197b4006000-7197b4007000 r--p 00005000 08:02 4728697                    /usr/lib/x86_64-linux-gnu/libXfixes.so.3.1.0
7197b4007000-7197b4008000 rw-p 00006000 08:02 4728697                    /usr/lib/x86_64-linux-gnu/libXfixes.so.3.1.0
7197b4008000-7197b400a000 r--p 00000000 08:02 3946732                    /usr/lib/x86_64-linux-gnu/libxcb-dri2.so.0.0.0
7197b400a000-7197b400c000 r-xp 00002000 08:02 3946732                    /usr/lib/x86_64-linux-gnu/libxcb-dri2.so.0.0.0
7197b400c000-7197b400d000 r--p 00004000 08:02 3946732                    /usr/lib/x86_64-linux-gnu/libxcb-dri2.so.0.0.0
7197b400d000-7197b400e000 r--p 00004000 08:02 3946732                    /usr/lib/x86_64-linux-gnu/libxcb-dri2.so.0.0.0
7197b400e000-7197b400f000 rw-p 00005000 08:02 3946732                    /usr/lib/x86_64-linux-gnu/libxcb-dri2.so.0.0.0
7197b400f000-7197b4010000 r--p 00000000 08:02 4728687                    /usr/lib/x86_64-linux-gnu/libX11-xcb.so.1.0.0
7197b4010000-7197b4011000 r-xp 00001000 08:02 4728687                    /usr/lib/x86_64-linux-gnu/libX11-xcb.so.1.0.0
7197b4011000-7197b4012000 r--p 00002000 08:02 4728687                    /usr/lib/x86_64-linux-gnu/libX11-xcb.so.1.0.0
7197b4012000-7197b4013000 r--p 00002000 08:02 4728687                    /usr/lib/x86_64-linux-gnu/libX11-xcb.so.1.0.0
7197b4013000-7197b4014000 rw-p 00003000 08:02 4728687                    /usr/lib/x86_64-linux-gnu/libX11-xcb.so.1.0.0
7197b4014000-7197b406c000 r--p 00000000 08:02 3953688                    /usr/share/runtime/locale/es/lib/es_CO.utf8/LC_CTYPE
7197b406c000-7197b406d000 ---p 00000000 00:00 0 
7197b406d000-7197b41ee000 rw-p 00000000 00:00 0 
7197b41ee000-7197b41ef000 ---p 00000000 00:00 0 
7197b41ef000-7197b42ef000 rw-p 00000000 00:00 0 
7197b42ef000-7197b42f0000 ---p 00000000 00:00 0 
7197b42f0000-7197b45d0000 rw-p 00000000 00:00 0 
7197b45d0000-7197b4750000 ---p 00000000 00:00 0 
7197b4750000-7197b4770000 rw-p 00000000 00:00 0 
7197b4770000-7197b4850000 ---p 00000000 00:00 0 
7197b4850000-7197b4860000 rw-p 00000000 00:00 0 
7197b4860000-7197b89f0000 ---p 00000000 00:00 0 
7197b89f0000-7197b8a00000 rw-p 00000000 00:00 0 
7197b8a00000-7197b9140000 rwxp 00000000 00:00 0 
7197b9140000-7197bff37000 ---p 00000000 00:00 0 
7197bff37000-7197c01a7000 rwxp 00000000 00:00 0 
7197c01a7000-7197c04c8000 ---p 00000000 00:00 0 
7197c04c8000-7197c0738000 rwxp 00000000 00:00 0 
7197c0738000-7197c7a00000 ---p 00000000 00:00 0 
7197c7a00000-7197cfecf000 r--s 00000000 08:02 1190007                    /home/tars/.jdks/openjdk-21.0.2/lib/modules
7197cfecf000-7197cfed1000 r--s 00000000 08:02 1086947                    /home/tars/.var/app/com.jetbrains.IntelliJ-IDEA-Community/cache/fontconfig/2c15b964dc7095bc30a4b7f5ba49e433-le64.cache-9
7197cfed1000-7197cfed3000 r--s 00000000 08:02 1086946                    /home/tars/.var/app/com.jetbrains.IntelliJ-IDEA-Community/cache/fontconfig/f458595079eccb276a92599de377ec67-le64.cache-9
7197cfed3000-7197cfee0000 r--p 00000000 08:02 4195307                    /usr/lib/x86_64-linux-gnu/libxcb.so.1.1.0
7197cfee0000-7197cfef4000 r-xp 0000d000 08:02 4195307                    /usr/lib/x86_64-linux-gnu/libxcb.so.1.1.0
7197cfef4000-7197cfefd000 r--p 00021000 08:02 4195307                    /usr/lib/x86_64-linux-gnu/libxcb.so.1.1.0
7197cfefd000-7197cfefe000 r--p 0002a000 08:02 4195307                    /usr/lib/x86_64-linux-gnu/libxcb.so.1.1.0
7197cfefe000-7197cfeff000 rw-p 0002b000 08:02 4195307                    /usr/lib/x86_64-linux-gnu/libxcb.so.1.1.0
7197cfeff000-7197d06a2000 rw-p 00000000 00:00 0 
7197d06a2000-7197d4000000 ---p 00000000 00:00 0 
7197d4000000-7197d4003000 r--p 00000000 08:02 3971542                    /usr/share/runtime/locale/es/share/es/LC_MESSAGES/at-spi2-core.mo
7197d4003000-7197d4004000 r--p 00000000 08:02 3945985                    /usr/lib/x86_64-linux-gnu/libXau.so.6.0.0
7197d4004000-7197d4006000 r-xp 00001000 08:02 3945985                    /usr/lib/x86_64-linux-gnu/libXau.so.6.0.0
7197d4006000-7197d4007000 r--p 00003000 08:02 3945985                    /usr/lib/x86_64-linux-gnu/libXau.so.6.0.0
7197d4007000-7197d4008000 r--p 00003000 08:02 3945985                    /usr/lib/x86_64-linux-gnu/libXau.so.6.0.0
7197d4008000-7197d4009000 rw-p 00004000 08:02 3945985                    /usr/lib/x86_64-linux-gnu/libXau.so.6.0.0
7197d4009000-7197d400a000 r--s 00000000 08:02 1086949                    /home/tars/.var/app/com.jetbrains.IntelliJ-IDEA-Community/cache/fontconfig/03a3974e20a7d4a4c13001180806a005-le64.cache-9
7197d400a000-7197d400b000 r--p 00000000 08:02 3944994                    /usr/lib/x86_64-linux-gnu/libwayland-egl.so.1.22.0
7197d400b000-7197d400c000 r-xp 00001000 08:02 3944994                    /usr/lib/x86_64-linux-gnu/libwayland-egl.so.1.22.0
7197d400c000-7197d400d000 r--p 00002000 08:02 3944994                    /usr/lib/x86_64-linux-gnu/libwayland-egl.so.1.22.0
7197d400d000-7197d400e000 r--p 00002000 08:02 3944994                    /usr/lib/x86_64-linux-gnu/libwayland-egl.so.1.22.0
7197d400e000-7197d400f000 rw-p 00003000 08:02 3944994                    /usr/lib/x86_64-linux-gnu/libwayland-egl.so.1.22.0
7197d400f000-7197d4011000 r--p 00000000 08:02 3945932                    /usr/lib/x86_64-linux-gnu/libgmodule-2.0.so.0.7600.6
7197d4011000-7197d4013000 r-xp 00002000 08:02 3945932                    /usr/lib/x86_64-linux-gnu/libgmodule-2.0.so.0.7600.6
7197d4013000-7197d4014000 r--p 00004000 08:02 3945932                    /usr/lib/x86_64-linux-gnu/libgmodule-2.0.so.0.7600.6
7197d4014000-7197d4015000 r--p 00004000 08:02 3945932                    /usr/lib/x86_64-linux-gnu/libgmodule-2.0.so.0.7600.6
7197d4015000-7197d4016000 rw-p 00005000 08:02 3945932                    /usr/lib/x86_64-linux-gnu/libgmodule-2.0.so.0.7600.6
7197d4016000-7197d4017000 rw-s 11b70e000 00:05 394                       /dev/dri/renderD128
7197d4017000-7197d63b6000 rw-p 00000000 00:00 0 
7197d63b6000-7197d63b7000 ---p 00000000 00:00 0 
7197d63b7000-7197d64b7000 rw-p 00000000 00:00 0 
7197d64b7000-7197d64b8000 ---p 00000000 00:00 0 
7197d64b8000-7197d65b8000 rw-p 00000000 00:00 0 
7197d65b8000-7197d65b9000 ---p 00000000 00:00 0 
7197d65b9000-7197d66f5000 rw-p 00000000 00:00 0 
7197d66f5000-7197d6725000 ---p 00000000 00:00 0 
7197d6725000-7197d6729000 rw-p 00000000 00:00 0 
7197d6729000-7197d6745000 ---p 00000000 00:00 0 
7197d6745000-7197d6747000 rw-p 00000000 00:00 0 
7197d6747000-7197d6f79000 ---p 00000000 00:00 0 
7197d6f79000-7197d6fb7000 rw-p 00000000 00:00 0 
7197d6fb7000-7197d6fe7000 ---p 00000000 00:00 0 
7197d6fe7000-7197d6feb000 rw-p 00000000 00:00 0 
7197d6feb000-7197d7007000 ---p 00000000 00:00 0 
7197d7007000-7197d7009000 rw-p 00000000 00:00 0 
7197d7009000-7197d783b000 ---p 00000000 00:00 0 
7197d783b000-7197d7c46000 rw-p 00000000 00:00 0 
7197d7c46000-7197d7d2c000 ---p 00000000 00:00 0 
7197d7d2c000-7197d7d3b000 rw-p 00000000 00:00 0 
7197d7d3b000-7197d7e17000 ---p 00000000 00:00 0 
7197d7e17000-7197d7e1b000 ---p 00000000 00:00 0 
7197d7e1b000-7197d7f17000 rw-p 00000000 00:00 0 
7197d7f17000-7197d7f27000 r--p 00000000 08:02 3951707                    /usr/lib/x86_64-linux-gnu/libm.so.6
7197d7f27000-7197d7fa3000 r-xp 00010000 08:02 3951707                    /usr/lib/x86_64-linux-gnu/libm.so.6
7197d7fa3000-7197d7ffe000 r--p 0008c000 08:02 3951707                    /usr/lib/x86_64-linux-gnu/libm.so.6
7197d7ffe000-7197d7fff000 r--p 000e6000 08:02 3951707                    /usr/lib/x86_64-linux-gnu/libm.so.6
7197d7fff000-7197d8000000 rw-p 000e7000 08:02 3951707                    /usr/lib/x86_64-linux-gnu/libm.so.6
7197d8000000-7197d9312000 r-xp 00000000 08:02 1190019                    /home/tars/.jdks/openjdk-21.0.2/lib/server/libjvm.so
7197d9312000-7197d9313000 ---p 01312000 08:02 1190019                    /home/tars/.jdks/openjdk-21.0.2/lib/server/libjvm.so
7197d9313000-7197d93e0000 r--p 01312000 08:02 1190019                    /home/tars/.jdks/openjdk-21.0.2/lib/server/libjvm.so
7197d93e0000-7197d940e000 rw-p 013df000 08:02 1190019                    /home/tars/.jdks/openjdk-21.0.2/lib/server/libjvm.so
7197d940e000-7197d9474000 rw-p 00000000 00:00 0 
7197d9474000-7197d9475000 rw-s 117e2e000 00:05 394                       /dev/dri/renderD128
7197d9475000-7197d947c000 r-xp 00000000 08:02 1190006                    /home/tars/.jdks/openjdk-21.0.2/lib/libzip.so
7197d947c000-7197d947d000 ---p 00007000 08:02 1190006                    /home/tars/.jdks/openjdk-21.0.2/lib/libzip.so
7197d947d000-7197d947e000 r--p 00007000 08:02 1190006                    /home/tars/.jdks/openjdk-21.0.2/lib/libzip.so
7197d947e000-7197d947f000 rw-p 00008000 08:02 1190006                    /home/tars/.jdks/openjdk-21.0.2/lib/libzip.so
7197d947f000-7197d948b000 r-xp 00000000 08:02 1189997                    /home/tars/.jdks/openjdk-21.0.2/lib/libnet.so
7197d948b000-7197d948c000 r--p 0000b000 08:02 1189997                    /home/tars/.jdks/openjdk-21.0.2/lib/libnet.so
7197d948c000-7197d948d000 rw-p 0000c000 08:02 1189997                    /home/tars/.jdks/openjdk-21.0.2/lib/libnet.so
7197d948d000-7197d94a1000 r-xp 00000000 08:02 1189998                    /home/tars/.jdks/openjdk-21.0.2/lib/libnio.so
7197d94a1000-7197d94a2000 r--p 00013000 08:02 1189998                    /home/tars/.jdks/openjdk-21.0.2/lib/libnio.so
7197d94a2000-7197d94a3000 rw-p 00014000 08:02 1189998                    /home/tars/.jdks/openjdk-21.0.2/lib/libnio.so
7197d94a3000-7197d94a4000 r--p 00000000 08:02 3949156                    /usr/share/runtime/locale/es/lib/es_CO.utf8/LC_NUMERIC
7197d94a4000-7197d94a5000 r--p 00000000 08:02 3971341                    /usr/share/runtime/locale/es/lib/es_CO.utf8/LC_TIME
7197d94a5000-7197d94a6000 r--p 00000000 08:02 3971441                    /usr/share/runtime/locale/es/lib/es_CO.utf8/LC_MONETARY
7197d94a6000-7197d94a7000 r--p 00000000 08:02 3971939                    /usr/share/runtime/locale/es/lib/es_CO.utf8/LC_MESSAGES/SYS_LC_MESSAGES
7197d94a7000-7197d94a8000 r--p 00000000 08:02 3952236                    /usr/share/runtime/locale/es/lib/es_CO.utf8/LC_PAPER
7197d94a8000-7197d94a9000 r--p 00000000 08:02 3950898                    /usr/share/runtime/locale/es/lib/es_CO.utf8/LC_NAME
7197d94a9000-7197d94aa000 r--p 00000000 08:02 3971444                    /usr/share/runtime/locale/es/lib/es_CO.utf8/LC_ADDRESS
7197d94aa000-7197d94b1000 r--s 00000000 08:02 3951888                    /usr/lib/x86_64-linux-gnu/gconv/gconv-modules.cache
7197d94b1000-7197d94dc000 rw-p 00000000 00:00 0 
7197d94dc000-7197d94e3000 ---p 00000000 00:00 0 
7197d94e3000-7197d9503000 r-xp 00000000 08:02 1189982                    /home/tars/.jdks/openjdk-21.0.2/lib/libjava.so
7197d9503000-7197d9504000 ---p 00020000 08:02 1189982                    /home/tars/.jdks/openjdk-21.0.2/lib/libjava.so
7197d9504000-7197d9505000 r--p 00020000 08:02 1189982                    /home/tars/.jdks/openjdk-21.0.2/lib/libjava.so
7197d9505000-7197d9506000 rw-p 00021000 08:02 1189982                    /home/tars/.jdks/openjdk-21.0.2/lib/libjava.so
7197d9506000-7197d9507000 rw-p 00000000 00:00 0 
7197d9507000-7197d9511000 r-xp 00000000 08:02 1189977                    /home/tars/.jdks/openjdk-21.0.2/lib/libinstrument.so
7197d9511000-7197d9512000 ---p 0000a000 08:02 1189977                    /home/tars/.jdks/openjdk-21.0.2/lib/libinstrument.so
7197d9512000-7197d9513000 r--p 0000a000 08:02 1189977                    /home/tars/.jdks/openjdk-21.0.2/lib/libinstrument.so
7197d9513000-7197d9514000 rw-p 0000b000 08:02 1189977                    /home/tars/.jdks/openjdk-21.0.2/lib/libinstrument.so
7197d9514000-7197d952f000 r-xp 00000000 08:02 1189986                    /home/tars/.jdks/openjdk-21.0.2/lib/libjimage.so
7197d952f000-7197d9530000 ---p 0001b000 08:02 1189986                    /home/tars/.jdks/openjdk-21.0.2/lib/libjimage.so
7197d9530000-7197d9532000 r--p 0001b000 08:02 1189986                    /home/tars/.jdks/openjdk-21.0.2/lib/libjimage.so
7197d9532000-7197d9533000 rw-p 0001d000 08:02 1189986                    /home/tars/.jdks/openjdk-21.0.2/lib/libjimage.so
7197d9533000-7197d9534000 r--p 00000000 08:02 3943658                    /usr/lib/x86_64-linux-gnu/librt.so.1
7197d9534000-7197d9535000 r-xp 00001000 08:02 3943658                    /usr/lib/x86_64-linux-gnu/librt.so.1
7197d9535000-7197d9536000 r--p 00002000 08:02 3943658                    /usr/lib/x86_64-linux-gnu/librt.so.1
7197d9536000-7197d9537000 r--p 00002000 08:02 3943658                    /usr/lib/x86_64-linux-gnu/librt.so.1
7197d9537000-7197d9538000 rw-p 00003000 08:02 3943658                    /usr/lib/x86_64-linux-gnu/librt.so.1
7197d9538000-7197d953a000 rw-p 00000000 00:00 0 
7197d953a000-7197d9560000 r--p 00000000 08:02 4728728                    /usr/lib/x86_64-linux-gnu/libc.so.6
7197d9560000-7197d96c6000 r-xp 00026000 08:02 4728728                    /usr/lib/x86_64-linux-gnu/libc.so.6
7197d96c6000-7197d9714000 r--p 0018c000 08:02 4728728                    /usr/lib/x86_64-linux-gnu/libc.so.6
7197d9714000-7197d9718000 r--p 001d9000 08:02 4728728                    /usr/lib/x86_64-linux-gnu/libc.so.6
7197d9718000-7197d971a000 rw-p 001dd000 08:02 4728728                    /usr/lib/x86_64-linux-gnu/libc.so.6
7197d971a000-7197d9727000 rw-p 00000000 00:00 0 
7197d9727000-7197d9728000 r--p 00000000 08:02 3950120                    /usr/lib/x86_64-linux-gnu/libdl.so.2
7197d9728000-7197d9729000 r-xp 00001000 08:02 3950120                    /usr/lib/x86_64-linux-gnu/libdl.so.2
7197d9729000-7197d972a000 r--p 00002000 08:02 3950120                    /usr/lib/x86_64-linux-gnu/libdl.so.2
7197d972a000-7197d972b000 r--p 00002000 08:02 3950120                    /usr/lib/x86_64-linux-gnu/libdl.so.2
7197d972b000-7197d972c000 rw-p 00003000 08:02 3950120                    /usr/lib/x86_64-linux-gnu/libdl.so.2
7197d972c000-7197d972d000 r--p 00000000 08:02 3947026                    /usr/lib/x86_64-linux-gnu/libpthread.so.0
7197d972d000-7197d972e000 r-xp 00001000 08:02 3947026                    /usr/lib/x86_64-linux-gnu/libpthread.so.0
7197d972e000-7197d972f000 r--p 00002000 08:02 3947026                    /usr/lib/x86_64-linux-gnu/libpthread.so.0
7197d972f000-7197d9730000 r--p 00002000 08:02 3947026                    /usr/lib/x86_64-linux-gnu/libpthread.so.0
7197d9730000-7197d9731000 rw-p 00003000 08:02 3947026                    /usr/lib/x86_64-linux-gnu/libpthread.so.0
7197d9731000-7197d973f000 r-xp 00000000 08:02 1189987                    /home/tars/.jdks/openjdk-21.0.2/lib/libjli.so
7197d973f000-7197d9740000 ---p 0000e000 08:02 1189987                    /home/tars/.jdks/openjdk-21.0.2/lib/libjli.so
7197d9740000-7197d9741000 r--p 0000e000 08:02 1189987                    /home/tars/.jdks/openjdk-21.0.2/lib/libjli.so
7197d9741000-7197d9742000 rw-p 0000f000 08:02 1189987                    /home/tars/.jdks/openjdk-21.0.2/lib/libjli.so
7197d9742000-7197d9745000 r--p 00000000 08:02 3953644                    /usr/lib/x86_64-linux-gnu/libz.so.1.3.1
7197d9745000-7197d9754000 r-xp 00003000 08:02 3953644                    /usr/lib/x86_64-linux-gnu/libz.so.1.3.1
7197d9754000-7197d975a000 r--p 00012000 08:02 3953644                    /usr/lib/x86_64-linux-gnu/libz.so.1.3.1
7197d975a000-7197d975b000 r--p 00018000 08:02 3953644                    /usr/lib/x86_64-linux-gnu/libz.so.1.3.1
7197d975b000-7197d975c000 rw-p 00019000 08:02 3953644                    /usr/lib/x86_64-linux-gnu/libz.so.1.3.1
7197d975c000-7197d975d000 r--p 00000000 08:02 3971348                    /usr/share/runtime/locale/es/lib/es_CO.utf8/LC_TELEPHONE
7197d975d000-7197d975e000 r--p 00000000 08:02 3946054                    /usr/share/runtime/locale/es/lib/es_CO.utf8/LC_MEASUREMENT
7197d975e000-7197d975f000 r--p 00000000 08:02 3971745                    /usr/share/runtime/locale/es/lib/es_CO.utf8/LC_IDENTIFICATION
7197d975f000-7197d9767000 rw-s 00000000 00:3b 510                        /tmp/hsperfdata_tars/344
7197d9767000-7197d9768000 ---p 00000000 00:00 0 
7197d9768000-7197d9769000 r--p 00000000 00:00 0 
7197d9769000-7197d976a000 ---p 00000000 00:00 0 
7197d976a000-7197d976c000 rw-p 00000000 00:00 0 
7197d976c000-7197d976d000 r--p 00000000 08:02 3949259                    /usr/lib/x86_64-linux-gnu/ld-linux-x86-64.so.2
7197d976d000-7197d9794000 r-xp 00001000 08:02 3949259                    /usr/lib/x86_64-linux-gnu/ld-linux-x86-64.so.2
7197d9794000-7197d979e000 r--p 00028000 08:02 3949259                    /usr/lib/x86_64-linux-gnu/ld-linux-x86-64.so.2
7197d979e000-7197d97a0000 r--p 00031000 08:02 3949259                    /usr/lib/x86_64-linux-gnu/ld-linux-x86-64.so.2
7197d97a0000-7197d97a2000 rw-p 00033000 08:02 3949259                    /usr/lib/x86_64-linux-gnu/ld-linux-x86-64.so.2
7ffe3c401000-7ffe3c423000 rw-p 00000000 00:00 0                          [stack]
7ffe3c519000-7ffe3c51d000 r--p 00000000 00:00 0                          [vvar]
7ffe3c51d000-7ffe3c51f000 r-xp 00000000 00:00 0                          [vdso]
ffffffffff600000-ffffffffff601000 --xp 00000000 00:00 0                  [vsyscall]
Total number of mappings: 912


VM Arguments:
jvm_args: -javaagent:/app/IDEA-C/lib/idea_rt.jar=35125:/app/IDEA-C/bin -Dfile.encoding=UTF-8 -Dsun.stdout.encoding=UTF-8 -Dsun.stderr.encoding=UTF-8 --module-path=/home/tars/.m2/repository/io/github/palexdev/virtualizedfx/11.9.6/virtualizedfx-11.9.6.jar:/home/tars/IdeaProjects/Tars01/target/classes:/home/tars/.m2/repository/io/github/palexdev/mfxcore/11.8.0/mfxcore-11.8.0.jar:/home/tars/.m2/repository/io/github/palexdev/materialfx/11.17.0/materialfx-11.17.0.jar:/home/tars/.m2/repository/io/github/palexdev/mfxeffects/11.3.0/mfxeffects-11.3.0.jar:/home/tars/.m2/repository/org/mindrot/jbcrypt/0.4/jbcrypt-0.4.jar:/home/tars/.m2/repository/io/github/palexdev/mfxlocalization/11.1.0/mfxlocalization-11.1.0.jar:/home/tars/.m2/repository/io/github/palexdev/mfxresources/11.9.1/mfxresources-11.9.1.jar:/home/tars/.m2/repository/org/openjfx/javafx-base/17.0.6/javafx-base-17.0.6-linux.jar:/home/tars/.m2/repository/org/openjfx/javafx-fxml/17.0.6/javafx-fxml-17.0.6-linux.jar:/home/tars/.m2/repository/org/openjfx/javafx-graphics/17.0.6/javafx-graphics-17.0.6-linux.jar:/home/tars/.m2/repository/org/openjfx/javafx-controls/17.0.6/javafx-controls-17.0.6-linux.jar -Djdk.module.main=com.example.tars01 
java_command: com.example.tars01/com.example.tars01.HelloApplication
java_class_path (initial): /home/tars/.m2/repository/org/openjfx/javafx-controls/17.0.6/javafx-controls-17.0.6.jar:/home/tars/.m2/repository/org/openjfx/javafx-graphics/17.0.6/javafx-graphics-17.0.6.jar:/home/tars/.m2/repository/org/openjfx/javafx-base/17.0.6/javafx-base-17.0.6.jar:/home/tars/.m2/repository/org/openjfx/javafx-fxml/17.0.6/javafx-fxml-17.0.6.jar:/home/tars/.m2/repository/org/xerial/sqlite-jdbc/3.36.0.1/sqlite-jdbc-3.36.0.1.jar
Launcher Type: SUN_STANDARD

[Global flags]
     intx CICompilerCount                          = 3                                         {product} {ergonomic}
     uint ConcGCThreads                            = 1                                         {product} {ergonomic}
     uint G1ConcRefinementThreads                  = 4                                         {product} {ergonomic}
   size_t G1HeapRegionSize                         = 4194304                                   {product} {ergonomic}
    uintx GCDrainStackTargetSize                   = 64                                        {product} {ergonomic}
   size_t InitialHeapSize                          = 297795584                                 {product} {ergonomic}
   size_t MarkStackSize                            = 4194304                                   {product} {ergonomic}
   size_t MaxHeapSize                              = 4701814784                                {product} {ergonomic}
   size_t MaxNewSize                               = 2818572288                                {product} {ergonomic}
   size_t MinHeapDeltaBytes                        = 4194304                                   {product} {ergonomic}
   size_t MinHeapSize                              = 8388608                                   {product} {ergonomic}
    uintx NonNMethodCodeHeapSize                   = 5832780                                {pd product} {ergonomic}
    uintx NonProfiledCodeHeapSize                  = 122912730                              {pd product} {ergonomic}
    uintx ProfiledCodeHeapSize                     = 122912730                              {pd product} {ergonomic}
    uintx ReservedCodeCacheSize                    = 251658240                              {pd product} {ergonomic}
     bool SegmentedCodeCache                       = true                                      {product} {ergonomic}
   size_t SoftMaxHeapSize                          = 4701814784                             {manageable} {ergonomic}
     bool UseCompressedOops                        = true                           {product lp64_product} {ergonomic}
     bool UseG1GC                                  = true                                      {product} {ergonomic}

Logging:
Log output configuration:
 #0: stdout all=warning uptime,level,tags foldmultilines=false
 #1: stderr all=off uptime,level,tags foldmultilines=false

Environment Variables:
JAVA_HOME=/usr/lib/jvm/java-17-oracle
PATH=/app/bin:/usr/bin:/home/tars/.var/app/com.jetbrains.IntelliJ-IDEA-Community/data/node/bin:/home/tars/.var/app/com.jetbrains.IntelliJ-IDEA-Community/data/cargo/bin:/home/tars/.var/app/com.jetbrains.IntelliJ-IDEA-Community/data/python/bin:/home/tars/.var/app/com.jetbrains.IntelliJ-IDEA-Community/data/gem/ruby/3.2.0/bin
USERNAME=tars
XDG_CACHE_HOME=/home/tars/.var/app/com.jetbrains.IntelliJ-IDEA-Community/cache
XDG_CONFIG_HOME=/home/tars/.var/app/com.jetbrains.IntelliJ-IDEA-Community/config
LD_LIBRARY_PATH=
SHELL=/bin/sh
DISPLAY=:0
LANG=es_CO.UTF-8
TMPDIR=/run/user/1000/app/com.jetbrains.IntelliJ-IDEA-Community

Active Locale:
LC_ALL=es_CO.UTF-8
LC_COLLATE=es_CO.UTF-8
LC_CTYPE=es_CO.UTF-8
LC_MESSAGES=es_CO.UTF-8
LC_MONETARY=es_CO.UTF-8
LC_NUMERIC=es_CO.UTF-8
LC_TIME=es_CO.UTF-8

Signal Handlers:
   SIGSEGV: crash_handler in libjvm.so, mask=11100100010111111101111111111110, flags=SA_RESTART|SA_SIGINFO, unblocked
    SIGBUS: crash_handler in libjvm.so, mask=11100100010111111101111111111110, flags=SA_RESTART|SA_SIGINFO, unblocked
    SIGFPE: crash_handler in libjvm.so, mask=11100100010111111101111111111110, flags=SA_RESTART|SA_SIGINFO, unblocked
   SIGPIPE: SIG_IGN, mask=00000000000010000000000000000000, flags=SA_RESTART, blocked
  *** Handler was modified!
  *** Expected: javaSignalHandler in libjvm.so, mask=11100100110111111111111111111110, flags=SA_RESTART|SA_SIGINFO
   SIGXFSZ: javaSignalHandler in libjvm.so, mask=11100100010111111101111111111110, flags=SA_RESTART|SA_SIGINFO, blocked
    SIGILL: crash_handler in libjvm.so, mask=11100100010111111101111111111110, flags=SA_RESTART|SA_SIGINFO, unblocked
   SIGUSR2: SR_handler in libjvm.so, mask=00100000000000000000000000000000, flags=SA_RESTART|SA_SIGINFO, blocked
    SIGHUP: UserHandler in libjvm.so, mask=11100100010111111101111111111110, flags=SA_RESTART|SA_SIGINFO, blocked
    SIGINT: UserHandler in libjvm.so, mask=11100100010111111101111111111110, flags=SA_RESTART|SA_SIGINFO, blocked
   SIGTERM: UserHandler in libjvm.so, mask=11100100010111111101111111111110, flags=SA_RESTART|SA_SIGINFO, blocked
   SIGQUIT: UserHandler in libjvm.so, mask=11100100010111111101111111111110, flags=SA_RESTART|SA_SIGINFO, blocked
   SIGTRAP: crash_handler in libjvm.so, mask=11100100010111111101111111111110, flags=SA_RESTART|SA_SIGINFO, unblocked


Periodic native trim disabled

---------------  S Y S T E M  ---------------

OS:
NAME="Freedesktop SDK"
VERSION="23.08 (Flatpak runtime)"
VERSION_ID=23.08
ID=org.freedesktop.platform
PRETTY_NAME="Freedesktop SDK 23.08 (Flatpak runtime)"
BUG_REPORT_URL=https://gitlab.com/freedesktop-sdk/freedesktop-sdk/issues
uname: Linux 6.5.0-28-generic #29~22.04.1-Ubuntu SMP PREEMPT_DYNAMIC Thu Apr  4 14:39:20 UTC 2 x86_64
OS uptime: 0 days 1:30 hours
libc: glibc 2.38 NPTL 2.38 
rlimit (soft/hard): STACK 8192k/infinity , CORE 0k/infinity , NPROC 71192/71192 , NOFILE 1048576/1048576 , AS infinity/infinity , CPU infinity/infinity , DATA infinity/infinity , FSIZE infinity/infinity , MEMLOCK 2294312k/2294312k
load average: 1,99 1,51 1,10

/proc/meminfo:
MemTotal:       18354512 kB
MemFree:        11097484 kB
MemAvailable:   14195088 kB
Buffers:          169772 kB
Cached:          3217816 kB
SwapCached:            0 kB
Active:          4953804 kB
Inactive:        1539396 kB
Active(anon):    3200504 kB
Inactive(anon):        0 kB
Active(file):    1753300 kB
Inactive(file):  1539396 kB
Unevictable:          48 kB
Mlocked:              48 kB
SwapTotal:       2097148 kB
SwapFree:        2097148 kB
Zswap:                 0 kB
Zswapped:              0 kB
Dirty:               252 kB
Writeback:             0 kB
AnonPages:       3106112 kB
Mapped:          1274980 kB
Shmem:             94672 kB
KReclaimable:     151876 kB
Slab:             286712 kB
SReclaimable:     151876 kB
SUnreclaim:       134836 kB
KernelStack:       14496 kB
PageTables:        36212 kB
SecPageTables:         0 kB
NFS_Unstable:          0 kB
Bounce:                0 kB
WritebackTmp:          0 kB
CommitLimit:    11274404 kB
Committed_AS:    9947904 kB
VmallocTotal:   34359738367 kB
VmallocUsed:      189312 kB
VmallocChunk:          0 kB
Percpu:            13632 kB
HardwareCorrupted:     0 kB
AnonHugePages:         0 kB
ShmemHugePages:        0 kB
ShmemPmdMapped:        0 kB
FileHugePages:         0 kB
FilePmdMapped:         0 kB
Unaccepted:            0 kB
HugePages_Total:       0
HugePages_Free:        0
HugePages_Rsvd:        0
HugePages_Surp:        0
Hugepagesize:       2048 kB
Hugetlb:               0 kB
DirectMap4k:      363280 kB
DirectMap2M:     9023488 kB
DirectMap1G:    10485760 kB

/sys/kernel/mm/transparent_hugepage/enabled: <Not Available>
/sys/kernel/mm/transparent_hugepage/defrag (defrag/compaction efforts parameter): <Not Available>

Process Memory:
Virtual Size: 8637624K (peak: 8638988K)
Resident Set Size: 243564K (peak: 291356K) (anon: 146280K, file: 84972K, shmem: 12312K)
Swapped out: 0K
C-Heap outstanding allocations: 50189K, retained: 19290K
glibc malloc tunables: (default)

/proc/sys/kernel/threads-max (system-wide limit on the number of threads): 142385
/proc/sys/vm/max_map_count (maximum number of memory map areas a process may have): 65530
/proc/sys/kernel/pid_max (system-wide limit on number of process identifiers): 4194304

container information not found.
Steal ticks since vm start: 0
Steal ticks percentage since vm start:  0,000

CPU: total 16 (initial active 4) (4 cores per cpu, 2 threads per core) family 23 model 24 stepping 1 microcode 0x8108109, cx8, cmov, fxsr, ht, mmx, 3dnowpref, sse, sse2, sse3, ssse3, sse4a, sse4.1, sse4.2, popcnt, lzcnt, tsc, tscinvbit, avx, avx2, aes, clmul, bmi1, bmi2, adx, sha, fma, vzeroupper, clflush, clflushopt, rdtscp, f16c
CPU Model and flags from /proc/cpuinfo:
model name	: AMD Ryzen 3 3200U with Radeon Vega Mobile Gfx
flags		: fpu vme de pse tsc msr pae mce cx8 apic sep mtrr pge mca cmov pat pse36 clflush mmx fxsr sse sse2 ht syscall nx mmxext fxsr_opt pdpe1gb rdtscp lm constant_tsc rep_good nopl nonstop_tsc cpuid extd_apicid aperfmperf rapl pni pclmulqdq monitor ssse3 fma cx16 sse4_1 sse4_2 movbe popcnt aes xsave avx f16c rdrand lahf_lm cmp_legacy svm extapic cr8_legacy abm sse4a misalignsse 3dnowprefetch osvw skinit wdt tce topoext perfctr_core perfctr_nb bpext perfctr_llc mwaitx cpb hw_pstate ssbd ibpb vmmcall fsgsbase bmi1 avx2 smep bmi2 rdseed adx smap clflushopt sha_ni xsaveopt xsavec xgetbv1 clzero irperf xsaveerptr arat npt lbrv svm_lock nrip_save tsc_scale vmcb_clean flushbyasid decodeassists pausefilter pfthreshold avic v_vmsave_vmload vgif overflow_recov succor smca sev sev_es

Online cpus: 0-3
Offline cpus: 4-15
BIOS frequency limitation: 2600000
Frequency switch latency (ns): 0
Available cpu frequencies: 2600000 1700000 1400000 
Current governor: schedutil
Core performance/turbo boost: 1

Memory: 4k page, physical 18354512k(14195088k free), swap 2097148k(2097148k free)
Page Sizes: 4k

vm_info: OpenJDK 64-Bit Server VM (21.0.2+13-58) for linux-amd64 JRE (21.0.2+13-58), built on 2024-01-05T18:32:24Z by "mach5one" with gcc 11.2.0

END.
